latent.est,latent.errors,IPW.est,IPW.errors,linear,match,nieve
0.56140961359513,0.0385903864048701,0.750705619110027,0.150705619110027,0.238425137137387,0.144914832460938,0.301661509924518
0.600346643206721,0.000346643206721287,0.73323815574177,0.13323815574177,0.244706212433901,0.127469546325811,0.351534941746176
0.491882321131865,0.108117678868135,0.67844689817109,0.0784468981710901,0.183455978342158,0.0835785946820561,0.282406793244645
0.532724950484807,0.067275049515193,0.705449211004534,0.105449211004534,0.212721980093197,0.109266583277186,0.330790235117581
0.504965484951658,0.0950345150483419,0.687200796535398,0.087200796535398,0.181757643020241,0.0630872549170417,0.291734287891481
0.511172344321131,0.088827655678869,0.664448117114366,0.0644481171143662,0.170048924079448,0.141218409566444,0.262512201446103
0.578501427366217,0.0214985726337833,0.805068011561793,0.205068011561793,0.247451335452524,0.161042033091942,0.350182815028581
0.573234416264391,0.0267655837356091,0.717708505317342,0.117708505317342,0.229045766159447,0.151680102136495,0.310849499311668
0.519676968632251,0.0803230313677494,0.72237283613441,0.12237283613441,0.220569376824618,0.0846324939019339,0.3239607100973
0.548567307843027,0.0514326921569729,0.734121679412996,0.134121679412996,0.231154940634165,0.148283134438195,0.305327500882406
0.510091898998804,0.0899081010011963,0.676164156932378,0.0761641569323779,0.190025590219272,0.0865507962661803,0.264663152813133
0.535636313440038,0.0643636865599616,0.701243721278411,0.101243721278411,0.210967352903477,0.11624959392792,0.327292130996556
0.528529661156168,0.0714703388438316,0.750197447583608,0.150197447583608,0.242685571534744,0.158625212185813,0.344868693537197
0.527995221821981,0.0720047781780194,0.664046199758645,0.064046199758645,0.174684500887553,0.0799349082862149,0.304896620825694
0.492845840813381,0.107154159186619,0.692771867160124,0.0927718671601242,0.167445263856503,0.0951339743651649,0.236856715162998
0.492930867941147,0.107069132058853,0.684239059053319,0.0842390590533186,0.255863820665138,0.0611897236680623,0.311541196451392
0.562407793587263,0.0375922064127365,0.750791432818608,0.150791432818608,0.247038822681406,0.166071594905044,0.319876573694157
0.555570784941117,0.0444292150588826,0.72207321915482,0.122073219154821,0.225395308228236,0.158068256884454,0.285467509051387
0.503196279592105,0.0968037204078953,0.66323888743506,0.06323888743506,0.186350016317212,0.0582367286642498,0.26527452168519
0.52480576526631,0.0751942347336896,0.69962460422235,0.0996246042223499,0.218295876875711,0.112047787835326,0.27583985299013
0.531457586278244,0.0685424137217564,0.689366286183054,0.0893662861830541,0.176316593088405,0.0785537264971392,0.272146619733561
0.397656304018902,0.202343695981098,0.590843194274483,0.00915680572551669,0.146998343043231,0.00816121920336266,0.244908434572431
0.532684426486377,0.0673155735136226,0.732788661686219,0.132788661686219,0.23889909558535,0.115455656860973,0.312330233895682
0.428015220177319,0.171984779822681,0.634462176013772,0.0344621760137717,0.1188526922522,0.0482158217768069,0.207326057491895
0.529736353288118,0.0702636467118823,0.669587702342496,0.0695877023424963,0.190531839991973,0.0859840204590137,0.257756526288588
0.539357333022528,0.0606426669774724,0.677308612134623,0.0773086121346233,0.195043341231496,0.11141926895608,0.283999725365139
0.514034341383242,0.0859656586167576,0.71300103282305,0.11300103282305,0.215863294239154,0.0916614886715559,0.306645375533828
0.536072104034274,0.0639278959657265,0.695461222752304,0.0954612227523041,0.21788460642014,0.0688790299442605,0.325638525428842
0.587967172419967,0.0120328275800329,0.731476742803528,0.131476742803529,0.287724639932796,0.141354233995373,0.377468674700063
0.492422606086825,0.107577393913175,0.707182127114995,0.107182127114995,0.240797207202587,0.0956818584915555,0.308499833021814
0.444904060818774,0.155095939181226,0.66777284259022,0.0677728425902202,0.173790346991157,0.0755753905436869,0.241810038930123
0.445458007438401,0.154541992561599,0.645134305625335,0.0451343056253347,0.145286028369653,0.000440987475414212,0.249344163569775
0.517600393663669,0.0823996063363309,0.709359393566687,0.109359393566687,0.214051376124075,0.118566146431895,0.30745104912243
0.494993412479391,0.105006587520609,0.752091107416565,0.152091107416566,0.270525916655047,0.120400857932477,0.316173699058035
0.509373240949033,0.0906267590509671,0.680993035029925,0.0809930350299254,0.200655962496646,0.0551428991219157,0.302051698303864
0.587219454038683,0.0127805459613173,0.727720656623068,0.127720656623068,0.280762963136544,0.111133504236133,0.341550942955862
0.521390406836381,0.0786095931636193,0.713240871095843,0.113240871095843,0.192827950740204,0.0937891941141322,0.295045375036145
0.414109403103046,0.185890596896954,0.573802348919348,0.0261976510806515,0.135792177998453,1.39533807475001E-05,0.240275162473396
0.494951069405955,0.105048930594045,0.650837223235467,0.0508372232354671,0.158740093377252,0.0850093092228604,0.280910865684028
0.578590154014672,0.0214098459853279,0.743454970726624,0.143454970726624,0.266177975862231,0.151722581261942,0.363233016768039
0.48617785734679,0.11382214265321,0.624087580997331,0.0240875809973308,0.130996296125586,0.0324473060643947,0.281402481376527
0.585803926413363,0.0141960735866367,0.755559375179214,0.155559375179214,0.247064230908959,0.145285306074057,0.338097415351027
0.549921282269823,0.0500787177301768,0.758360667499171,0.158360667499171,0.279752115878472,0.163567846906602,0.357903594000339
0.481597639013351,0.118402360986649,0.60989595882742,0.00989595882741978,0.186444179497751,0.0392532939568377,0.295685601998249
0.476783971042455,0.123216028957545,0.697413569519207,0.0974135695192074,0.218221032871581,0.0582244750392945,0.311582161347615
0.500622443815193,0.0993775561848074,0.692285693313895,0.0922856933138946,0.170425802012024,0.108510691078806,0.28258571729093
0.509978985443111,0.0900210145568887,0.6551690121605,0.0551690121605004,0.132846557421328,0.0501163803644951,0.2268647121154
0.596161637753705,0.00383836224629486,0.764674683975217,0.164674683975217,0.265781088175594,0.167957919435751,0.343586519249407
0.519228135337336,0.0807718646626643,0.745586395689675,0.145586395689675,0.196802542423754,0.141815431953375,0.280334120673546
0.592658352390494,0.0073416476095064,0.765956133295237,0.165956133295237,0.240969346826886,0.194969659963791,0.322511575093386
0.586986896583562,0.0130131034164379,0.735139125593799,0.135139125593799,0.254904782732585,0.134822361724946,0.36148283683094
0.480488574081714,0.119511425918286,0.629615222399212,0.0296152223992115,0.140916932608288,0.0818683798983171,0.260801203431741
0.443463582744899,0.156536417255101,0.626663138327386,0.0266631383273859,0.116492154553541,0.00878010182375666,0.217546642329041
0.409913443690937,0.190086556309063,0.5514361671787,0.0485638328212995,0.13884981898923,0.00851792719621558,0.252581862636741
0.526670700548428,0.0733292994515721,0.706025279278459,0.106025279278459,0.202106351778982,0.0775206730617952,0.313346546642361
0.511396196731137,0.0886038032688632,0.698755677403294,0.0987556774032939,0.196416921200438,0.0942747100366536,0.306517356329442
0.453459151684836,0.146540848315164,0.66984063831643,0.0698406383164298,0.137837421441363,0.0506310823416031,0.262852572912573
0.557062848247158,0.0429371517528415,0.736987293306717,0.136987293306717,0.252533713642565,0.127379246248357,0.378454389908373
0.551286560835883,0.0487134391641173,0.714240330814104,0.114240330814104,0.227376854711237,0.113185132062161,0.325619691954946
0.47987219538554,0.12012780461446,0.650346454238532,0.0503464542385316,0.166475187581372,0.0409829833886788,0.281196928704068
0.569797238348296,0.0302027616517038,0.745711282316926,0.145711282316926,0.286218495608495,0.187460260115757,0.361193314323739
0.460977711389341,0.139022288610659,0.645512651354493,0.0455126513544933,0.176920614189765,0.0463158220172242,0.265329053047842
0.528757092324403,0.071242907675597,0.730483876278504,0.130483876278504,0.212338926278832,0.137452759753824,0.300957832747794
0.566986123728013,0.0330138762719865,0.71925562660555,0.11925562660555,0.214400397020483,0.138056617575305,0.323207379177699
0.577609116500307,0.022390883499693,0.785204931314382,0.185204931314382,0.267003146505455,0.195531606968401,0.318618142494112
0.514279864036405,0.0857201359635954,0.705392273386286,0.105392273386286,0.18428526107616,0.129400935573225,0.287528571462122
0.53679539725406,0.0632046027459402,0.673664642485225,0.0736646424852246,0.148399466456189,0.0567168261389596,0.2606366229868
0.567747310987353,0.0322526890126466,0.744371759866867,0.144371759866867,0.264874290939939,0.135688434126607,0.33764865110726
0.527880645783168,0.0721193542168319,0.68521748926591,0.0852174892659103,0.192650413808251,0.109588213515937,0.292212147319736
0.482255091946207,0.117744908053793,0.604764044350514,0.00476404435051414,0.141723526191487,0.0401732883642103,0.252693368828543
0.533041044348645,0.0669589556513552,0.732728449471321,0.132728449471321,0.228859887555499,0.0934925118520592,0.293652920156157
0.564289155962171,0.0357108440378285,0.711755036207674,0.111755036207674,0.242676674145113,0.117211060746033,0.315301876177851
0.52664116257978,0.07335883742022,0.694400679272418,0.0944006792724178,0.220125324615068,0.116752663956419,0.2861367344034
0.55282154722352,0.0471784527764801,0.776829413129647,0.176829413129647,0.264878649617039,0.202906859549042,0.291017529277855
0.489280724356272,0.110719275643728,0.662946549524416,0.0629465495244158,0.17222953700607,0.0868912337615095,0.274395677991396
0.57972879086153,0.02027120913847,0.725420431905624,0.125420431905624,0.261279557252056,0.179495325572785,0.327610333447265
0.522773827767809,0.0772261722321906,0.691106281355353,0.0911062813553529,0.172388327719788,0.0974145200865146,0.275848059279877
0.549789172235453,0.0502108277645467,0.701997637855806,0.101997637855806,0.204078870344213,0.108984572078261,0.30695691814638
0.559091098628228,0.0409089013717721,0.75058204791653,0.15058204791653,0.2364261645994,0.174140352179224,0.327886353370178
0.505975073803599,0.094024926196401,0.695013148662425,0.0950131486624255,0.217373852318961,0.0864813311826891,0.309204243359096
0.468488065363106,0.131511934636894,0.599781151012549,0.000218848987451281,0.137479953851368,0.0240487337584632,0.207747439731028
0.415898163425683,0.184101836574317,0.562080113555629,0.0379198864443713,0.11956953088361,0.0672818392102835,0.232561509915152
0.433437094494989,0.166562905505011,0.617857273442072,0.0178572734420723,0.166558333817291,0.124531293603657,0.281990367510459
0.449111733674016,0.150888266325984,0.663348200662626,0.0633482006626258,0.129102867340112,0.0502940248526964,0.248350027218304
0.551158515959365,0.0488414840406345,0.681315747223557,0.0813157472235566,0.129957826385124,0.11442646062589,0.221082552161133
0.488357067546794,0.111642932453206,0.666084989974645,0.066084989974645,0.164633311763741,0.0655265548875337,0.265524192851896
0.570986471622104,0.0290135283778958,0.711679495733189,0.111679495733189,0.222596210265739,0.157266414326012,0.334359688816265
0.547023715923107,0.0529762840768934,0.699474484828066,0.099474484828066,0.214627289588076,0.104908989467093,0.282021095072779
0.491672271779235,0.108327728220765,0.653138587233932,0.0531385872339323,0.171109489617101,0.0866274671112942,0.265300545459976
0.519804174752643,0.0801958252473574,0.700707581500298,0.100707581500298,0.181934912632752,0.117279078918265,0.278901375272868
0.536362149273214,0.0636378507267864,0.706772939742284,0.106772939742284,0.161383339658682,0.124848735563489,0.275190357680857
0.592919968620548,0.00708003137945223,0.775678449776095,0.175678449776095,0.275257168927164,0.220524707822557,0.357458594048311
0.440592007762784,0.159407992237216,0.640310087142801,0.0403100871428015,0.135404400292982,0.0248386402954349,0.260362555546864
0.526719659637633,0.0732803403623666,0.712359191190903,0.112359191190903,0.208688132741598,0.057732562957708,0.272015265442634
0.515740693748902,0.0842593062510981,0.678609715630042,0.0786097156300417,0.201147551373779,0.120568561794649,0.283283776200012
0.561894685003456,0.0381053149965439,0.66174306590445,0.0617430659044502,0.226005450547084,0.038942969872614,0.330569669928518
0.510449552491125,0.0895504475088748,0.676938749927923,0.0769387499279235,0.201471211655286,0.0724325483724945,0.289672870777286
0.510121281476577,0.0898787185234233,0.682048757426298,0.0820487574262977,0.176311990965318,0.115450356777391,0.289063297915229
0.45546846673671,0.14453153326329,0.651597251657848,0.0515972516578481,0.112501538321911,0.0903243128455142,0.218632139753167
0.587326458454513,0.0126735415454867,0.753819497832175,0.153819497832175,0.283569570392042,0.1451038444847,0.34792034502833
0.589245653057186,0.0107543469428142,0.758210901964816,0.158210901964816,0.257952357084966,0.152521346006305,0.370481222312906
0.520971403209305,0.0790285967906951,0.701725494409801,0.101725494409801,0.234667545489191,0.137315792858051,0.295642076466637
0.554504432074514,0.0454955679254859,0.703826920544203,0.103826920544203,0.192638697164412,0.134218776691354,0.282611827414823
0.514070766295987,0.0859292337040125,0.687513280351863,0.0875132803518632,0.206146316350361,0.0974822868362575,0.291205418605132
0.552666931975305,0.0473330680246951,0.738742839697836,0.138742839697836,0.220368773571126,0.108147945681356,0.300307918099388
0.424322892753811,0.175677107246189,0.597952231555066,0.00204776844493415,0.0932963591846573,0.00242901172958798,0.19892237575284
0.472895604083188,0.127104395916812,0.700475119142215,0.100475119142215,0.153614074922754,0.100852863164047,0.258129510270595
0.522597687634639,0.0774023123653614,0.741821612324525,0.141821612324525,0.211205600585001,0.145362431817876,0.270019810674513
0.548200950313594,0.0517990496864059,0.688558287520237,0.0885582875202369,0.202058876422357,0.0796225087546127,0.306857534334934
0.464572660099443,0.135427339900557,0.665562841452142,0.0655628414521424,0.135873292946445,0.0708247947306059,0.234257518118497
0.477094389192413,0.122905610807587,0.617340923497545,0.0173409234975447,0.112103938431315,0.0405246994122872,0.19571593120917
0.517752235612285,0.0822477643877145,0.685833588673167,0.0858335886731668,0.206119809131342,0.0990413622302724,0.266948880750095
0.568692286268485,0.0313077137315152,0.731629068850562,0.131629068850562,0.227026299289356,0.138320249621353,0.32220824942588
0.509178662447877,0.0908213375521227,0.682995750355596,0.0829957503555959,0.138376200977398,0.0610627999232277,0.224765821490463
0.548386000364801,0.0516139996351993,0.737765181902111,0.137765181902112,0.213113027061778,0.152559173747675,0.306014061624436
0.569888297180364,0.0301117028196364,0.725325519838749,0.125325519838749,0.19949793059621,0.09131293067897,0.304376533050424
0.600194256320535,0.000194256320535269,0.740721109613097,0.140721109613097,0.279469956208521,0.15634392455018,0.321022796613052
0.5224075756257,0.0775924243742997,0.756154283729826,0.156154283729826,0.235730299985388,0.139283914121838,0.327701288866392
0.467724500883372,0.132275499116628,0.613294008153602,0.0132940081536018,0.147302525574397,0.0131276266053578,0.246546426595377
0.506507886558313,0.0934921134416872,0.680258277644536,0.0802582776445364,0.188883564820329,0.0998400801316628,0.282579167723486
0.480806125669541,0.119193874330459,0.681098766764543,0.0810987667645434,0.187924439470069,0.0612395882744465,0.282506118461105
0.524267558082534,0.0757324419174663,0.711585885859259,0.111585885859259,0.176113404013879,0.113359084986386,0.299707151040487
0.52624630304007,0.0737536969599297,0.734631969566342,0.134631969566342,0.213237309159279,0.116907613070778,0.323317862751776
0.456649741286599,0.143350258713401,0.643615822939398,0.0436158229393981,0.120943220525258,0.071819707927391,0.23246781740374
0.56490986316918,0.0350901368308204,0.689835674189113,0.0898356741891126,0.229740298388391,0.116827916527789,0.300625869400004
0.472034465432764,0.127965534567236,0.6548206782168,0.0548206782168001,0.145125186896764,0.109276589363911,0.252357061729265
0.537024746638005,0.0629752533619946,0.667492916279435,0.0674929162794354,0.190132122008744,0.033305280903305,0.258128671831268
0.532174390437945,0.0678256095620551,0.714139730089579,0.114139730089579,0.237251000721284,0.156632025048886,0.325880574627028
0.520763488357244,0.079236511642756,0.74460853000271,0.14460853000271,0.268211626964278,0.145614253561414,0.33259399997748
0.537645548003212,0.0623544519967882,0.68972627187828,0.0897262718782803,0.229844736283344,0.136220151190396,0.318604964211048
0.538165276423222,0.0618347235767776,0.699671724454086,0.0996717244540858,0.204645239983629,0.106473633907288,0.323518157020696
0.572716284080463,0.027283715919537,0.7028356399074,0.1028356399074,0.206316929374472,0.081552814229413,0.305599962153034
0.546925426956533,0.0530745730434669,0.710474351570827,0.110474351570827,0.20083304555915,0.144120022777862,0.298647699317624
0.511673930227463,0.0883260697725374,0.712385059257097,0.112385059257097,0.213619227460106,0.0983226186940533,0.267084275137471
0.550882877378352,0.0491171226216485,0.717419006651925,0.117419006651925,0.187541164582832,0.127279636861126,0.308138333774116
0.528814757042899,0.0711852429571007,0.744547900463212,0.144547900463212,0.193077655960783,0.0871204350871818,0.337887490156765
0.58895405441305,0.0110459455869502,0.787900826574835,0.187900826574835,0.228038972560911,0.206647706890652,0.308809195717861
0.564162424729094,0.0358375752709065,0.617873614246875,0.0178736142468748,0.174785199481979,0.0640702564181539,0.291577119747616
0.542336311895924,0.057663688104076,0.739199267932256,0.139199267932256,0.255329520576659,0.13490726368219,0.311394142713129
0.539331679741957,0.0606683202580429,0.687336812536627,0.0873368125366268,0.181224176656281,0.130328944917224,0.299946086039283
0.506523276937075,0.0934767230629253,0.685899809543179,0.0858998095431788,0.179450572626564,0.0993861640628755,0.272520483337346
0.422032931935035,0.177967068064965,0.616106196495429,0.0161061964954292,0.10562507416115,0.0345331668309741,0.244912619218874
0.513747720169004,0.086252279830996,0.668705273529283,0.0687052735292831,0.184634667187443,0.0819481389679002,0.289627518239215
0.527454834285725,0.0725451657142747,0.64944136843876,0.0494413684387598,0.150928298646561,0.0567238702223367,0.232573466796682
0.439836438114136,0.160163561885864,0.624658817735017,0.0246588177350174,0.163215817157811,0.0435853849564806,0.211647401342311
0.585766823811229,0.0142331761887711,0.740735811568733,0.140735811568733,0.274306680387576,0.127781973463629,0.37283061190968
0.549964948848126,0.0500350511518742,0.72151386553865,0.121513865538651,0.214275995442892,0.112042575601057,0.284650027728643
0.558036519472826,0.0419634805271738,0.726421904337858,0.126421904337858,0.237881247146089,0.178373077331031,0.32854860392395
0.475012880894275,0.124987119105725,0.573758546417562,0.0262414535824381,0.135769384837992,0.0200183959291942,0.248283808583414
0.401192277023922,0.198807722976078,0.590850147302166,0.00914985269783419,0.125699008643912,0.0103040403654732,0.219903720179995
0.505451466383383,0.0945485336166171,0.710956131834836,0.110956131834836,0.196962344857087,0.0864851641215462,0.26160445745743
0.618858282800293,0.0188582828002928,0.797728905922082,0.197728905922082,0.28907595868204,0.186657805821426,0.352861018769849
0.584840914961102,0.0151590850388984,0.784449491285373,0.184449491285373,0.24850761050438,0.169618276395973,0.329964242553653
0.528778174610846,0.0712218253891537,0.65616518543416,0.0561651854341596,0.156456464789458,0.0605929743024045,0.27142542438239
0.509568240657845,0.0904317593421554,0.671536361236114,0.0715363612361143,0.144054588376639,0.0954436212489771,0.245785821776179
0.614240742688507,0.0142407426885075,0.745930413142995,0.145930413142995,0.292280138944805,0.157955314249875,0.344951187676725
0.533118062572005,0.066881937427995,0.71485489090629,0.11485489090629,0.212301766863004,0.120292001757704,0.271869943203337
0.528356721771632,0.0716432782283681,0.661592437860662,0.0615924378606625,0.151937867763393,0.0890364179680783,0.247426491655687
0.491684849845933,0.108315150154067,0.673959362806848,0.0739593628068483,0.228418098230808,0.0853649982692314,0.270522602946034
0.473384211482605,0.126615788517395,0.659816362663994,0.0598163626639936,0.171174044546565,0.0742352951884261,0.265824304392847
0.561180247917393,0.0388197520826069,0.712196240253404,0.112196240253404,0.165077276344927,0.145176497742621,0.28924987894986
0.556125583458509,0.0438744165414905,0.742622959835187,0.142622959835187,0.228149898023824,0.13720273835472,0.308807491655711
0.623800241631145,0.0238002416311452,0.810961708569467,0.210961708569467,0.277704569860378,0.243168544890826,0.388242867432648
0.543829818019898,0.0561701819801015,0.708708770778017,0.108708770778017,0.206879248425041,0.117867894390058,0.2948626324425
0.542629022031565,0.0573709779684347,0.702943166021351,0.102943166021351,0.235319728217043,0.102438451314171,0.304039716608229
0.536307676327132,0.0636923236728681,0.678383441910962,0.078383441910962,0.199025611624412,0.0721883744294985,0.304491292943788
0.518035083653979,0.0819649163460209,0.713669804275614,0.113669804275614,0.240147977761331,0.115160427420058,0.317973934181111
0.634749675381551,0.0347496753815507,0.774452072742429,0.174452072742429,0.29251299359261,0.179053963673143,0.415908517379411
0.538754340219522,0.0612456597804785,0.704514839905995,0.104514839905995,0.211146046943562,0.0829503296711844,0.279928703564205
0.522824066733328,0.0771759332666724,0.66061130029141,0.0606113002914102,0.193904760126207,0.0436548710810561,0.296932811567692
0.470507414370976,0.129492585629024,0.619177395622843,0.0191773956228433,0.16078950638223,0.0297248007326536,0.233900517179965
0.486468239123015,0.113531760876985,0.625121365703103,0.0251213657031034,0.11636043557365,0.0407124650166866,0.253741264972025
0.444227599019225,0.155772400980775,0.585347107715243,0.0146528922847571,0.087874699997771,0.0411127335967559,0.193327544440467
0.493739108272967,0.106260891727033,0.628212961611206,0.0282129616112059,0.186278384023366,0.0365041280823275,0.301400552290722
0.516040210599783,0.0839597894002166,0.65967143682438,0.0596714368243801,0.161557538092782,0.0908373943621132,0.255836811633615
0.594171802040854,0.0058281979591458,0.725409855425958,0.125409855425958,0.285017520368413,0.13071652881827,0.34938631384693
0.597731584361151,0.00226841563884916,0.765986829289245,0.165986829289245,0.287880980827162,0.208736660400135,0.39397199783761
0.523086064337433,0.0769139356625673,0.729996992218172,0.129996992218172,0.228540760762008,0.113686752756038,0.275153357807291
0.434487098616617,0.165512901383383,0.59732374199247,0.00267625800753002,0.138543380724516,0.00853817400271695,0.235575430181473
0.5504293409393,0.0495706590607002,0.725806093967459,0.125806093967459,0.234805190074341,0.135037008523737,0.311592874427898
0.479674815165545,0.120325184834455,0.624002229275026,0.0240022292750258,0.150311860919436,0.00496942156246094,0.233901502261231
0.521978843875194,0.0780211561248062,0.701131499799179,0.101131499799179,0.219708306881549,0.0761336375071359,0.29457286098036
0.410843294791985,0.189156705208015,0.611909216465922,0.0119092164659216,0.135293653523906,0.0453766874063564,0.223588268605373
0.502724672357551,0.0972753276424487,0.696733273715339,0.096733273715339,0.214734201366332,0.122518329895643,0.293494873263434
0.500797746982185,0.0992022530178153,0.669540970577514,0.0695409705775138,0.143753496450263,0.0756314227620509,0.241756769287286
0.530649873548719,0.0693501264512814,0.708039133483079,0.108039133483079,0.228973085030052,0.0814946873076592,0.30068447883424
0.483148178684029,0.116851821315971,0.674936147425136,0.0749361474251362,0.189860796034156,0.0608615385275232,0.255766402162097
0.516632220098002,0.0833677799019982,0.700990005742822,0.100990005742822,0.236936855567748,0.132008720516296,0.329944605920618
0.504532759179028,0.095467240820972,0.679186368090867,0.0791863680908674,0.190324692562629,0.0336944776975074,0.301969305505618
0.600812546989368,0.000812546989367613,0.723545207184942,0.123545207184942,0.266256861260621,0.182737134906274,0.338037948475789
0.517919712494462,0.0820802875055384,0.682982498746633,0.0829824987466332,0.217794963714798,0.0603750184719143,0.308927950249358
0.613622474588731,0.0136224745887308,0.77931678701647,0.17931678701647,0.256162610490242,0.132922284739142,0.3159175961888
0.504142394669621,0.0958576053303793,0.650470112096041,0.0504701120960407,0.143092272214037,0.030032160287098,0.256723187584375
0.587379625991352,0.0126203740086476,0.720305140464525,0.120305140464525,0.185705030646082,0.142628235633463,0.297281984422466
0.537619241474926,0.0623807585250742,0.688079375883909,0.0880793758839089,0.16996810113502,0.0908357467246814,0.302575959221567
0.438042341432007,0.161957658567993,0.596927455264751,0.00307254473524898,0.131243328783385,0.0207399555093566,0.240626013266832
0.485387317469355,0.114612682530645,0.629943017783333,0.0299430177833333,0.148166153333273,0.0370138860450185,0.264247486416581
0.446454965390336,0.153545034609664,0.598274624711664,0.00172537528833616,0.146102358951975,0.00918169869153007,0.248920347881271
0.497944303094978,0.102055696905022,0.660796707464139,0.0607967074641387,0.196301744015507,0.0333743125492699,0.284176520654409
0.568458647351956,0.0315413526480439,0.750259321213444,0.150259321213444,0.25701093713706,0.149211398896267,0.331275552599132
0.599921275261296,7.87247387040724E-05,0.784100987595984,0.184100987595984,0.259774673568941,0.204366989246215,0.346599644087228
0.636777115996598,0.0367771159965978,0.786291717341655,0.186291717341655,0.273159608457668,0.22472579361797,0.353629619187353
0.498055885726885,0.101944114273115,0.656700880279291,0.0567008802792909,0.189120907114639,0.0914124131360294,0.264209927902528
0.540761028359545,0.0592389716404552,0.732924268867138,0.132924268867138,0.215507585013676,0.117597855948473,0.297078983198483
0.480017669827137,0.119982330172863,0.675096507515454,0.0750965075154543,0.18528916412795,0.108018601130787,0.273394698292535
0.558952753952222,0.0410472460477782,0.705069034767824,0.105069034767824,0.192348996037001,0.0651634259851875,0.295938118546157
0.46973331721114,0.13026668278886,0.645351802209811,0.0453518022098111,0.187415876645243,0.048514156418878,0.334445317540063
0.501951663017884,0.0980483369821157,0.671286091192918,0.0712860911929184,0.184594618419904,0.0692678155889236,0.264128188893297
0.537747561809102,0.062252438190898,0.718116283105935,0.118116283105935,0.243341352238641,0.083649588732875,0.323684606807246
0.515557121349585,0.0844428786504147,0.689033350352535,0.0890333503525352,0.171397182725641,0.115038282487355,0.280652399603877
0.585625791711435,0.0143742082885648,0.753818496174234,0.153818496174234,0.277485902461653,0.139760371222305,0.347467271618044
0.49838538997247,0.10161461002753,0.703484187603341,0.103484187603341,0.232868430840267,0.103831627938473,0.321594545787714
0.481886751815935,0.118113248184065,0.636914717236847,0.0369147172368474,0.133621778761513,0.0556112863657183,0.26329994811556
0.55971252225641,0.0402874777435901,0.717875662455429,0.117875662455429,0.238134439584941,0.125287901189479,0.32550745336573
0.508227755738604,0.0917722442613956,0.686257727509417,0.0862577275094166,0.181025636357597,0.0258575359928493,0.295803294025719
0.524908525137522,0.0750914748624777,0.738770340791007,0.138770340791007,0.256811879959848,0.107423559384315,0.308248150086072
0.531098106149622,0.0689018938503776,0.667453213995535,0.0674532139955347,0.200335895817878,0.0704992275168037,0.332022444305455
0.541218818856169,0.0587811811438309,0.720849473168933,0.120849473168933,0.237008056918928,0.146023283166904,0.318506453944746
0.495959141933943,0.104040858066057,0.680838979938087,0.080838979938087,0.189331932119779,0.0824531123889085,0.286032343178728
0.577354540364761,0.0226454596352389,0.741794361622881,0.141794361622881,0.241312729263542,0.14990762233085,0.300395851344129
0.500667107421497,0.0993328925785028,0.696110338696201,0.0961103386962007,0.175185767384031,0.0877625918461279,0.281107230882664
0.550660348845472,0.0493396511545282,0.691040773363754,0.0910407733637538,0.224732521581422,0.110871896551192,0.303060766565823
0.361898184155401,0.238101815844599,0.571014362517212,0.028985637482788,0.0758954608011572,0.04011199398946,0.177261484958125
0.508392452095079,0.0916075479049208,0.716354636576469,0.116354636576469,0.228746636023107,0.097623207144969,0.312511417556522
0.603298355975922,0.00329835597592154,0.782084572997317,0.182084572997317,0.288558832946507,0.158992765167331,0.36194088820753
0.497643615511229,0.10235638448877,0.650113828672276,0.0501138286722761,0.174540373493877,0.0162023818695453,0.271221143943368
0.570046266201491,0.0299537337985086,0.75895628986611,0.15895628986611,0.269622684576273,0.203767666587371,0.336644974774272
0.587329978056128,0.0126700219438721,0.766911576077802,0.166911576077802,0.277222739902148,0.1849350667785,0.346276716046142
0.546240914756308,0.0537590852436919,0.73292539396348,0.13292539396348,0.213987998746446,0.118837646209976,0.317851343730301
0.461238792319815,0.138761207680185,0.643215875258195,0.0432158752581955,0.185902733701896,0.0403278662874412,0.293230276679068
0.432340763835396,0.167659236164604,0.609168659853771,0.00916865985377058,0.12261749768566,0.00237286233572742,0.199514232001195
0.576292141950815,0.0237078580491852,0.780772938028854,0.180772938028854,0.23654083283443,0.166728461711902,0.325214338257123
0.581360131600997,0.0186398683990032,0.776113102977182,0.176113102977182,0.246906885632036,0.185802129526798,0.351124686195493
0.507350255153155,0.0926497448468451,0.633106367492344,0.0331063674923439,0.125982174689138,0.00592201636537948,0.214500316046463
0.458718145332895,0.141281854667105,0.606948865882154,0.00694886588215371,0.140805213325446,0.00582800402635708,0.253747926645504
0.537030434231929,0.0629695657680711,0.72374469237016,0.12374469237016,0.210364099722263,0.0774729673924172,0.324017898111716
0.610383251660126,0.0103832516601257,0.777755989747689,0.177755989747689,0.289109379772207,0.216603613138159,0.353697592757958
0.55957057047775,0.0404294295222499,0.709888661166324,0.109888661166324,0.227155208547096,0.151310934224336,0.303166412187856
0.477868566946997,0.122131433053003,0.651020980949627,0.051020980949627,0.139136772157991,0.127326987324754,0.248770632176515
0.578870878755217,0.0211291212447833,0.789867028573758,0.189867028573758,0.260872465955965,0.190332159341441,0.335258212030998
0.483982411757992,0.116017588242008,0.656840972309317,0.0568409723093174,0.185230086838947,0.0252398454289487,0.262876640402681
0.508196286138173,0.091803713861827,0.657015811731952,0.0570158117319516,0.182207950488226,0.0442325663077172,0.265134839933472
0.553256329485951,0.0467436705140488,0.739333117220783,0.139333117220783,0.212661863835147,0.157433334855358,0.29765947289416
0.491218938328996,0.108781061671004,0.679202263047589,0.0792022630475887,0.161729784847381,0.0855936408959316,0.258507255843264
0.604696895478149,0.00469689547814878,0.753031124826408,0.153031124826408,0.227935993860519,0.147351965639785,0.302938718427028
0.530337830683144,0.0696621693168556,0.704957764187494,0.104957764187494,0.209858788484337,0.0983646547595943,0.286102644194505
0.509418505509949,0.0905814944900507,0.677234995041565,0.0772349950415654,0.17792168372993,0.113249945802098,0.271637925824798
0.44479078280795,0.15520921719205,0.655695006148179,0.055695006148179,0.18653335744266,0.00311399833982773,0.274481118246573
0.577643197301183,0.0223568026988169,0.715328450517194,0.115328450517194,0.230341045889934,0.100295098071699,0.308715097498593
0.578350997005996,0.0216490029940039,0.748165843091037,0.148165843091037,0.267143421309835,0.143904779188588,0.321623316732776
0.545262907917079,0.0547370920829208,0.712323160562458,0.112323160562458,0.227087939174683,0.101640677113794,0.297735453735174
0.457601437453821,0.142398562546179,0.586354948577334,0.013645051422666,0.109412781729187,0.0265681133146118,0.236244502820525
0.512235667522534,0.0877643324774655,0.697926486292126,0.0979264862921257,0.209263933201211,0.117586147756918,0.274835984276241
0.500028832111822,0.0999711678881777,0.656755096395015,0.0567550963950151,0.193039667761838,0.0912848013494932,0.264984235288548
0.545017084045202,0.0549829159547978,0.73542969210443,0.13542969210443,0.228273866816202,0.124245254292334,0.317297488817806
0.503152282600659,0.0968477173993413,0.71194488850468,0.11194488850468,0.215879442526408,0.105835017807985,0.2988766300759
0.513094644114981,0.0869053558850191,0.66378071315326,0.0637807131532605,0.200549518631922,0.0940816882238708,0.283750167199614
0.518954523736627,0.0810454762633731,0.678772307334278,0.0787723073342779,0.15983680997963,0.0568076807591024,0.260188334158788
0.431144596739618,0.168855403260382,0.657398315213161,0.0573983152131611,0.192425025114523,0.0814047434465508,0.257242009922886
0.55772668641739,0.0422733135826099,0.702653889311755,0.102653889311755,0.185605655969482,0.137388042169388,0.288887031611528
0.454527675039732,0.145472324960268,0.658015232613033,0.0580152326130327,0.134342042490681,0.0560084051751064,0.210907990589432
0.475261221342256,0.124738778657744,0.652010168257801,0.052010168257801,0.130240398216785,0.0435436505287874,0.260416358618793
0.4709659136668,0.1290340863332,0.69269924703701,0.09269924703701,0.170093521490987,0.112186850752482,0.273296012833642
0.527706478306121,0.0722935216938791,0.705551810222237,0.105551810222237,0.228708271028016,0.10014930999561,0.297404820626426
0.479517936059453,0.120482063940547,0.644754258214246,0.0447542582142465,0.172562764543271,0.0695714001083227,0.2769077206559
0.471783111529724,0.128216888470276,0.61757610823468,0.0175761082346799,0.124530976160153,0.0472912819906013,0.236240731298294
0.525801909012419,0.0741980909875812,0.701186132784078,0.101186132784079,0.21674546730783,0.10777058152342,0.286131426170923
0.574913545848016,0.0250864541519837,0.762837476470949,0.162837476470949,0.251168394153675,0.166268409719375,0.329008565528668
0.497777666098211,0.102222333901789,0.692479276985256,0.0924792769852565,0.170638553019591,0.0906267306123718,0.306386740898357
0.483655426771684,0.116344573228316,0.681909191589121,0.0819091915891211,0.166906890905307,0.0736707113817141,0.271822891020574
0.549537674934235,0.0504623250657646,0.688185370658982,0.0881853706589818,0.223107123757961,0.110346443909036,0.331797532455945
0.470968413673277,0.129031586326723,0.675163358514106,0.0751633585141064,0.161164940996733,0.081780363748818,0.250832649062927
0.526829702374846,0.0731702976251536,0.735829455633541,0.135829455633541,0.217181297891746,0.122913819333191,0.283203453041249
0.562673667972656,0.0373263320273436,0.736850469054964,0.136850469054964,0.221121047013388,0.131400121599208,0.322792468610274
0.452648652904796,0.147351347095204,0.656917867901063,0.0569178679010628,0.166768467636561,0.0459310865439329,0.253539659153083
0.552777545126378,0.0472224548736223,0.695731860413534,0.0957318604135338,0.181702457620237,0.0553463084547572,0.296043441215812
0.524313971117322,0.0756860288826781,0.661652782682065,0.0616527826820652,0.174553989275415,0.055091687782029,0.272083852111704
0.493222173666809,0.106777826333191,0.725070499634851,0.125070499634851,0.184891362609271,0.136181161103527,0.294119931436516
0.597088835233078,0.0029111647669221,0.781944938575435,0.181944938575435,0.289529782958925,0.192619583236117,0.376705631198063
0.498493276427641,0.101506723572359,0.698682617007585,0.0986826170075854,0.195025811799339,0.124317362231973,0.29475302751254
0.564539483858359,0.0354605161416406,0.768131333049458,0.168131333049458,0.279336776860179,0.194384798114742,0.347050092821725
0.572232094077039,0.0277679059229605,0.753933879715951,0.153933879715951,0.257492410237158,0.155295866188864,0.324767574534287
0.527635949976963,0.072364050023037,0.692364404975273,0.0923644049752733,0.222352215534463,0.100819050852171,0.291163411846489
0.55062153343985,0.0493784665601502,0.688401037863975,0.0884010378639746,0.226047084622415,0.0932792153048652,0.311908381567123
0.557120118056398,0.0428798819436017,0.719415833916548,0.119415833916548,0.256433585666144,0.123945771597071,0.340808268399285
0.492950471138076,0.107049528861924,0.66557552169536,0.0655755216953604,0.142529952719285,0.0693756832852954,0.236824037801234
0.541243482731755,0.0587565172682446,0.715994314115807,0.115994314115807,0.254511535381699,0.132516583307734,0.34341497701214
0.524395481038672,0.0756045189613284,0.730275532320382,0.130275532320382,0.258801758996326,0.12974029801318,0.324426949605937
0.467351221475587,0.132648778524413,0.644061358093009,0.0440613580930092,0.162291609649788,0.0921801328185112,0.299833371587348
0.482955330748296,0.117044669251704,0.689301139684076,0.0893011396840763,0.210532337425674,0.106255153778404,0.275798067706156
0.522228320975125,0.0777716790248754,0.665874877632153,0.0658748776321529,0.178312962943785,0.100642929231893,0.256438856628709
0.544521853228931,0.0554781467710691,0.702607911308688,0.102607911308688,0.214535986849544,0.0922810821779142,0.297886213997825
0.496774616755425,0.103225383244575,0.654829422418017,0.0548294224180169,0.207674679509688,0.0706562314004732,0.313206317749804
0.518399297742855,0.0816007022571446,0.641361133031595,0.0413611330315951,0.179480062398399,0.103883922125362,0.273503286398341
0.416176149774986,0.183823850225014,0.55675100769814,0.04324899230186,0.0990848636082214,0.00489968718846789,0.244814829436619
0.554286271599793,0.0457137284002072,0.736635492061836,0.136635492061836,0.218149608413859,0.189988438235728,0.279851164014664
0.477367001123254,0.122632998876746,0.645769531341088,0.0457695313410879,0.153503455919423,0.0332847846470083,0.251853456961502
0.590617730980665,0.00938226901933503,0.747920579532765,0.147920579532765,0.236437556477023,0.181376219931621,0.323748353032764
0.504793165371282,0.0952068346287177,0.655870501817277,0.0558705018172767,0.196402309690973,0.0821417855933941,0.265597434563681
0.616416878490983,0.0164168784909826,0.741169849373535,0.141169849373535,0.240431289506803,0.105978452664227,0.358087310246242
0.534000511900159,0.0659994880998414,0.690170508391618,0.0901705083916184,0.194155369271588,0.0917104121312048,0.298487359068813
0.503349988493006,0.0966500115069935,0.671785440499605,0.0717854404996051,0.191800073017992,0.0868092668705417,0.270158686964088
0.510726525898287,0.0892734741017132,0.683740008553932,0.0837400085539319,0.187324368722444,0.098675608180036,0.284241416099935
0.458876700252729,0.141123299747271,0.640000294494799,0.0400002944947991,0.145166954645085,0.0788844609225205,0.256809302209945
0.597361721748542,0.00263827825145779,0.734724210425552,0.134724210425552,0.251757432094232,0.131129190860781,0.339326790746165
0.462703168107132,0.137296831892868,0.659058210303398,0.0590582103033982,0.120701953542798,0.0848645415040319,0.226936780813254
0.464676616669049,0.135323383330951,0.649295916782813,0.0492959167828131,0.176246744106798,0.0415913805036592,0.268246736469229
0.586954092048257,0.0130459079517432,0.745395265423576,0.145395265423576,0.242827153201566,0.182548847168141,0.330341515008508
0.526206109509575,0.0737938904904248,0.687464498199422,0.0874644981994218,0.200807097520128,0.141033917325833,0.304036691559458
0.461075460859641,0.138924539140359,0.644751942496489,0.0447519424964886,0.179764163096348,0.0141948788884881,0.28242205448072
0.542233397569666,0.0577666024303338,0.751254820628121,0.151254820628121,0.272004554543293,0.150962569549394,0.369498534189201
0.584809730566617,0.015190269433383,0.756112534893794,0.156112534893794,0.284394380188074,0.160812407901014,0.371058649307314
0.489796046831988,0.110203953168012,0.658025206343086,0.0580252063430858,0.145055237463423,0.057577878608704,0.231886757909467
0.541246426270215,0.0587535737297852,0.700487139031235,0.100487139031235,0.186534936826468,0.0386614788400214,0.297755472260739
0.551826821381901,0.0481731786180992,0.735982621242848,0.135982621242848,0.236274479508852,0.126881686925459,0.278304500992444
0.528506457271331,0.0714935427286686,0.652597610805847,0.0525976108058466,0.155381002752596,0.0118617729035523,0.297038546985582
0.667690480221753,0.0676904802217532,0.824350306272372,0.224350306272372,0.320237848557843,0.23099889900314,0.405459128188346
0.547038946769808,0.0529610532301917,0.725321221991937,0.125321221991938,0.206394425690225,0.115147697943224,0.312212857338649
0.484273175093826,0.115726824906174,0.69173436692349,0.0917343669234905,0.193985279616394,0.0946067876047659,0.291975050208868
0.481978993896018,0.118021006103982,0.621919589720829,0.0219195897208286,0.133328072735922,0.038991096377765,0.234256938896048
0.592485440429603,0.00751455957039682,0.754492528676799,0.154492528676799,0.233709438423649,0.137813025092517,0.323543702352832
0.594752517886329,0.00524748211367121,0.767373500089916,0.167373500089916,0.227774964347348,0.169639993513773,0.340927816287429
0.43496646386042,0.16503353613958,0.542669963847772,0.0573300361522276,0.12817269549309,0.0366720301636926,0.247502076443921
0.458904584766942,0.141095415233058,0.677230603741309,0.0772306037413085,0.205995267738468,0.0733582669998755,0.293253893332244
0.493628181419591,0.106371818580409,0.629418627490857,0.0294186274908574,0.159113294493531,0.00864283710340052,0.269341059421403
0.559160590606096,0.0408394093939044,0.704553181088699,0.104553181088699,0.204323145111504,0.125926020981508,0.281871832373057
0.524569742569671,0.0754302574303293,0.706918244676739,0.106918244676739,0.217248504582555,0.098348603440559,0.295048082786549
0.523394904231316,0.0766050957686836,0.683145206208971,0.0831452062089707,0.194517572173097,0.106003022422625,0.291365104293426
0.49179730004869,0.108202699951309,0.682902820374503,0.0829028203745035,0.204798061396917,0.0654222085825993,0.29315328048416
0.526244206956591,0.073755793043409,0.6762244497686,0.0762244497686003,0.215283774000888,0.101880115746227,0.284787381336988
0.442370475812824,0.157629524187176,0.6467857703939,0.0467857703938999,0.131442432215562,0.0997597445306858,0.257505216164231
0.513355494597175,0.0866445054028253,0.693787670667019,0.0937876706670191,0.21339155674491,0.0510222406544749,0.301554834203181
0.489234349473613,0.110765650526387,0.641890791545768,0.041890791545768,0.155607564451839,0.0298842773090542,0.287930894883446
0.533650459531912,0.0663495404680875,0.748074573983808,0.148074573983809,0.238184971506746,0.136868666585053,0.300630353525351
0.455028298929104,0.144971701070896,0.64018733076364,0.0401873307636399,0.147623129917953,0.0193659659654354,0.265929084007113
0.476216217454853,0.123783782545147,0.698970018888405,0.0989700188884054,0.193573233410169,0.0850897313413163,0.283226514350363
0.558702216062101,0.0412977839378988,0.716259770890169,0.116259770890169,0.209836095969141,0.128595282964829,0.323133787830303
0.515672833139607,0.0843271668603933,0.706520301300206,0.106520301300206,0.226066819977697,0.132930185007372,0.279375037730311
0.517463399540818,0.0825366004591822,0.717581891970337,0.117581891970337,0.184147865572901,0.10346418833776,0.286743152740452
0.483874613444236,0.116125386555764,0.619210480319217,0.0192104803192166,0.171850950634777,0.0192836785469688,0.271480768794562
0.501266080395407,0.0987339196045933,0.681279443463112,0.0812794434631123,0.181766116315507,0.09344535976919,0.259688088623775
0.466362987398369,0.133637012601631,0.628945233546749,0.0289452335467489,0.139330547257959,0.00853343578452226,0.246846721402981
0.539648588301534,0.0603514116984657,0.717769375336663,0.117769375336663,0.233146447677331,0.112884313628743,0.31958849770195
0.60017624361547,0.000176243615469862,0.781984562265972,0.181984562265972,0.263464140167329,0.224081660632583,0.352423216876616
0.516077224874276,0.0839227751257243,0.701593540634417,0.101593540634417,0.155870800385331,0.080431547520784,0.263164457143784
0.520592611402951,0.0794073885970488,0.664131466860089,0.0641314668600889,0.223472199782194,0.100624894069938,0.329023251861457
0.533799721034072,0.066200278965928,0.687330670103191,0.0873306701031907,0.24237711308132,0.105799793349838,0.3472645060472
0.5061747995154,0.0938252004845997,0.643480204185722,0.0434802041857221,0.178811848068118,0.0512568094606972,0.246505581141387
0.530416671881885,0.0695833281181153,0.697796522041492,0.0977965220414921,0.205279777057556,0.114726144814799,0.294205075357989
0.468481153857642,0.131518846142358,0.65998078449214,0.0599807844921399,0.224011808687627,0.0953872062908528,0.331332918792383
0.494061316363769,0.105938683636231,0.676870011318922,0.0768700113189223,0.204089762962191,0.109185687431145,0.296745729646818
0.568766361205479,0.0312336387945211,0.709097780077114,0.109097780077114,0.204632468607626,0.102395138571486,0.293997786085752
0.590433339195981,0.00956666080401869,0.756889572510028,0.156889572510028,0.255837868518899,0.161404732422944,0.325292114733081
0.557714773974271,0.0422852260257288,0.723483589570333,0.123483589570333,0.240303857556804,0.0778659734302704,0.300841094364747
0.575135178257816,0.0248648217421839,0.716278271168369,0.116278271168369,0.25270738340175,0.138326924921534,0.338505236068721
0.521910685283507,0.0780893147164926,0.710046051294112,0.110046051294112,0.221609614612881,0.130127770165503,0.307333607317736
0.458433209612651,0.141566790387349,0.640553853428936,0.0405538534289364,0.184900946080017,0.0339020172060291,0.248461898209755
0.503372679393531,0.0966273206064691,0.614642343359642,0.0146423433596418,0.155373298891984,0.0534899214825988,0.266605121394011
0.51171419402788,0.08828580597212,0.661822730961166,0.0618227309611662,0.192826144489526,0.0428112375619176,0.288463277518593
0.500684959403506,0.0993150405964941,0.662914845558406,0.062914845558406,0.150501419821011,0.0879046868125143,0.269628728608426
0.513275276674522,0.0867247233254784,0.656826082018993,0.0568260820189931,0.171200238102954,0.101326958889452,0.256976739545515
0.566464678947379,0.0335353210526211,0.754009117197741,0.154009117197741,0.250743142357531,0.137640110601292,0.339308669356629
0.620616736889211,0.0206167368892115,0.817188800103609,0.217188800103609,0.310782403549941,0.251587626771687,0.408607049026725
0.573050692653143,0.0269493073468569,0.736373110473966,0.136373110473966,0.228980213888239,0.207998074060182,0.318180585352679
0.535637711623499,0.0643622883765007,0.668665300893243,0.0686653008932429,0.21294184411972,0.0613029118236238,0.27987478330905
0.521166092157134,0.078833907842866,0.703246968622724,0.103246968622724,0.178917273231792,0.0508027557596979,0.268381315567761
0.540950643755753,0.0590493562442469,0.696472446514453,0.0964724465144525,0.230824998537247,0.0884108103609612,0.334579822019795
0.563996720864651,0.0360032791353488,0.774389863938857,0.174389863938857,0.288647930031089,0.211785927174726,0.336570997736692
0.498388421484732,0.101611578515268,0.669545904325412,0.0695459043254115,0.209817100544819,0.105028603366206,0.281448031833507
0.537701994856222,0.0622980051437776,0.742890537067632,0.142890537067632,0.262815346942691,0.143433530489438,0.320943181200772
0.543326986020504,0.056673013979496,0.723549698888526,0.123549698888526,0.246076685099569,0.12600388797214,0.329173820066469
0.508014126064464,0.0919858739355355,0.663103310136299,0.0631033101362993,0.198287754149819,0.0851773639680335,0.310368896208635
0.537529179216649,0.0624708207833514,0.697375354498018,0.0973753544980185,0.226879826871579,0.129587572931587,0.280221793975094
0.45592073116079,0.14407926883921,0.627604113274654,0.0276041132746536,0.131759948438955,0.0144929892883425,0.250226783044922
0.56042317941618,0.0395768205838201,0.703501664624856,0.103501664624856,0.231183355508852,0.0912144111764903,0.3235315574499
0.487698198822073,0.112301801177926,0.656098073716169,0.0560980737161692,0.179761808873003,0.0795856720466687,0.29229099104274
0.49848562797913,0.10151437202087,0.668038241615058,0.0680382416150582,0.214176927047265,0.0839299624502553,0.267711568270067
0.576166229903445,0.0238337700965552,0.752169778047943,0.152169778047943,0.252887669255682,0.136038726063655,0.32106890820466
0.573147230908195,0.0268527690918049,0.724096912503371,0.124096912503371,0.240683497243982,0.151491847594263,0.33923741397849
0.519003430836439,0.0809965691635607,0.659264404987909,0.0592644049879086,0.158949968043352,0.076104492594257,0.28714838436602
0.471996622012952,0.128003377987048,0.68796915239767,0.0879691523976697,0.175568012180409,0.0994375619700822,0.261766755974698
0.527646884894253,0.0723531151057467,0.662583865877432,0.0625838658774318,0.211888417483611,0.106745522413137,0.343131072646473
0.511450730286427,0.0885492697135726,0.688285147678059,0.0882851476780592,0.209514573001753,0.081191342304762,0.260524726313475
0.499757514710311,0.100242485289689,0.648934067762671,0.0489340677626715,0.191527184692395,0.0786989485921654,0.29000122000803
0.551152544863364,0.0488474551366364,0.683395719134833,0.0833957191348328,0.167983238030345,0.0537628332113629,0.305066826507982
0.585652392117644,0.0143476078823559,0.771039095395852,0.171039095395852,0.29266267530104,0.177020136556059,0.354816535729172
0.498234401107801,0.101765598892199,0.623922720295256,0.0239227202952564,0.102731800034757,0.00207312701191686,0.232615809679694
0.44353723382479,0.15646276617521,0.64130277481317,0.0413027748131705,0.144087334661489,0.0431276341524456,0.248831997965772
0.48997374041676,0.11002625958324,0.654149456177965,0.0541494561779646,0.144100210279549,0.0401982018451482,0.259623875813668
0.511424336016932,0.0885756639830675,0.701736172809878,0.101736172809878,0.173097408458078,0.0971847101782964,0.234271994594631
0.456849234388585,0.143150765611414,0.643728141991102,0.0437281419911019,0.173291508261727,0.0444156809317641,0.29106012629804
0.571000958840761,0.0289990411592391,0.719715462583875,0.119715462583875,0.289511363035782,0.0679830115108008,0.308342932731934
0.568981170495946,0.0310188295040543,0.747156224702095,0.147156224702095,0.238404653563214,0.117858441748924,0.313093234970117
0.597825764323992,0.00217423567600827,0.791005464193434,0.191005464193434,0.278866983711038,0.173459057941206,0.371616681115622
0.600508937513241,0.000508937513240992,0.792178858716743,0.192178858716743,0.282069074411006,0.197255886177331,0.342841366955852
0.483439651425677,0.116560348574323,0.664284124137076,0.0642841241370763,0.161808997784033,0.0562618556889298,0.274780006576875
0.529933907901458,0.0700660920985416,0.676485542449976,0.076485542449976,0.177235581825708,0.0867607401250997,0.293254277994614
0.569769741613223,0.0302302583867768,0.743055868936683,0.143055868936683,0.231514881820181,0.151512796206283,0.336207119798997
0.520001758723431,0.0799982412765692,0.683508483688022,0.0835084836880223,0.209886642882565,0.050623743288879,0.299347294505126
0.547676428826474,0.052323571173526,0.733983341712633,0.133983341712633,0.209255464773211,0.0963474946151077,0.309366629903169
0.577771830640141,0.0222281693598588,0.784955672601518,0.184955672601518,0.265270165899233,0.206406082406995,0.34641312154194
0.499760776420793,0.100239223579207,0.6735130583595,0.0735130583594998,0.182889762983882,0.0792093069958081,0.289994014559076
0.523136061419598,0.0768639385804015,0.703650825274207,0.103650825274207,0.190217022753923,0.100203277780391,0.255134514081289
0.484685791244412,0.115314208755588,0.634039000642669,0.0340390006426691,0.14531948274598,0.0284319977924491,0.240574998837458
0.520279940028069,0.079720059971931,0.724074794092626,0.124074794092626,0.220385531668602,0.104992059386664,0.313327975552621
0.399488066571167,0.200511933428833,0.589090528050883,0.0109094719491168,0.129166356707969,0.0139885013312716,0.221377448909181
0.566126048958099,0.0338739510419014,0.752782798266881,0.152782798266881,0.245922504341132,0.142944232242717,0.322697430478291
0.516148062752238,0.0838519372477619,0.650932165607881,0.0509321656078807,0.179236136061019,0.058024755511497,0.288558054137517
0.604578788227099,0.00457878822709878,0.765525823724275,0.165525823724275,0.256935742472967,0.187255896362933,0.320215520175366
0.579923558032513,0.0200764419674866,0.735121230819917,0.135121230819917,0.233060014106117,0.113075029205308,0.355156409952587
0.459571027414858,0.140428972585142,0.625440094153408,0.0254400941534079,0.190282961775193,0.0304932409454209,0.302342260260214
0.52360208272257,0.0763979172774301,0.686398638449499,0.0863986384494992,0.215810509643579,0.0820791115016385,0.286553649764854
0.517896680217609,0.0821033197823907,0.690870567701331,0.0908705677013306,0.193344830675085,0.0834809092704482,0.287153321313349
0.518815860670431,0.0811841393295687,0.705960661905926,0.105960661905926,0.197934591375383,0.0848105084245194,0.281328328422625
0.471308643769879,0.128691356230121,0.665039074268067,0.0650390742680672,0.158550275691908,0.0401794275803301,0.255136793952893
0.502946750837701,0.0970532491622992,0.733251927816522,0.133251927816522,0.213290557668532,0.166352138804723,0.300101654029681
0.568217390550833,0.0317826094491666,0.722842479927987,0.122842479927987,0.247688322868736,0.139694188465675,0.312474585096129
0.479945731369814,0.120054268630186,0.678098384926651,0.0780983849266513,0.174460786060137,0.0649652267520255,0.256044586430649
0.529800868723124,0.0701991312768764,0.64630257646871,0.0463025764687096,0.194828997771616,0.0670164996102083,0.316512764896778
0.561834703299264,0.0381652967007361,0.745183928694662,0.145183928694662,0.262366855821951,0.123004846214116,0.341261485731073
0.497706010070016,0.102293989929984,0.66282279507306,0.06282279507306,0.16734289968731,0.0753554673557846,0.258083081084964
0.580480798645264,0.0195192013547356,0.753300904691959,0.153300904691959,0.26136289939639,0.16910109479693,0.316886518364438
0.47651044715419,0.12348955284581,0.605725341289695,0.00572534128969504,0.106572720420812,0.0226633867020539,0.196576639019481
0.468450073907757,0.131549926092243,0.731107731722043,0.131107731722043,0.239134047784968,0.153370202176466,0.343942848971129
0.511768715442368,0.0882312845576324,0.707707551779799,0.107707551779799,0.210898509101234,0.0776340147761532,0.302674461157536
0.568952771765813,0.0310472282341867,0.691463136930638,0.091463136930638,0.18929591764032,0.0878664392173382,0.315953234515693
0.492703062481869,0.107296937518131,0.661131041735337,0.0611310417353366,0.178829925600782,0.0419350968336386,0.296012738404257
0.52688025779285,0.0731197422071498,0.712341179588582,0.112341179588582,0.188859499859715,0.0960588868838615,0.257129351463245
0.511215753253576,0.0887842467464235,0.692430930682442,0.0924309306824423,0.186175202092547,0.128373864034633,0.249021549661022
0.543179738579281,0.0568202614207193,0.710582204832969,0.110582204832969,0.234564352837169,0.128010271537892,0.323203354444899
0.524210263350427,0.075789736649573,0.721338377815947,0.121338377815947,0.211065291474876,0.112704631513328,0.291384750567563
0.530867738357878,0.0691322616421222,0.691349497190562,0.0913494971905623,0.20179454456185,0.111103697564795,0.296948262117651
0.495602507549142,0.104397492450858,0.675345093490045,0.0753450934900446,0.186735969755348,0.0895863640042946,0.26707840353591
0.556130090818496,0.0438699091815045,0.705431424521383,0.105431424521383,0.211126627105576,0.162121096724615,0.320704585608858
0.475083643037461,0.124916356962539,0.647275918973912,0.047275918973912,0.164914880780626,0.0385014268919627,0.277097522858758
0.576739581446216,0.0232604185537837,0.736663273916142,0.136663273916142,0.283284936800213,0.0995981418787478,0.349516247054076
0.52044944605604,0.0795505539439595,0.658592545352133,0.0585925453521327,0.168774957361821,0.0500174324070739,0.28571036069627
0.545715968410803,0.0542840315891969,0.677592598259556,0.0775925982595563,0.182614810991148,0.0639579363718353,0.279235312646006
0.4763271851651,0.1236728148349,0.641591048519942,0.0415910485199416,0.172500072506414,0.0291977598715459,0.257305088872149
0.509319006062489,0.0906809939375105,0.700601957662546,0.100601957662546,0.175733851382995,0.13301806524068,0.278558458019206
0.514954904884771,0.0850450951152293,0.734209923456444,0.134209923456444,0.229798782256257,0.148091094301267,0.328779686014211
0.503588173836305,0.0964118261636954,0.714071087292832,0.114071087292832,0.207826548721038,0.122885990542144,0.273552844947739
0.557126643402976,0.0428733565970236,0.732538697253698,0.132538697253698,0.271294573209976,0.159103500948312,0.313657973960945
0.516624954843999,0.083375045156001,0.664276722333271,0.0642767223332713,0.172257311107175,0.0807882781982402,0.274464000199269
0.528180654329107,0.0718193456708927,0.689099320148965,0.0890993201489648,0.197583524460077,0.113406002590343,0.288360827307333
0.582837360807414,0.0171626391925863,0.733728896255036,0.133728896255036,0.222976321257438,0.16474036325478,0.330399175850288
0.569798777901751,0.0302012220982492,0.740245907825407,0.140245907825407,0.263237602680436,0.13509112691745,0.318485608702437
0.455200196048901,0.144799803951099,0.667416174906505,0.0674161749065054,0.179637211930795,0.0715549626579501,0.2187440583274
0.521344091283464,0.0786559087165362,0.6806797021085,0.0806797021085,0.167933305619244,0.0902684018444014,0.292716553783626
0.53567552383958,0.06432447616042,0.729294642807802,0.129294642807802,0.253484217506368,0.104678293915177,0.341681216770879
0.594945966953874,0.00505403304612606,0.761304586842189,0.161304586842189,0.204002639276103,0.187527103478763,0.320365734828588
0.522528693005715,0.0774713069942852,0.725064635976657,0.125064635976657,0.221519911861304,0.134657729208329,0.319437728836624
0.538945305691413,0.0610546943085869,0.734649178762893,0.134649178762893,0.204615730606119,0.141802956611711,0.291692859239789
0.463854330591791,0.136145669408209,0.650531255717973,0.050531255717973,0.179143935658712,0.0807441940897262,0.256441655475832
0.438817454773351,0.161182545226649,0.66827943997724,0.0682794399772404,0.155337071561516,0.0614669574928761,0.224375950193649
0.426627926665195,0.173372073334805,0.633930125412297,0.0339301254122973,0.151165002030927,0.0192387149879456,0.247278535849112
0.534521924262256,0.0654780757377442,0.688363348586049,0.0883633485860487,0.230917164879599,0.102895961907261,0.30396782315072
0.583004031563283,0.016995968436717,0.747363075223977,0.147363075223977,0.239227696261495,0.15743980428648,0.293915791819581
0.483471273311024,0.116528726688976,0.661763814126741,0.0617638141267408,0.173826555804061,0.0665816281810674,0.261413725619402
0.54179993236619,0.0582000676338098,0.717910955999164,0.117910955999164,0.218948497090512,0.0897965779869535,0.311919898846922
0.577996896131143,0.0220031038688568,0.763629698812622,0.163629698812622,0.270855542314918,0.201622656506074,0.342931114845304
0.506711377223091,0.0932886227769087,0.691235925982881,0.0912359259828808,0.167257515968355,0.0785944183791537,0.28996127677149
0.537847452896179,0.0621525471038213,0.729761388283854,0.129761388283854,0.224945379905275,0.14034467028198,0.306788118275658
0.537799055116352,0.0622009448836482,0.712375063169077,0.112375063169077,0.224401514112286,0.120018178882243,0.295306302612937
0.576896815960849,0.023103184039151,0.738095123928986,0.138095123928986,0.240094093181772,0.120383450361676,0.307306830409
0.491046431411537,0.108953568588463,0.663050704019588,0.0630507040195882,0.151979890627799,0.0535756725089657,0.252068796170961
0.472291429055658,0.127708570944342,0.650801940323944,0.0508019403239439,0.134768732221621,0.0749927484051234,0.231582486242484
0.541934375696917,0.0580656243030832,0.755723598262628,0.155723598262628,0.272455287216443,0.141556020783942,0.304312099592937
0.477982032558861,0.122017967441139,0.635964535417156,0.0359645354171558,0.107749559522582,0.0407602421397978,0.268106014135368
0.470819392181868,0.129180607818132,0.68889811494325,0.0888981149432497,0.207255851978785,0.121675557022486,0.261892810833879
0.527629611028793,0.0723703889712066,0.700044439074907,0.100044439074907,0.244680766895654,0.113372238476789,0.34766376457872
0.53187536235183,0.06812463764817,0.722309814243298,0.122309814243298,0.209999983408455,0.100727262933991,0.303538720628212
0.579378277883724,0.0206217221162756,0.698538687088908,0.0985386870889078,0.205221827393965,0.100567792719993,0.262733442020649
0.494628927859082,0.105371072140918,0.703749537388914,0.103749537388914,0.245468507411629,0.0866368569637049,0.294885000901133
0.456953737476081,0.143046262523919,0.661487888056667,0.0614878880566671,0.148596010781675,0.0607908718104454,0.224225541111009
0.465152134613243,0.134847865386757,0.633941474381254,0.0339414743812545,0.155922759507025,0.0463467969185613,0.255537742327352
0.553114388736102,0.0468856112638976,0.762057360108714,0.162057360108714,0.226600874469209,0.157852862341412,0.289566387972809
0.509747258323157,0.0902527416768431,0.640112991507681,0.0401129915076813,0.198711614723877,0.055854439354893,0.290032494579141
0.54222396535216,0.0577760346478403,0.719248002471619,0.119248002471619,0.222513445229079,0.170046665072686,0.330612385714803
0.480736179876874,0.119263820123126,0.68224986899167,0.0822498689916701,0.169104383034172,0.117855185582246,0.259466787927993
0.495617224187592,0.104382775812408,0.678638414321378,0.0786384143213781,0.212836219358938,0.0706293859328649,0.278938096609625
0.458002683110581,0.141997316889419,0.596978653165952,0.00302134683404787,0.127283598676796,0.0152393270464481,0.219360174064963
0.496591862420354,0.103408137579646,0.649560793660677,0.0495607936606772,0.178552196420747,0.0859147048952782,0.283564716405508
0.494183799020068,0.105816200979932,0.692643045394495,0.0926430453944949,0.221109302857611,0.061703293839225,0.272587396867291
0.559813615474276,0.0401863845257243,0.711966796883585,0.111966796883585,0.204751758818782,0.138369094387633,0.2871210124981
0.475784063660179,0.124215936339821,0.634898037251034,0.034898037251034,0.170311371463556,0.097978061955396,0.254647939003362
0.470516244869598,0.129483755130402,0.619599210836916,0.0195992108369165,0.143655076907368,0.0289470894536902,0.251063967896779
0.471464517698007,0.128535482301993,0.660700825951591,0.0607008259515907,0.170297450217307,0.0646396731310813,0.265069166688472
0.522903810162384,0.0770961898376162,0.700687101905618,0.100687101905618,0.188924654789497,0.121719706285185,0.291423288231127
0.487058801700447,0.112941198299553,0.653658102913463,0.0536581029134635,0.150653399146178,0.0381749226816642,0.27017767955427
0.551940047013771,0.0480599529862293,0.677529235312744,0.0775292353127436,0.21186598006046,0.0518352796014526,0.291998584501376
0.487121545028273,0.112878454971727,0.616485069535839,0.0164850695358393,0.135508444795335,0.0399478370632965,0.25786723451939
0.615323498885419,0.0153234988854195,0.750423056098866,0.150423056098866,0.249573966976635,0.171598367628508,0.340756118413723
0.496061230120401,0.103938769879599,0.673702433822873,0.0737024338228727,0.172806405080254,0.0896365337318096,0.30107218208525
0.499319477464487,0.100680522535513,0.690932861671255,0.0909328616712552,0.160593433090481,0.108498326286587,0.279096493918426
0.500983519840754,0.0990164801592465,0.690749412881596,0.0907494128815958,0.187856055964709,0.0931514586101639,0.279446228261068
0.489252508686449,0.110747491313551,0.659110746113406,0.0591107461134064,0.19160323991089,0.0498835308665334,0.275927000792755
0.541467986813997,0.0585320131860031,0.751162043575925,0.151162043575925,0.223759702529511,0.113891600680314,0.319784567086752
0.433002049097052,0.166997950902948,0.650522228762791,0.0505222287627909,0.149125961580247,0.0876699375666624,0.280032563944832
0.570613329321286,0.0293866706787141,0.756127327472776,0.156127327472776,0.289217241874866,0.199982030751477,0.396968997870425
