latent,linear,ipw,iv,proximal
0.230111125019094,0.502836329409584,0.564253369648221,1.93170461890043,0.223822997170469
0.230749392815287,0.490153388262699,0.550071261419512,1.99064530921506,0.172320445758974
0.368400543904686,0.614871939993967,0.515189076483405,1.86055643290582,0.416255039829006
0.312981456154904,0.533159514280605,0.517328183187721,1.40209236573966,0.383948365715091
0.345593950502281,0.593186888562233,0.609777522007131,1.84252648071785,0.397660279007831
0.306001289454811,0.49100141676808,0.453096260055069,1.78265564677508,0.286704980421654
0.318555799961875,0.58241609805472,0.459536266112436,1.75739834924859,0.448588098918152
0.299481007958233,0.538829456716542,0.540623903675543,1.67942114958923,0.144198955630067
0.245436979395773,0.5308568502003,0.532411318320645,2.10179359390048,0.358764293749801
0.231384849841828,0.511146528251262,0.462931448843921,2.00299268797536,0.257855778620663
0.29938116532401,0.521944682417561,0.482450008882125,1.99733105428,0.366411262247621
0.293980662334043,0.52492448062093,0.467088856479643,1.6480093920632,0.360860429300728
0.336367574843707,0.567889993708382,0.525384579478082,1.57304296498405,0.370386810439325
0.286286448307476,0.570104014792014,0.572048661506,2.07426682109186,0.213372609101553
0.341326739359868,0.584131065776403,0.514340690653823,1.93976257872399,0.459486963880741
0.375387601812392,0.591162870093261,0.699861685077415,2.23265177386747,0.318462060250295
0.336264586205893,0.548056655696405,0.517940057617237,1.46151275747692,0.366366057983929
0.316652493144719,0.585404989869509,0.548913991443925,2.16455650848605,0.331795706010452
0.4094583487007,0.593033553780332,0.661698453743386,1.77040271000455,0.219161839175727
0.210992134682599,0.489622056740971,0.382854557955685,1.85900763344343,0.240942673626434
0.301486875813148,0.490215675414128,0.407846022460922,1.94363431047434,0.270487598830665
0.30832040319858,0.599720091873316,0.577373574593868,1.91284070846675,0.358610025761924
0.388323397802709,0.561374908406006,0.662542397829544,1.87481466131168,0.427597221840489
0.328922130516741,0.596178976611659,0.55586601694049,2.05767623846604,0.455840266836706
0.285206644490205,0.530711024066123,0.48630162825361,1.87466942856515,0.288063551605876
0.287974443123724,0.555975058953412,0.524655727415615,1.99339409164226,0.293358362351999
0.33062497880366,0.525046323504892,0.464864928041937,1.86767978902982,0.430458628610419
0.410966772715804,0.578865314975825,0.604249651069388,1.68230121249052,0.385180376104849
0.288262294622929,0.483080752515566,0.548348196307856,1.77979205983595,0.257562298571994
0.300997493769313,0.564932565073641,0.537261817695509,2.09815106119261,0.350643887822771
0.38737405851691,0.511183701051372,0.519670063585628,1.84568690317589,0.449885298522161
0.312514920651219,0.568220364746865,0.71082861232255,1.94647011509973,0.319565601685767
0.304436611965539,0.521594016594657,0.479353310387595,2.05880909021063,0.314121777628288
0.302899649585962,0.53018925579898,0.483239472993023,1.65516482151351,0.441235062739993
0.296375932735202,0.491112602652334,0.450818577322483,2.036754740963,0.298579021140016
0.275553432829504,0.500645475891435,0.482177754637181,1.94099918072323,0.346320450936194
0.321380771868666,0.573897577056506,0.56623292859554,1.90111681830618,0.469750014588896
0.350544523739273,0.599407364546862,0.633759832793915,2.02974375153172,0.357477848912393
0.362089122496212,0.583182612386351,0.498157837590751,1.62684269086228,0.400601643987715
0.248006296977208,0.529174482008569,0.533364852028843,2.17934370010859,0.318425166331496
0.232392665984285,0.469755941799204,0.407903287700875,1.63732662765375,0.170327359482045
0.297526346296112,0.498686177162107,0.447651380912421,1.6213978158102,0.236439748363083
0.371734203275517,0.58681273343251,0.752480296366476,2.10671565992074,0.363950117452507
0.353106703242739,0.587313382924877,0.603320231817469,1.9232056127327,0.282993926171784
0.283260446417303,0.537336054170595,0.540730964284239,1.92021936273035,0.329273179983701
0.329131303611315,0.571017999888824,0.541627906939999,1.86562966798373,0.425131096548723
0.251446715366189,0.516084678185185,0.549330635724845,2.05086299984205,0.323870475716096
0.291557642292157,0.515524633339521,0.555554250108018,1.80796565356139,0.491248307039367
0.319211561425903,0.535270924475131,0.483829796433068,2.25444828287557,0.356486108233409
0.304542829392986,0.553604588278955,0.430878875555621,1.77305878951399,0.239722781573303
-0.0435040983376059,0.42616140379482,0.377129266459186,1.6637707302643,0.229251359852526
0.433505939204169,0.606671836494116,0.601066888089863,1.71243001832135,0.517457699711153
0.317374398043567,0.576800625992827,0.545392249841142,2.02000315330391,0.401339295642763
0.261126210009801,0.50218535197735,0.414612466251703,1.62850473438168,0.294037609453834
0.363541633987311,0.597379023977348,0.634979935463882,2.19925176222867,0.376633951517836
0.250844316276574,0.53692637002316,0.533767720732743,1.82117145746406,0.393198135189253
0.326209570910268,0.55618320109716,0.570858034011127,2.08292949317253,0.376160056829016
0.336289100024752,0.641017660007504,0.624680778393016,1.73981559173745,0.255571304213046
0.324575362974477,0.569154254566507,0.603188494700325,1.89035850293791,0.417659799415697
0.302791302203346,0.500272898974563,0.532607430439627,1.93103037389542,0.361693380066187
0.315852468325823,0.543458201236299,0.664820701808543,2.24004247315038,0.238792641111281
0.0685720765406019,0.402130432952478,0.269269005657828,1.98074937758888,0.0679376021579791
0.358764811395281,0.560768809899496,0.55623965322901,2.2583455400527,0.235144525074186
0.328770816724769,0.561885768446358,0.513576643933007,1.41244075408606,0.672362264300807
0.289199458117729,0.551997349640774,0.531976595323465,2.24150131903231,0.255552119483017
0.242447451871815,0.498501726539688,0.462206807408743,1.92416280130485,0.350364861441021
0.240720927159284,0.455588508209047,0.575303988777578,1.49175171080382,0.167106797836676
0.214811780561633,0.478442326201826,0.533974165017813,2.11450572323483,0.244658462971352
0.333245551380898,0.544973183876905,0.523122296299044,1.9117031635739,0.34828597182682
0.335795234779689,0.497970399060934,0.535273204540869,1.52859728269181,0.307664844229378
0.251594101679824,0.486823390242844,0.476899148607964,1.52646981594216,0.4395354639615
0.268506081623644,0.566121187258857,0.508820274124374,2.06161457642746,0.0839787719579043
0.371275300627357,0.553591716306084,0.479734470968464,1.78577608931303,0.218547285400918
0.340279519949247,0.551274851028229,0.58970065082379,1.44409168467957,0.27552114035615
0.363728214843693,0.55518176366721,0.589608509862812,1.47877577934845,0.279575965792648
0.281411420288139,0.540060353624427,0.507807178613214,2.34640698010378,0.231674211118469
0.259748222912558,0.564311083829617,0.491511547486163,1.62983091575039,0.140607483278799
0.276199884476206,0.529147613179454,0.545459906240722,2.01079223648002,0.273406415127267
0.332265056334533,0.561352460654238,0.570884540025973,1.9479975090747,0.468308461149196
0.275924550014895,0.555851493049905,0.577529679796538,2.00477277240951,0.285499818977448
0.147455244536477,0.450704691923333,0.546214047344187,1.80740097756787,0.142665601558117
0.242576914963638,0.52700422310424,0.605470587182074,1.52075070616313,0.174789437223147
0.279586823873722,0.56394128672206,0.586210978059171,1.84287254316962,0.324943704201234
0.341028324761334,0.554880226988328,0.594091676515314,1.55831467875827,0.43534873459096
0.21220986510276,0.510481725460121,0.540800793992636,1.7931224595624,0.307787450914141
0.289407603394745,0.543426949097092,0.536061952141946,1.77763605883379,0.421201059988405
0.278189767673263,0.526934410761687,0.6248332248821,1.88429252877547,0.359035450155547
0.291972008957068,0.564812887008841,0.575502424884998,2.00439561971813,0.462166203099798
0.202560862334088,0.510348979977003,0.543400801559829,1.97889031901109,0.234412693445058
0.319668719866933,0.525045386503934,0.540185823646971,1.92474197917988,0.282309028209624
0.252262392144423,0.550926476062791,0.515378644545045,2.36549182488342,0.234640243718816
0.323172323509264,0.575315513653563,0.460271388862376,2.11301838494449,0.377463804146618
0.20629253847212,0.479242410921518,0.423431241028397,1.7561228748157,0.0913222819016295
0.21998540272823,0.465464047437539,0.540803331719621,1.74719260821539,0.21824533422711
0.194886010423033,0.508929879448586,0.455101752872384,1.86493250405628,0.18827410131809
0.376722750890536,0.599255404864696,0.656503060450557,2.00779542471178,0.295565722347598
0.36348402105363,0.591238397487751,0.606841935006879,2.35137206179613,0.521164182802867
0.349669953298731,0.572914661698876,0.505920141747114,1.92627598246789,0.302974435483415
0.251222352689062,0.592400086204032,0.629792967740009,1.85862174827435,0.033954712926646
0.365465743414478,0.567317700310084,0.572910224937505,1.73009033740711,0.323066959606
0.34935418513668,0.552093611830246,0.585012726774965,2.05985656405578,0.281092602231349
0.364467651438896,0.547135812723862,0.576414273983573,1.87930874242282,0.374453022376592
0.307512008982272,0.600841919881864,0.698343733762372,2.01022236392802,0.219060069379983
0.209864994312669,0.509192168132614,0.511196016384632,1.98405479521797,0.167044540920494
0.253105155890059,0.476819725699374,0.603377075655614,1.89098212733087,0.222176888863673
0.325101603756008,0.535088551485784,0.561947966862761,1.71519567854166,0.243939285974398
0.302857481403843,0.548724069542538,0.506448280861656,1.7063500217847,0.181165085690199
0.509593261453954,0.504489246291805,0.615971926619074,1.92664699018362,0.490036412473211
0.242270979027047,0.487725913852657,0.531475050969869,1.79271460889836,0.368610613289398
0.347598324255817,0.552124100300107,0.503271506922026,1.31307752796482,0.383350779037312
0.262557492437555,0.484649775649124,0.434714514225875,2.02242598270605,0.274190538597999
0.392969039599047,0.587032374592324,0.539285407639961,1.74746888317366,0.309517448650883
0.298971881396446,0.529408924994148,0.558178092846877,1.84392454758633,0.382512574658672
0.200504381198356,0.477799940974894,0.504426466200826,1.87278245533991,0.102085728006538
0.356313004702234,0.552764290436125,0.442077681695713,1.80112588397159,0.377891928625298
0.3202626186977,0.533581829476288,0.54127591460667,1.85169077981634,0.337425421981174
0.345696759716341,0.565453734203008,0.579672299839619,1.77585037724598,0.260382613894627
0.402998391423321,0.585120773798906,0.450885650609523,1.7278756277925,0.317641221326071
0.408891132948108,0.567130203383525,0.699934753544447,1.73933246067255,0.348507072497815
0.227176796490381,0.518381161879748,0.491571790071419,2.29546257565993,0.237309892218959
0.299387803097112,0.551299529423555,0.565784052545138,1.65096747561286,0.301620612477638
0.335248350265276,0.570817084699324,0.561775499227978,1.83480313620496,0.323660977952478
0.223128659659595,0.520726831816699,0.583741780258703,2.39700352024931,0.372475499131508
0.22762585692277,0.532706625574858,0.487672715111646,1.76499835156478,0.291358790619611
0.204223804782187,0.469557706834413,0.492924305261454,2.32752900615625,0.164368427174158
0.27088218485631,0.535245949736506,0.51147137298099,2.17404611526212,0.558741159171622
0.268871186017821,0.503604280529691,0.502021372535914,1.83218316727259,0.358075890674108
0.257723230081658,0.47920478048092,0.394434803286555,1.95530592269704,0.277899940879422
0.397897389725788,0.594619851484524,0.528193392148374,1.7522691613141,0.405387320389573
0.364813635536276,0.587291481116932,0.550124309545413,1.60375635044121,0.28432011449103
0.388813245245546,0.562851144699271,0.589212533536915,1.63098055361739,0.397902713705532
0.206652688576772,0.499984290452761,0.499174521690243,1.87897151398842,0.114594642133287
0.29325869913905,0.540226641482621,0.489876492257284,1.58433689078642,0.334202344795281
0.35937840144929,0.555377824095275,0.557202649725571,1.68014531650963,0.430330798415787
0.322164952912904,0.51837471520408,0.590626762304513,1.94044300505475,0.375714985417269
0.247280251193972,0.564383332286704,0.520293867768802,2.06893721658492,0.0757967350805266
0.37780615216446,0.567378016685721,0.591960570141658,1.76867491847608,0.293892071011419
0.317001493679261,0.509305631262148,0.435427109427817,1.59301328199673,0.378797271463878
0.297244774369848,0.518532238983588,0.577656138946289,1.5749255261144,0.184155202544569
0.243040525699678,0.519748377240007,0.597391349506434,2.09719465396128,0.263386773036897
0.446488473025983,0.673251174706156,0.689311206816522,1.70243622384375,0.412210516845276
0.283174975069744,0.530427438764812,0.575287295123814,2.18421575072823,0.235518777411984
0.379748954958211,0.557065386896704,0.491056880426201,1.28390017276031,0.348405145398383
0.360889457486802,0.588632370909623,0.597415309247856,1.7206970142343,0.398055288621695
0.269667856291291,0.516259552340421,0.558385369371923,1.50562136958701,0.338550117432095
0.184631498012765,0.48322563192145,0.382195104585819,1.90766854014463,0.280830827418369
0.261767230627962,0.512041807587396,0.556225891192038,1.87398589017678,0.370580562569043
0.342951865147982,0.537452958926753,0.558562947686356,1.53637362283738,0.294620421241849
0.345353374864798,0.580449144959979,0.624903385829102,1.91361093601251,0.336846430546931
0.335722663821056,0.565652715138838,0.587627672763945,1.56732198954472,0.241842766856746
0.283812589696335,0.512265260066249,0.353731942009329,1.62469057328422,0.00645590143705422
0.327202834870906,0.498931164322406,0.530713262781768,1.9637156592225,0.209929797014698
0.345476673606964,0.552079480913352,0.659773218594509,2.06934908487288,0.332514283186229
0.392220245743728,0.625040741081337,0.68981480402994,2.10238269197321,0.440761603727007
0.297982956653066,0.496593700588878,0.545361516275695,1.69218039532978,0.282998759074355
0.247978923073304,0.542348808628471,0.578708049616813,2.08501355096932,0.242830041724252
0.195141886458546,0.503684349824357,0.518411509046758,1.63690062624279,0.104318546121762
0.335152435899657,0.55516465946789,0.463813633043254,2.4565885543385,0.270331418306094
0.222144214581847,0.504233718710112,0.52190753964604,1.98617883591043,0.208606495499266
0.318690115039985,0.526918216830956,0.646247341956957,1.96621218411023,0.298477538750881
0.282174767095978,0.523034200278599,0.599323339852495,1.80975640067639,0.273072557817761
0.298393863889751,0.52009250950923,0.480485116803792,1.80415334192073,0.357854608734499
0.302130790399422,0.501949816149155,0.534194110642302,1.84852410712947,0.261232280835133
0.366014908553472,0.572872642880913,0.596148590798911,1.94311757889202,0.388170690770532
0.247554138722276,0.4510923736205,0.351475834488889,1.83368715627646,0.275360815649155
0.342007378640694,0.557358933997657,0.497526657460326,1.909267178478,0.427787553394145
0.292927864001252,0.547060900350113,0.597562303856087,2.13746986555257,0.376027012986825
0.371516578558088,0.56879407928234,0.675704185869916,1.51377075438671,0.398153989912211
0.314691803530408,0.531390990493364,0.606750577493635,1.72264390447299,0.364734365404832
0.347677506348431,0.562599256603187,0.459811026234432,1.69161042033045,0.440463537748611
0.393777467212788,0.594329279388585,0.539061090237486,1.97172526535738,0.339585424656136
0.255345950452395,0.53691561953098,0.360868125892472,1.87344633065145,0.309032643696172
0.435089500848093,0.578806107410768,0.629500292156672,1.84253700224181,0.257330843973545
0.292064979485833,0.546076539658181,0.555243991636086,1.84360624124935,0.230241340932028
0.40033022067154,0.63406882138487,0.49480683849101,1.89914303996543,0.274494511046707
0.309959983566717,0.549484031401457,0.639375232105793,1.85676929671005,0.296090356830521
0.387497938734787,0.626456887874875,0.394785048387115,2.22389947926118,0.505838623740295
0.173974531798237,0.495459628355823,0.461959331506658,2.40356760469884,0.0856455772703494
0.424069337400824,0.629269619163,0.72671018722718,1.83985599270181,0.373569923752864
0.294527976653229,0.526120837995873,0.516280932282237,2.17920457302648,0.232677743001412
0.346522123868808,0.573126452688552,0.607672739994646,1.47893475431718,0.31812444467725
0.380673075161429,0.583925132713007,0.633248522795415,1.89610023354087,0.352939788575833
0.390166762573793,0.561255382382621,0.554214568177184,1.53748468426341,0.234136090530953
0.302180124248594,0.517949926609719,0.494184597504183,1.68780259050693,0.337600499354687
0.286787478573721,0.520601784203037,0.57829025167264,1.53637455011134,0.280965302005855
0.28049217923612,0.532009221594998,0.489551429016557,1.83156095697266,0.304526713114856
0.285105353198392,0.561503362830386,0.527027230286341,1.91990072692798,0.173864694479074
0.235360938178146,0.523506174043611,0.404976864410314,2.33414464436937,0.174742055633899
0.219250238293909,0.470943508131037,0.477808076240999,2.08607998987204,0.348133305690907
0.225828814244789,0.508449128994469,0.472748650179015,1.78077583288129,0.244602284627959
0.247378752805029,0.488108508709195,0.515909634612778,2.22319135395325,0.241609196521064
0.215134977778919,0.508056926840829,0.513147254841764,2.45129762551284,0.232982671479748
0.301498013853831,0.521450684515445,0.462227553425034,1.60126276323818,0.505155891970715
0.355709106054875,0.615171355673774,0.674210206819417,1.84647123079678,0.329563009579817
0.206769146371812,0.500478923024253,0.599987101596472,2.42168070077786,0.199624455998414
0.320702876666864,0.527718203801703,0.467939714066592,1.83682095951753,0.368921249691515
0.344650189188023,0.53957888444841,0.529543249092515,1.68954931535749,0.386925499717274
0.244992482461495,0.503691103046981,0.722484560819569,1.54061068112465,0.213400700390159
0.344095104636983,0.548915905264289,0.552755452250894,1.77057253826189,0.222673158433762
0.251729883989223,0.480793640403162,0.410542613512241,1.56068666683175,0.104681911125369
0.276215679670206,0.509748745511994,0.631407682098468,1.88988155246044,0.26172442977337
0.373987791225343,0.596868130278343,0.622255161459052,1.84900962045801,0.745396535019434
0.279082252053262,0.535291020594476,0.571899762839739,1.73880074695491,0.1981547845956
0.27977571375889,0.518980860610734,0.512212991025602,1.69145439130722,0.0773582694471872
0.342154809073738,0.547654752708412,0.585127371617686,1.96578727192815,0.351741051299114
0.301700793273934,0.515104747923883,0.503279473482492,2.00120837635825,0.15350326878811
0.346341271378265,0.593959345131422,0.729826959049855,2.04800966937949,0.367764712693421
0.243397775168692,0.488847683636064,0.500678519270029,1.69766286323186,0.288633310345541
0.189284325193343,0.486809473413197,0.510319352792327,2.12968876580244,0.178324842096572
0.300758613405636,0.526292490187248,0.440977808658862,1.81496546525006,0.432498290587797
0.340612690121187,0.525481246526225,0.621653363852869,1.70750546753823,0.299603263245575
0.350303533008963,0.591634541685437,0.501624758102788,2.07762503946678,0.404189874860089
0.305554550989392,0.570686674736204,0.674537447016781,1.7765293356405,0.425616801324319
0.320369951144076,0.524616894430978,0.531651916231692,2.37313017037756,0.296497878090544
0.208096869793811,0.497323980525464,0.445086447408465,1.9922285833745,0.415297650990683
0.177640753349796,0.487142918352453,0.470556861651232,1.97628991874685,-0.0759853192289154
0.271260244759514,0.50647219963766,0.514570240128634,2.07641434232008,0.358400004636277
0.191341804326817,0.50309702867709,0.535467653999317,1.91039189805451,-0.0596044417250647
0.29512332794234,0.528504072974761,0.59058220079546,2.26417243851961,0.357467721478538
0.395944550180305,0.591901749123099,0.696780361089125,1.80036717930591,0.443278456072985
0.24852575475828,0.515695103590273,0.518365919944918,1.72362325162757,0.366254942838639
0.315992733065403,0.498369554010188,0.524910335440729,1.29919590495439,0.42244858662428
0.350235315644069,0.557338344409643,0.568373767880682,2.13010418174567,0.347448629486931
0.281637226237993,0.51748430465713,0.563753113661422,2.16669223382318,0.193919030927501
0.330532078303527,0.533669336696297,0.526546909225075,1.18697504434102,0.373729699926443
0.290775298133729,0.490406189018196,0.466649178829161,2.06485486497416,0.251723919740134
0.227397271725284,0.509964800089443,0.490047535904512,2.0240420131006,0.207275468913515
0.271578474351865,0.501361373108648,0.552044611217878,1.61248569237676,0.253813944764926
0.298470789979207,0.574004709998879,0.492859701594168,2.07131756742895,0.398186083229794
0.354627689007696,0.558831107378605,0.517752580396173,1.85683521746094,0.338653375614052
0.306767139380987,0.552975966955881,0.585294078968685,1.83976293999213,0.357325512928018
0.208482429227908,0.482961478669641,0.490505881225452,1.85804868620233,0.287132306670088
0.253441316460916,0.543214746210283,0.584008158752394,2.21335138345807,0.227207686334473
0.401737817362626,0.596353536573269,0.623697770797602,1.76763255851126,0.530354113116598
0.238750593575426,0.547741750789995,0.537556708889814,2.24872606871522,0.309705837617006
0.323651331889996,0.572258426329011,0.546972981667867,1.70677795823841,0.515205807334828
0.241393783768143,0.461098843165586,0.520033509068306,1.68702757585234,0.178868556043314
0.203641489000846,0.496186499034756,0.540712391645833,1.69029321869795,0.1538865573748
0.232378145396817,0.547338100860424,0.625605275324719,1.90140996320767,0.391100651340774
0.289006134411743,0.53443468163423,0.545779090652773,1.80156321976543,0.181189837440922
0.273945076828839,0.521763736518789,0.599448836887933,1.78038183596402,0.293903460411891
0.250049081090185,0.508889407882521,0.44481713406351,1.64513918198042,0.399296541680053
0.29888014851392,0.524536284994314,0.507117163387868,1.99630554247122,0.24664816850974
0.293421819994935,0.501818800430527,0.562302990472628,1.4530552378369,0.336176948844665
0.374943171702056,0.600696525949774,0.602429646835237,1.32204967318155,0.818700705442787
0.390064197052366,0.595361101912494,0.762037875506271,1.66673890195573,0.600273168148705
0.26853547722701,0.530951369738781,0.391313821809413,2.06010464708956,0.335023539992477
0.295617487851859,0.526296158792087,0.602918679448754,1.7603176347476,0.327395798208069
0.360845262917967,0.59896769206678,0.531657798679458,1.92340025219111,0.606669852334697
0.315925566337892,0.546250988568584,0.581684447398505,2.06052641504221,0.209724536093156
0.283323599970882,0.513071521087934,0.565414312410555,1.82366240517079,0.354043563344216
0.234255174052443,0.434282936942153,0.334282178425572,2.03974354871104,0.349578204634523
0.347595712979187,0.57789607090401,0.566281799348402,1.97664225326656,0.385975014308307
0.327900708371504,0.578658612776962,0.556170652532856,1.99601515935306,0.647415201987664
0.182640061752442,0.494191406202131,0.493621305362543,2.11162685441158,0.187091523165942
0.333344591659581,0.588663197614071,0.57983157679252,2.28922833865916,0.353433655944901
0.286607133467198,0.504165234654863,0.456776606937847,1.99939879141044,0.38911181093136
0.264872816477378,0.546480211282762,0.614682389741704,1.84309841228165,0.219791159038227
0.344513306185242,0.519870151777973,0.543752228052249,1.59936243462103,0.273102770987569
0.307143432629319,0.510034528356526,0.529509762076955,2.11134063209384,0.311699959925749
0.381698937217853,0.557657106567344,0.498527517458914,1.6096222097432,0.389249393115073
0.341150032221149,0.582001775959198,0.632939263740651,2.0297099264134,0.380903165302022
0.324482080102106,0.55548128057224,0.568682470995279,1.62068975259966,0.0850822119747083
0.225549620136131,0.476261915438142,0.548803999811644,1.55520800159765,0.206986928038657
0.301611981153854,0.585813732994214,0.679948141063191,1.91599676184757,0.366366759386523
0.413864211604532,0.602644775765033,0.64854355165388,1.68242722675722,0.430590351939077
0.319635282130503,0.562723225816797,0.531856895708775,1.91205041374917,0.416040089679988
0.29410986322485,0.546309157657836,0.572250714053637,2.06285924536354,0.577143944093846
0.335298508455781,0.586860960896225,0.644877633834556,2.30517035782313,0.576241243005834
0.230672686868676,0.516364804755693,0.44797091762944,1.74752872427659,0.0963434879688368
0.264659703446097,0.496232388626098,0.556584849471329,2.02465903871931,0.17829597630623
0.231449840766663,0.503574436760633,0.517149928614743,1.81997431677048,0.317444364358392
0.277450398430546,0.537426268677621,0.591301510592503,1.88618003703378,0.360557015013193
0.250900158811286,0.475211462252766,0.522616838790542,1.7101361099344,0.210491586806619
0.266011956138517,0.528871742085274,0.51125563400732,1.72282002769708,0.0860725055343948
0.404314753141003,0.621360721050515,0.598617069003855,1.52079213020476,0.417535468421564
0.215044560880389,0.461653628006164,0.406365335473814,1.82339727645367,0.160508477743116
0.40648863064155,0.624174594750438,0.564024011669885,1.55026022325566,0.503234747650417
0.356629909979843,0.537567642379612,0.42114575967991,1.54415425876988,0.313326542624084
0.408165096286644,0.585366253849395,0.556992801254192,1.73277397358616,0.363272589271785
0.379670683604995,0.542414664929853,0.429461007165204,1.80383837321912,0.328254578176664
0.332234066072628,0.548454684760905,0.494096342351239,1.67677237588005,0.424931793029351
0.31362646213473,0.571846028200335,0.574634838518143,2.13310452566886,0.488064804786192
0.344909929523444,0.562523330081923,0.669171936285937,1.67730290136686,0.401223820277508
0.438303434941695,0.643773538496692,0.625068572793565,1.76808083394942,0.498445987462667
0.290857787090207,0.531179944984147,0.548742357511788,1.85481947532793,0.276908235825405
0.33333301578003,0.570537079651655,0.535234571406995,1.83063983501314,0.327750698866613
0.289855550350009,0.513151711266587,0.559846954222703,1.75698180588922,0.512861022687212
0.352250745579665,0.591061874587302,0.765270476188088,2.30368156388331,0.450975707966603
0.334550425018639,0.596970958796281,0.671176696867901,1.84786951198418,0.310375386960205
0.313756434351391,0.547042596838059,0.599928254589106,1.86142531230962,0.360228549337261
0.237335047361029,0.476762973767358,0.440082811177079,2.1837076161041,0.317073611610607
0.233812887134991,0.456856996481542,0.406158136059989,1.84988439081592,0.220487033455511
0.302720072587639,0.497056454539623,0.605858622112941,2.1155902424645,0.330991450672505
0.223754146119742,0.508096299498026,0.517918179524585,2.28123787249878,0.292022195977943
0.269701810134577,0.479844355918019,0.481678708801319,1.73809380451751,0.230993903065245
0.324562561863793,0.582983670838507,0.582020149812802,1.935901246677,0.30829260168121
0.274627400463128,0.555862380173823,0.598027606992719,1.96357351885021,0.410626334569723
0.204211941891694,0.462431456733535,0.473511469920491,2.09775885478182,0.218831544065384
0.211139014482876,0.518263840318216,0.555654746662912,2.09342432965735,0.228918571179177
0.253076217621614,0.508920111008124,0.523122692883995,1.95122217779725,0.346078784205987
0.344531447034483,0.555880715547817,0.612880047003402,1.66447944249268,0.304820905433943
0.273073724434815,0.530414395063812,0.601838359713555,1.8383483623306,0.212449453233189
0.30438932122767,0.561305994025175,0.492202233108639,2.08132526456061,0.322433004401795
0.360671115082412,0.576412777765047,0.494324811228323,1.90502598600644,0.391433471507451
0.380138184174787,0.606031819973305,0.581639416464633,1.35938682291474,0.362472020898625
0.34175560575565,0.538547911262436,0.503624433392734,1.64778584552963,0.324530952406282
0.243303364490579,0.473343181941482,0.309116550419269,2.07661532738403,0.34821871105724
0.367896230581842,0.530833272941337,0.50478854316574,1.68943971858279,0.425468166195296
0.303996177121719,0.528251103399867,0.496563140948518,1.84382996755275,0.29948024895586
0.331077215448173,0.534282843960008,0.623728090362163,1.69705081824567,0.496871548211517
0.248059220166361,0.563369728641293,0.601490631024563,2.32969236657086,0.210175870934125
0.285597160782904,0.532984362673015,0.550091373672992,1.97545493543648,0.274238438562815
0.296521526930476,0.548136979833345,0.514018062099853,2.20996021061381,0.276127711838381
0.571265146576498,0.580455087730936,0.531916433065579,2.19548061942191,0.519600315279018
0.409620367025055,0.574867416567695,0.586790574010641,1.79975429030837,0.450840799118418
0.297617726898021,0.568608192482916,0.655313782187377,1.7507632340959,0.366731810625076
0.266268241289309,0.506031223243336,0.405728044890855,1.67115582663337,0.320130763723629
0.34496312883968,0.574096070247688,0.541112434842871,1.89748973106016,0.422385506875725
0.233026034206707,0.458619131209555,0.408327831420107,1.77568415091353,0.254657448075332
0.25864452376852,0.528403303296654,0.660575229904398,2.00497623072152,0.269341977678714
0.301841581167959,0.5473754021375,0.572152869291908,1.9548176214701,0.630884519091752
0.367478674592338,0.560140263613323,0.548018041659103,1.78197464540377,0.290996490768351
0.368503609836269,0.544371090889051,0.488016415320418,2.04040606826191,0.474250664009234
0.224677777120617,0.528336527735819,0.617099841482999,1.69517246594971,0.0736657613450099
0.25943989244517,0.48394721987657,0.460740220207945,1.71655400903571,0.241060544455264
0.198443941530467,0.499868514376494,0.475611139675816,2.10176778790917,0.133648034883232
0.236322398736779,0.498932203764832,0.390890632071386,2.18327284708123,0.315135824859759
0.264783154868989,0.528805099785329,0.523575289262857,1.57253760255226,0.259096728676953
0.336639172435264,0.553472749696433,0.592423540861501,2.08101528627884,0.443915654673228
0.281118339330054,0.510079492419441,0.537992745998877,1.81770141697087,0.353074583519514
0.283869741738453,0.510353059651718,0.510045660992617,1.71126710530764,0.468355468663632
0.293247753863968,0.526368134118684,0.523019447523104,1.90439334636495,0.204164716702598
0.282340209597999,0.508800845098008,0.494792393979301,2.07525592137019,0.240805439778662
0.332578500541108,0.551510609551073,0.51712839954998,1.67230561317646,0.310457550020817
0.403810080929864,0.628250806077607,0.646396605084726,2.24719823744794,0.455189981379914
0.293691030214081,0.578635220260627,0.514064911182856,2.00679868999143,0.302843685819588
0.260279052795649,0.495237967394522,0.561829674893917,2.05316776978358,0.294878105609059
0.364896749527196,0.581543618255274,0.533956220467308,1.88913063248682,0.111527131902853
0.232032220271092,0.50710847683411,0.40720454742826,1.88639889045556,0.320766485349527
0.385311044550926,0.6011689132349,0.630024703236299,1.89968725261098,0.636979094831578
0.27809507259828,0.494322916398277,0.536170869091098,2.20244076605223,0.233448397103218
0.25978264407205,0.499985203728613,0.550329919201068,1.58749555521424,0.276322385012203
0.310033637915731,0.488269791008593,0.498628686347619,1.54222002400158,0.378040785130765
0.371036216600863,0.578039770188845,0.496903658761241,2.09173089794837,0.278437290185182
0.319788892798133,0.554653986998451,0.489940084619688,1.68363333733976,0.27442417896486
0.260447566094851,0.492322113387138,0.299045266834661,1.60244569554866,0.514054070292806
0.311427820777964,0.536939027959957,0.426586912688652,1.97046735787232,0.324074906159394
0.454098712175108,0.615589599474775,0.661596656683148,1.80762683206887,0.430279488892211
0.20372860656034,0.479863791825004,0.487261366019632,1.984512785377,0.142858063003186
0.334406665740049,0.522038226349665,0.544232010049029,1.8322965657873,0.346926232705761
0.269153785948752,0.547396548088219,0.542484706505821,1.81791048524197,0.224806718822688
0.212985297573041,0.435690782453902,0.406027777524828,1.91658483164146,0.00597410945517693
0.208734341272526,0.504210651438649,0.574922822744284,1.74713024586375,0.187301822912954
0.27185722029915,0.530141763019014,0.509812140905384,2.23470416631427,0.27282501147395
0.224112430985741,0.506127886640837,0.501834902661566,1.94100260790777,0.0897230549976842
0.380304996872758,0.561639360518178,0.643132295116455,1.85681024079927,0.635822430609923
0.307755264358577,0.536775557077309,0.398525818012423,1.90577941287649,0.403577379788449
0.187893075292978,0.455179554053123,0.400697689354804,2.04361429172225,-0.0052052805551291
0.309079897697448,0.595028283415663,0.636335612025653,2.11093058055064,0.339562544271796
0.284496088959205,0.531251332080529,0.429672190066478,1.82004801673018,0.345521845348722
0.374113595013941,0.56486575273629,0.631494318879607,1.72144638601145,0.237227120323407
0.347909693610467,0.553442103782416,0.551893348683648,1.32472327245985,0.345724670053508
0.378086683577276,0.569409855035579,0.525839490624282,1.45307821046003,0.278489685759285
0.260347399207396,0.538520427480556,0.59703954646416,1.78516905245199,0.361085583478036
0.311325068422294,0.52137133215824,0.521000491115979,1.71301803341627,0.279060126010852
0.331993959418303,0.526250909061977,0.532930052409595,1.72540897436349,0.425373979969705
0.191022851124156,0.47101277103133,0.511979143958666,1.75366191163351,-0.0524305104017315
0.349851679460444,0.569098114124523,0.635717230754825,1.99911948831444,0.462967905915332
0.206152984430842,0.501690349122841,0.490276565041404,1.73799496504513,0.176649161963496
0.373314697267729,0.598211250653211,0.615284075642663,1.7721142961766,0.417344835333384
0.325372817161192,0.517514314772903,0.499142904817153,1.87476791126501,0.131131146728617
0.316515940255804,0.487199650188744,0.474804357445935,1.74933641864959,0.123217904423317
0.304798943028839,0.529486419298255,0.542964206723491,2.118665710121,0.330090324090383
0.270786778643401,0.532606770456347,0.528276434295968,1.88197509542689,0.236185821200106
0.32364893697866,0.558942676942954,0.688912584759546,1.64819999293458,0.359812918744389
0.356479547809545,0.559750288582186,0.539470747064023,1.91117711911245,0.397597914319138
0.383250571641023,0.567693787578365,0.5020041416687,2.20022917118053,0.43312092691552
0.299429767771409,0.56064740097093,0.619516342590485,2.03796495266467,0.290893402147073
0.304169856936618,0.531724905017092,0.509963743116764,1.48506435189436,0.0823530895711282
0.320096818832879,0.529971086281515,0.464015113411265,2.17224703764783,0.423436367777389
0.373649136272326,0.629232517714461,0.727859127616077,2.13447463520689,0.410404937870271
0.317097915920364,0.552837441808063,0.561698538593096,1.47106319777219,0.436449832228176
0.353213925222476,0.573742041576186,0.6162203364127,2.15598264354132,0.41602489135299
0.261425660813033,0.536820348254919,0.670579116850193,2.03490817211946,0.443321910814803
0.357489378555406,0.547208686744035,0.600175382278789,1.81033194333804,0.437176843230963
0.394671033498244,0.593753597332882,0.606572356172186,1.80307513677455,0.393965977297581
0.276683087200489,0.573217137510733,0.614362132429879,2.03114201441846,0.313944190667285
0.245661404930091,0.489080091974346,0.517698193733411,1.97754814453157,0.28505103464151
0.398444116170177,0.603465623938649,0.605607155465341,1.67559300362914,0.361713286383113
0.304542834023541,0.522704085187631,0.494225218531239,1.57577312066995,0.376284614058131
0.25144407036937,0.49460286337491,0.492015854596873,2.37840683344216,0.206343865886668
0.336250090689145,0.576657593019602,0.571543847739272,1.91943356164373,0.440271435987238
0.340188010193187,0.568981707653713,0.63452710531442,1.59238193290055,0.381312400983321
0.331616921234266,0.510697267201008,0.52204055749203,1.85313086324548,0.416289629696286
0.305476854987175,0.545640255643044,0.599968211331583,1.83423719718755,0.309164347081815
0.296965914310941,0.565242478097165,0.527844679482432,2.28493648326688,0.407938874416625
0.356639155983933,0.568113301612342,0.641825986636602,1.798996359984,0.338503473905315
0.353863336829274,0.616661824045894,0.653065259170676,2.32020812346114,0.290276299929458
0.381795914752131,0.576961474770219,0.77435211182708,1.39041781070903,0.302152276454351
0.293824865182042,0.558658456376156,0.477730743003863,1.97205688142807,0.274959406493458
0.338718140322752,0.51841437246363,0.48574094168591,1.68410924610124,0.505027848006723
0.356017096140141,0.579878263298332,0.648957599512435,2.58294603263449,0.397037402564149
0.316104312767682,0.546488313089019,0.527310287878364,2.0513852295838,0.428834086891257
0.312817062252995,0.552741399219848,0.565724894481779,2.14075593661376,0.141006790512414
0.289187277619274,0.503273916634678,0.47151021113936,1.94790790958461,0.337902967351764
0.379969729076053,0.525197883654183,0.596688071658249,1.2512272063194,0.396470330883232
0.238881484495602,0.50325458671892,0.553562848729254,2.05536166987756,0.257714629686034
0.253725158102778,0.459072138986239,0.482370425822571,2.10115891014704,0.192444126218416
0.252851364933134,0.586937151198059,0.593186200815918,1.82891671444113,0.348265995611409
0.30338342851797,0.52302320811156,0.40309240765478,1.76577232878691,0.39785937597184
0.314518487286616,0.550133677034993,0.552228767626891,2.30884294486562,0.34512700696781
0.309547436373325,0.561946206769697,0.524324968986905,2.18473430412395,0.213473243358222
0.332760763589664,0.516998317071116,0.518507083965511,1.66237090576789,0.401191054388729
0.274939010099159,0.523288430761424,0.5338207631384,2.02613224092801,0.354141839781011
0.346240559414648,0.531164504256421,0.633143009026863,1.58035305041087,0.287163175510631
0.208446790455009,0.491280166054465,0.569282637292982,1.80674752744402,0.252322462987313
0.316568168227829,0.53865648393301,0.488060461890576,2.06591472991476,0.472768257732529
0.397610334927109,0.589503190672631,0.443379812536504,1.86220873523003,0.255583101066296
0.198041942092047,0.449232242761496,0.36177147053885,2.1309854807221,0.260789638030392
0.377627125030962,0.579460576570103,0.461264177367442,1.4800407371737,0.440851846835339
0.36515178063738,0.592345931876251,0.567561974804158,1.90648575167146,0.437840501956474
0.31188721204632,0.570476034031562,0.642812507349039,1.52546412005026,0.196347676434349
0.317520396928595,0.574260322329271,0.487099753939454,1.9113958926803,0.301307164249266
0.373903927140761,0.587051248193895,0.615757380380733,1.63664304458614,0.358371021894887
0.213570339062191,0.505599136570937,0.512656914964967,2.27906976166645,0.225138943294088
0.275142091681914,0.533240033199612,0.543953574042784,1.57873276949764,0.271013515363366
0.162594971219804,0.424367873417419,0.478195986756091,1.96819097699406,0.365481555544452
0.393019961964077,0.587512028244768,0.604422814422987,1.64551792217443,0.472117087277825
0.256806058759634,0.536138035716533,0.550763067505445,1.68677909408065,0.356591168809573
0.359900966881772,0.573318543644384,0.60063031678684,1.88354431846322,0.409361800043803
0.333432320636974,0.548251806466256,0.587707825453006,2.01626969725717,0.371711137708866
0.301878780121676,0.50300945882138,0.506475860657499,1.87349598101153,0.384249321996723
0.276376623646337,0.494842072990991,0.532819329621012,1.79949826439051,0.180659528159298
0.373557224328877,0.566697502425751,0.609623915434677,1.68992753310201,0.29268485307188
0.398870592815676,0.589964187072615,0.535246253801874,1.6051918679622,0.437813594586827
0.224183490052977,0.462175341581379,0.511449820840244,1.67945654712201,0.162506036336598
0.215891814270239,0.492610323659059,0.606103925477605,1.65660426430371,0.266032374070703
0.2516972525627,0.514630139087089,0.484957190505683,1.91815338343031,0.358503166207339
0.273264213065461,0.509921512312799,0.521705690731964,1.6547877990419,0.45562811689008
0.370121281095297,0.576724801816208,0.593912124963505,1.68207026121034,0.370719202910128
0.287934539075902,0.514185300687998,0.418383270724453,1.93262927050367,0.352462152029359
0.296498903184469,0.531593605974224,0.497385764812969,1.78231977081887,0.2331222516467
0.351507942191899,0.561314775918243,0.579348646697095,1.46554231806945,0.588249661884565
0.308891330832063,0.558874939080621,0.527101378202474,1.85607774141126,0.434319619512458
0.348931328793791,0.613064587969575,0.645510453851732,2.36456107979068,0.387726879844139
0.316869215559239,0.615053574634519,0.683590502390517,2.49530688627912,0.366265855542124
0.217730550970296,0.463553023686191,0.521064700865718,2.24309023306875,0.342991437782387
0.312258527831966,0.562792145416028,0.57392749823337,1.7925630188232,0.281892896564236
0.292477904688536,0.542488026754116,0.594214385303173,2.09601743856079,0.372715555640725
0.259025499779502,0.516725532381655,0.443728442355397,1.81584114598332,0.283409180412333
0.285750918237534,0.536759962145092,0.592510491941687,1.96929510951658,0.565556000941122
0.308110550032457,0.540673430152059,0.428748575485097,1.93684512939538,0.295238171302404
0.387520453763292,0.573585483506161,0.529218213241454,1.48221343957715,0.418112987589025
0.290744419492385,0.561812079961221,0.444857040227056,1.86570882407841,0.358373318973015
0.37258399061782,0.601902844039436,0.559095756828173,1.95875100452949,0.595334867671347
0.323973650359018,0.581819994578253,0.696017942803572,1.8760467710502,0.38728861755939
0.326208015120133,0.484288176494983,0.447336341538696,1.79369006748986,0.260935409855448
0.273515834798428,0.522619311224141,0.479850774828717,2.24841940472459,0.103092131232923
0.388702827451484,0.626506788260143,0.611260865079032,1.8617910837564,0.372767598445387
0.303970873041248,0.509195293165948,0.496556554845138,1.68019902975114,0.350060398861763
0.369943167677487,0.58681105880383,0.626192502558421,1.90279367670551,0.264739954779434
0.317087300733548,0.544952637544971,0.633633865985763,1.58345144585253,0.285541198409472
0.295178741816284,0.558933914970394,0.435194953955901,1.77095057254015,0.403753205820923
0.278289752009206,0.52167762606318,0.47794262250356,1.83033594176539,0.149686780562258
0.343665580735781,0.598332525170662,0.647786697839438,1.60905619034688,0.306623793361872
0.354916323997971,0.554978974787403,0.520734850611424,2.1929076511605,0.400852644032989
0.294234788258145,0.543459497081244,0.621769941901687,1.85715627648129,0.285027974567209
0.355482686592216,0.503128126934783,0.535080196758128,1.43094703425673,0.294829572416013
0.251427015389882,0.556500802862322,0.658546271677989,1.82014807605509,0.328397264977065
0.22231484492608,0.450257273354796,0.479127860965708,1.89510237019938,0.304807817219387
0.223654365154975,0.567424489729247,0.651221043960203,1.88222032875808,0.419946419137794
0.322706537800251,0.558641911990203,0.757866101639793,1.67089067053731,0.398736460573965
0.341904149858585,0.538813825577876,0.591287579662382,1.79110452769581,0.397404687005556
0.284424576540372,0.554927566856812,0.492181141902685,1.92870825076766,0.443670062846119
0.242204944446887,0.566083386476806,0.579421581918148,1.82459958958309,0.33517370418011
0.253099176087578,0.486764837790812,0.460647651840185,1.95096688135866,0.305716114928233
0.343573999271747,0.573369446928581,0.552307251272432,1.85792028760741,0.188479624160012
0.253933885465758,0.528417487376191,0.568345438233697,2.11328563294716,0.278464317893482
0.199784465819454,0.455898107867944,0.398088995286808,1.31944990371866,0.310292862618855
0.353120561200863,0.568589911509855,0.655940646736811,2.10287576790477,0.407638040329076
0.312910067320295,0.553578173559127,0.578617567493116,1.99466411235599,0.411490656965684
0.257743240362749,0.498774571494183,0.577621526598738,1.69772837857197,0.225519398680871
0.260790767960059,0.566046292352868,0.564192365039707,1.69867248729017,0.476605919155903
0.333834041235388,0.51945002228376,0.454006217675907,1.64580965673184,0.273233319203507
0.188244732467881,0.479454847135433,0.489621546431719,1.52474906547443,0.246045320960629
0.348230861489322,0.555243641443394,0.550210115517747,2.15811394559366,0.535825185609298
0.359822567763679,0.580358864637121,0.616109929683307,2.17244327080036,0.349003341610972
0.33164057795106,0.56846001477257,0.533962509235476,2.04918014503293,0.29916709886053
0.223037887468213,0.47589973823939,0.452667038131555,2.18001839463081,0.431608405450308
0.278675096648854,0.554683528804413,0.56770565272253,2.22506465636247,0.287260821226273
0.171115386894752,0.492273602863391,0.517570951604863,1.7219003693815,0.133934186629673
0.397245186254333,0.601758061193564,0.626093309305847,1.71982299420008,0.267795870104694
0.239412693404341,0.49559989387133,0.488923842890663,2.29074414881034,0.245182413916574
0.300787101777253,0.533843122364021,0.552430312497356,1.47392571561001,0.370907896504922
0.195510619396999,0.486918367305705,0.49261352842989,1.84369080476286,0.16471408568834
0.325005467083066,0.574324345852411,0.515158866900631,1.90610571995027,0.147314453560224
0.299522998214879,0.553474222345251,0.59071194601158,1.66295554900053,0.269402117520386
0.335934329432253,0.57507921257688,0.643524753273147,2.06118732109337,0.366525799906446
0.316045730204622,0.52259324952759,0.488350617000616,2.06887958243465,0.419544470707057
0.297179683643838,0.55716181842788,0.598911651997357,2.24230370639626,0.247221545645464
0.277474237539906,0.59723945494976,0.561450961774797,1.96810843645747,0.0244065542370544
0.202881385334563,0.490972230727928,0.42108578346567,1.90253377302273,0.170375331901124
0.264530329677625,0.532905700854864,0.56318378822866,1.83657260667879,0.193095883876707
0.306925119711241,0.552187653090856,0.579468835564912,2.03258407047088,0.398183102706104
0.30674235617279,0.522309345813575,0.469827270483594,1.78192851689183,0.262924427473137
0.273402014585711,0.519996377402022,0.579366046288151,1.7010292205858,0.283174548178557
0.353104940498935,0.556787918555072,0.593900909477656,2.17807920279486,0.427436698770921
0.223226643014476,0.518012012144473,0.567065276030214,1.80131767824891,0.399217425249202
0.306584631104304,0.568161899173706,0.372715565329437,2.09094552964819,0.276328074335626
0.302858222011956,0.518093322180269,0.436509677996243,1.62027661793061,0.362043396333505
0.261277708091508,0.501952164572068,0.461153981229082,1.59779204571051,0.296713497769397
0.21937450810273,0.503020783629155,0.57865709286011,1.36739387663312,0.264036691525901
0.302980173908726,0.51325326717068,0.442053960755775,1.91203940740676,0.360039076166145
0.299363460101335,0.557513540289767,0.581511165914997,1.95203587097212,0.272263346684536
0.37231700725795,0.587158517421458,0.55374500437512,1.92135971464757,0.306151587964063
0.216781924703358,0.498839338424761,0.668435457605535,2.23362753692835,0.143305938332286
0.311625599715776,0.532065890926083,0.503485513000546,1.96168380858265,0.477866224939277
0.335366208970718,0.578503632633475,0.583245741855815,1.86536011555612,0.307099830486861
0.332527660435714,0.564102713557793,0.604741438942125,1.96769919871619,0.608882921684524
0.229229575085578,0.512814401305663,0.472765733662745,1.70751833705217,0.31021175897864
0.357362242899729,0.565258955170739,0.557953178914422,2.22088693473526,0.393883487298226
0.379698944677403,0.603349910044821,0.756678295861239,1.71604766339645,0.450979963317354
0.209591393962651,0.524313471875391,0.475116060020365,2.12651380621757,0.379966061312405
0.258950060128196,0.482596289584763,0.481954496052286,1.57226938052463,0.204565241422616
0.313557564208229,0.517570693675036,0.57805389187442,1.85195207365103,0.293778685308605
0.230708907194683,0.517606981017777,0.534840716373125,1.79729272273916,0.21638869803545
0.321821621885319,0.490579158217073,0.450402903842077,2.00412806318591,0.487561208369149
0.286332563662344,0.540364325970538,0.62936028955183,1.81838705068042,0.289255635147074
0.395047011578858,0.598565230057286,0.607579721728776,2.20015985667916,0.338431423935674
0.31060216418071,0.542161727627999,0.547291286889607,2.00255003629538,0.492764058128264
0.160849802916474,0.462817593976663,0.363973404101283,2.61315701723396,0.143229545414444
0.344149899872883,0.571743074827859,0.563997342676588,1.66636902895402,0.249704924016566
0.389995227913713,0.588619039481122,0.630715585876295,2.14617408715772,0.365530481162256
0.191644734215773,0.451714028135451,0.46327302233777,2.1227240623181,-0.130335333817842
0.3637643417892,0.655583220642722,0.633486148405623,1.9982580870712,0.395819486763511
0.315766620939112,0.488218908975241,0.432224050064149,1.32518105140417,0.114465508831127
0.342988112124041,0.605685965094838,0.642520491664202,2.07523019520502,0.456474116186251
0.37645702688868,0.62587773299882,0.705131128760526,1.83150446559637,0.257310369557031
0.38168444096615,0.6247822972139,0.668095711393776,1.72073166463829,0.41776529223687
0.379534289030618,0.563391850982469,0.569050140540647,1.58911989122559,0.350054212706822
0.360900977445919,0.612717312712732,0.614958991370321,1.94898346075201,0.389642370254706
0.318093608457013,0.545049978649737,0.641955527000409,1.659139393695,0.358773256447738
0.273261539836333,0.5476765394618,0.484115454131764,2.33315064718966,0.26203311641074
0.311768410795373,0.570388875960391,0.598064608538269,1.93549707984874,0.287456935355536
0.367482649369307,0.552976409391554,0.43510755643067,1.54268303842859,0.259474548905755
0.286690650831683,0.499916664306227,0.498651417652169,1.80004731164666,0.206769888438321
0.236227115989898,0.510858108461802,0.498873922731492,2.02495852109777,0.340105008692496
0.197837136089784,0.488722357201864,0.547088235851158,1.96257943884021,0.241506506226161
0.328771601815309,0.538657210918306,0.582671232642154,1.82783028728809,0.288576306359768
0.313792149269165,0.550212353028258,0.566514962157986,1.90803018502519,0.25655746185133
0.24757386061737,0.49439458976429,0.484624627873942,1.66585766827153,0.415057311433221
0.330596509362976,0.607191707536627,0.596076212976691,2.24945980567642,0.325171878373158
0.320209167326589,0.578349692728342,0.606051569777328,1.60965268355232,0.390756254297608
0.298077883103292,0.55959037562331,0.427602618185855,2.02420840753286,0.245910275074901
0.353658272029532,0.617620042036382,0.737819030127007,1.96064844407425,0.489730681830543
0.29360891659641,0.540743571585407,0.506043877975716,1.63829336248446,0.169425843270524
0.248065634214133,0.50272344737625,0.431619216067943,1.7875264749806,0.322854223390215
0.317185918718924,0.549273008508793,0.484787490119755,1.94504043916771,0.339384079752518
0.260736041027764,0.534073206813703,0.503165906042613,2.04735811541544,0.777190865114422
0.421136606085848,0.55915674174194,0.57686320078813,1.77776164232741,0.417022355362064
0.315306751301343,0.548692998274336,0.581748579479472,2.01711127231602,0.270066648328289
0.27281627632512,0.499996916104868,0.440070734954845,1.62058505214325,0.203745750882779
0.328089584073516,0.574160989755933,0.496627738107502,1.82897092784275,0.364265467104805
0.339128853662266,0.542496633232524,0.416360091310403,2.07184769253108,0.280542952952595
0.371563372019125,0.605654332025792,0.650923753772076,1.95112696290584,0.477651323103926
0.300759976225525,0.528993532169481,0.453098925305546,2.03134127760092,0.364565354738951
0.316299812934904,0.579616337830199,0.609201890000203,1.86655576015308,0.387550934077944
0.192961666270387,0.431392433632497,0.46351601037815,1.92042807843076,0.128841365428943
0.330487805693347,0.551040451446976,0.559964298873308,1.89163188582092,0.626445025943829
0.308219651173798,0.596852471224934,0.596515617445869,1.77128111503861,0.157007021224592
0.325193925808808,0.539919643194965,0.532902234528458,1.77142745531007,0.443534877085429
0.211664029849862,0.504021325830344,0.643971828357024,1.88476864862432,0.334494147155469
0.323598482935431,0.563435214551898,0.274843744832452,1.80088405549806,0.531867482993002
0.328886944410539,0.499842897930736,0.451770189108536,1.81041185979779,0.409486691612146
0.299119895732318,0.565207163254613,0.519800734930617,1.66947788987175,0.4009997602444
0.274442078182674,0.497712198791637,0.475275147554776,2.02322823724022,0.299784967465033
0.289426495228905,0.546562462814851,0.548926446491062,1.77647300565425,0.119964106239347
0.367877741603095,0.502151459233121,0.46368389892049,1.80095126895907,0.373218652443892
0.331942753526782,0.536330023481677,0.529969113966225,2.13236935369867,0.314947450849248
0.317898734121785,0.527155786005123,0.356009211516424,1.35043349120767,0.440494044592864
0.307181486893389,0.507949480793887,0.470285153889466,1.65737486385141,0.264647671540612
0.398623570079263,0.60544207983799,0.670640238923518,2.04726202604439,0.492070991893389
0.312812806943551,0.55084668125331,0.518795088543478,1.86982034254183,0.324804587269268
0.28083877575642,0.558388918860057,0.528440105509068,2.02976975049344,0.00885026147998872
0.197741187886279,0.528846597998591,0.571078949848769,1.8536306976853,0.453556504218309
0.362377628282375,0.572942947162794,0.631854359141347,1.75120256972491,0.223170438647704
0.247141107860302,0.518211298077142,0.506902672775369,2.26500776999767,0.144601945438564
0.269449322447259,0.467417011373198,0.429307767045281,1.9611941321571,0.276100246529977
0.371923834402093,0.563053080882237,0.51218392297699,1.83957683077343,0.45249355478969
0.327643602101223,0.507643857788854,0.489807295258308,1.58158642979776,0.306499675449512
0.358048879883938,0.577928160006449,0.584486839544435,1.60261520301204,0.313926702681877
0.314481526420636,0.546962724766081,0.547319425415885,2.3236421495379,0.424332562746207
0.292602693985882,0.49881331433643,0.427876401760665,2.08522590066984,0.339741455987291
0.28148321964613,0.513179646812974,0.455969819337449,1.60565018102565,0.485403912328551
0.220674550249096,0.494119708580758,0.38708875479849,1.73867596877321,0.354154717955369
0.298566816941512,0.540015346236197,0.632921279338178,2.15195196274135,0.346415524801341
0.278806194919448,0.518992395053184,0.51338867876849,1.83427711166976,0.416222525464715
0.265761895768472,0.504219930850202,0.408542270419967,1.83209694940148,0.301363239776538
0.265162712734478,0.52943404334174,0.480037314650782,1.89608638975402,0.175300990926657
0.379399719718541,0.553772390620783,0.536494430214897,1.49540577274589,0.377590107361686
0.241736215936286,0.55127527750898,0.515777266915729,2.17889006530998,0.518408122704653
0.231135060868078,0.478794041630315,0.442127357228535,1.98977705802597,0.40022949003655
0.279631081020037,0.530550921380365,0.555896297704087,1.70613286445307,0.311767824174903
0.286338598706924,0.506600559180327,0.555612418273711,1.83605020823605,0.359305578271571
0.309528612466136,0.525947779858275,0.569897833310556,1.76228061159219,0.226177022782453
0.276095064844604,0.519273743665692,0.391309965821952,2.30021599940902,0.299414576773437
0.328978641255365,0.561600864116221,0.475643869814031,1.66474036566647,0.45049697163185
0.283237799594905,0.608184772592516,0.686445933917902,1.71337519738609,0.379773316952029
0.349405123157218,0.54309379565506,0.515612763168242,2.10730280499611,0.30061699217246
0.300251450913646,0.576106716357989,0.605896606056521,1.75524253003897,0.198086906878488
0.294824420129214,0.515524367636105,0.531001860268769,1.95320313179685,0.390963507921427
0.216771769796219,0.479210605337329,0.474089390163698,1.95957469550111,0.351584238609564
0.384963358803664,0.585681470250012,0.602782330142535,1.78248018353956,0.34091923217983
0.336807835936835,0.54686099169679,0.484772692738146,1.54576190046176,0.339837858129292
0.307654490300276,0.528345325235114,0.652034318799782,1.47909354685795,0.26873659797575
0.336323881581817,0.626823551896003,0.537345481608784,1.8554878929954,0.359821987130963
0.340012405756422,0.524091699250956,0.578205106077029,1.61049121873924,0.380321006026984
0.317105012793175,0.56455320481815,0.60575010193831,2.24325414882574,0.395348080882631
0.226026363869571,0.485585298620522,0.559105847842604,2.0334058632592,0.234799573365443
0.287855235429282,0.498395774181057,0.463555097055703,1.7931655065768,0.248300425723571
0.230422815358781,0.5217602535491,0.522613607730595,1.81189935340456,0.330249988169038
0.272840463026331,0.461041454108178,0.395438667819892,1.86901259490322,0.452582592794314
0.339422749912562,0.533151927691387,0.563052618361819,1.84226308919584,0.218067627384487
0.317364794911526,0.53638171103617,0.523381056715993,1.54151140637666,0.159566730478093
0.290296875755265,0.533763424783939,0.611807131299161,1.84930161104481,0.311820519206579
0.245099961068824,0.479658767192362,0.506530018509188,2.14280887944157,0.31798157294604
0.294318650278486,0.547240639117981,0.45794028995278,1.59046677339208,0.206398853022069
0.239214397278791,0.508770257658246,0.4144319772433,2.1784966541859,0.333240896736244
0.374119344225701,0.580503121075557,0.558689278899305,2.14113147499797,0.440428034258799
0.240283445516008,0.508670398737979,0.491130068495234,1.91962861468393,0.215987795181101
0.274378667181048,0.500958343673264,0.554238992975959,1.9204782528248,0.218354454840949
0.301241010654996,0.518025566192213,0.443646783754913,1.78935698017345,0.349109988568856
0.258414451162634,0.564946430423413,0.595737418713241,2.43363580711762,0.277890896808498
0.346131822061995,0.498502659698449,0.47556883983142,1.35108941619716,0.404742533686079
0.325436145761892,0.57911556302011,0.579480568535881,1.9103329000274,0.353109471709671
0.325649718004835,0.573358105469081,0.429656889369277,1.82608575011671,0.266627553714941
0.26929157983379,0.5455043285511,0.551764934894516,1.85991834156669,0.433746524261848
0.26256194627007,0.473426518902389,0.39373068550327,1.86790764773173,0.316568675989948
0.344274668871262,0.576787902665602,0.59314470519135,1.90904661004964,0.264901903001768
0.334492636521563,0.522082124581107,0.534759248090837,1.86758844017873,0.38307111977715
0.339606600023087,0.579140847310946,0.470967360305844,2.14017772585083,0.275857845339482
0.234960664395526,0.497424905190279,0.525329323857631,2.08417939156216,0.313657327353521
0.191476553103948,0.520663658572711,0.582420716296286,2.04690578357358,0.0888895948160988
0.30528678053914,0.54801795487664,0.542553662475032,1.98319913907045,0.334063445531015
0.285487675215219,0.541463470165249,0.554586187202611,1.94693712940697,0.354003151120223
0.239033762212439,0.439230232773304,0.359549390283499,1.33893494275118,0.282590380361363
0.231983713046093,0.513445330148469,0.413164611964789,1.96097633819592,0.419752094337369
0.282110336918829,0.50617164333326,0.501049372159192,1.46229292676103,0.349392072447289
0.278553176188657,0.5125627111807,0.48517349571005,1.94034922203927,0.310855624877005
0.232532358531744,0.505015973727237,0.40930549501351,2.00564539533448,0.156034199249872
0.372966954714043,0.573180277577135,0.633385030294463,2.1400820932097,0.506782115050994
0.324088323006751,0.577325569899863,0.578868665435816,1.74835733685487,0.378770897136263
0.344324500358325,0.619754462053516,0.570191027096321,2.05891532872961,0.247814746360226
0.256909845756785,0.544359512907184,0.584810940070252,1.83882341666351,0.112290653728911
0.311627149201784,0.536479521933838,0.539495987555216,1.98286942719408,0.417341923069832
0.398508245426611,0.564508880103657,0.618413531925146,1.87321942126396,0.377761491545278
0.225402693911955,0.511343219708936,0.57802106778642,1.89021691502155,0.348789007034496
0.290442146674815,0.524124881854367,0.494668452740346,1.90238756510179,0.44666217216699
0.272543817606675,0.529180051278035,0.573821199728512,2.12068523874138,0.114064851328657
0.209227008620672,0.473574975280398,0.421597004575784,1.80326456453503,0.304241059339079
0.280045273925464,0.498312415895817,0.367745618948895,2.11678082631166,0.337527259270097
0.271881156074126,0.539898767420018,0.54411747083966,1.83879873367019,0.322016959699929
0.277197756364942,0.554691062810759,0.54614748190029,1.65558899563647,0.445277905239399
0.292890704510958,0.489023503825768,0.436199773845145,1.74148074615725,0.342386338011306
0.324515102935145,0.513005109743936,0.512288177431307,1.76833428176014,0.338455874264414
0.285481348182182,0.523865146362464,0.448930415246332,1.73053007656272,0.475739017911138
0.305094284990167,0.503333250859783,0.511785834939233,1.88032702050627,0.456858420337278
0.319802835928875,0.545198696736488,0.597633729899023,1.78794410420696,0.45469922834873
0.21506271746678,0.510006094786291,0.631832950759275,1.81095054161913,0.292152643903157
0.186681338610648,0.490503484202932,0.533777979658927,1.7513688356543,0.205572275869993
0.233801313028483,0.492797366527105,0.44726032142923,2.2423870141609,0.146934954984675
0.238886045158546,0.502397037707315,0.486185237727375,1.90066539875871,0.340457177900355
0.306161455513041,0.530611281493799,0.506188956842941,1.70774408562271,0.304799085990867
0.183128927272445,0.496561428235419,0.540214605394539,2.09773853330749,0.306541090951836
0.203252119775703,0.549960039443128,0.613857972934736,1.97585095496428,0.318505165170291
0.271808653350954,0.464779367885846,0.470234278070868,1.56949395487175,0.195005689669403
0.425535051563924,0.615582929138163,0.672679007290642,1.68574040546314,0.448935384495378
0.370593339269221,0.570681157754548,0.596963761399976,1.98345445595514,0.276348737665244
0.411300543140355,0.576148691494896,0.527728398097285,1.74714484542711,0.484981084502728
0.340416914780811,0.53906282546464,0.545612976667205,1.76441173453994,0.243040450539336
0.292433431250833,0.569893094804669,0.529171730120839,1.93317639118055,0.40679666271183
0.389601034980801,0.611207376297207,0.641515896616081,2.06939278988645,0.354129441755386
0.318647009030641,0.538406498351277,0.51832995046114,1.79958926010018,0.604804275489285
0.265367785770215,0.548207464618902,0.512529819228169,2.16081554880721,0.182819213996206
0.227865056272078,0.533213713818488,0.619788644896957,1.86632837951633,0.174881974980191
0.199606753394237,0.494344839403962,0.465202877113439,1.78517773755349,0.307804282737575
0.336348010153964,0.575323069707792,0.541905115258008,2.26453387081262,0.357086229393562
0.219595232655384,0.511880283759266,0.532073856904206,2.12415169175224,-0.00615787143326479
0.365764433559133,0.558612428227644,0.527720957228921,1.86768045111369,0.399194032742919
0.301497326573797,0.538926660221336,0.511019646850533,1.99136006374815,0.291056768468212
0.312340363347907,0.573808000449229,0.609639076357724,2.03940731466737,0.317463188225707
0.254967468348766,0.511494814711355,0.336136069001209,2.01619190920904,-0.0835966293448992
0.432209112115385,0.613008562366304,0.642906172922324,1.73560046855377,0.458719664223537
0.283274628464477,0.555502049985858,0.535894345633878,1.91408415102952,0.285892290642098
0.282224864710542,0.580409593983319,0.538792089860163,1.7366619157431,0.340936284384972
0.408084136776232,0.596682231633352,0.513544044394841,1.7740768274327,0.228676565446163
0.375460327319387,0.646965843604251,0.653063128862862,2.1414366617113,0.404906893831721
0.307543451385905,0.538573487512587,0.519245916689666,1.7978579516908,0.414617216084729
0.291131655292756,0.528182543179346,0.577091353158426,1.89287311787944,0.293674319098894
0.310864717080478,0.498776855423161,0.508534495140564,1.64998241164472,0.26968942735051
0.414546984659746,0.634926322202991,0.627372140362191,2.02361043634006,0.492669009399502
0.277237002312474,0.560674447784839,0.603854353675997,1.79133270013152,0.323321855531905
0.367927265088642,0.55983530349069,0.551811305879621,1.74559880289655,0.414011521673164
0.324509856518323,0.543018988937314,0.479560439399258,1.77793724074405,0.244820708402118
0.26196071673976,0.537460035931635,0.52025593548029,1.88251938889653,0.528630394001598
0.249657800954613,0.500839121436713,0.494696100801454,1.904243928211,0.22368685958069
0.32928719897092,0.592367775234647,0.577288668040753,1.75823852991951,0.307104070155756
0.226215526348712,0.51023202545321,0.511269757094187,2.12576841574853,0.219824234837048
0.353045303397693,0.61703112111967,0.58280065411432,2.12881028289202,0.373067482298369
0.318579056680538,0.582180746224881,0.533760328293936,1.65160712804498,0.328444009867855
0.349939717850264,0.650153554339868,0.66152190956445,1.85164214395386,0.368141584404224
0.294248540202725,0.622313032049837,0.667757222668969,2.0732346456014,0.307577469694834
0.185238598086303,0.444323266117866,0.400484599165683,2.1706090631141,0.158597440914601
0.326754023985544,0.556659760420734,0.581685184346275,1.99921333389437,0.372217705289991
0.279131283161227,0.524707892883333,0.491325982987384,1.91711526227459,0.315217316886633
0.333345500991159,0.555040537306196,0.554963650463675,1.89610686374119,0.400005184735386
0.314084251061581,0.50218892390967,0.51134772025292,1.89068812284827,0.289846922562025
0.337228784328278,0.57597308863912,0.626129323934348,1.6049165867246,0.371427202042074
0.32565011642022,0.559163946044699,0.487489942897301,1.56535168007921,0.471100212428325
0.276157694763954,0.516053866254901,0.508151616133939,1.885184296823,0.254056245058311
0.321280916574039,0.523267025013028,0.403423082660388,1.46743831645625,0.332202599944543
0.371706357207859,0.570412742156197,0.573086275543031,1.79345375344246,0.468375087959333
0.212784360474918,0.468101496787742,0.392717083674031,1.9082798127194,0.145329260368475
0.407059828546455,0.599157358345739,0.651789837168756,1.64821576831626,0.435802209716245
0.334598016834664,0.564869653919128,0.491841647925,1.48076334542128,0.429901402073611
0.332238143730139,0.543736684596612,0.521085449746325,1.7006188331831,0.320445211397947
0.301220238491096,0.545908830053258,0.610981219765448,1.8089201397901,0.362837939771938
0.271442569305338,0.489766973167513,0.463635373397372,1.8047766474999,0.344293354329209
0.303611818438167,0.494225308334079,0.482525694768205,1.94734711418642,0.384080325645479
0.278566865673216,0.527480269802622,0.476477643926328,1.74911860452449,0.537876984212495
0.233965162423265,0.558656977130518,0.575781809064684,2.50981045372378,0.0281868096376506
0.333777069165279,0.549286188446236,0.499605516369287,1.55615875727471,0.290357607487289
0.28111794622048,0.603583111153345,0.611348955075202,2.05366866893309,0.222392350579282
0.310903302126492,0.566998456425175,0.601960532713576,1.76631039656206,0.260919332470896
0.347080593914606,0.616730420228555,0.623349667182997,1.80912279901826,0.267587881757419
0.278394238871376,0.510512291377417,0.524239609236486,1.89800655468179,0.306548206757094
0.306942308347432,0.533136724983839,0.394470510589821,1.85747434496664,0.335540107901063
0.34428864562458,0.527742608878886,0.512720579233334,1.72028196573847,0.456689937127939
0.30994119095972,0.552394179023562,0.648470749305611,1.72512545191754,0.293500795495502
0.355858445671612,0.54054179986937,0.530037474510953,1.71070092357212,0.323247459291887
0.272503676448214,0.533813406085355,0.547430212075759,2.05755157825953,0.272874042672047
0.310108934412641,0.56746167342303,0.620688624456914,2.19416454733383,0.362924458734705
0.257953660423782,0.568838342642289,0.524566135688677,1.89298030883358,0.290716247060551
0.367622132752623,0.592325295420295,0.642503796182198,1.82719220167151,0.382640112470567
0.293164125297202,0.562890005748753,0.475853590384616,1.82680173201744,0.159563251766942
0.253337677041996,0.498238784565568,0.521326291270659,2.05886401354432,0.231067768492347
0.262809751430071,0.513333956800389,0.477097689108762,1.89558205492136,0.284871934171311
0.25898937652806,0.5273408111292,0.524666341121029,2.19129999535132,0.144921811315839
0.268990516943059,0.547792975601135,0.491332468112119,2.02415438049677,0.251520292011363
0.317801937631066,0.551465231792472,0.743269257620652,2.52063840660165,0.331736056689539
0.279320595608637,0.531565308579796,0.520658370482294,1.95386283981134,0.26057669154016
0.408206719703727,0.609712435853148,0.594468488055425,1.89259008907209,0.3468968201077
0.341105812100753,0.603814376120274,0.568376143011042,1.9311429499444,0.313368703502604
0.322585265079421,0.573326019579997,0.75129255535416,2.11271538718555,0.388388449412721
0.171833842324451,0.453904338598863,0.416992589823752,2.02898011310357,0.184491258955682
0.30443947333091,0.572029317402017,0.513426490295073,1.98555726540482,0.40456361295932
0.350662129811414,0.549904938597788,0.598424216832607,1.52758166074323,0.515832151870053
0.204313848112493,0.483998813863501,0.477292514139951,2.17966428915179,0.189083271362111
0.274206254586462,0.535124180051062,0.50365758046027,1.9195380419213,0.150961348770078
0.314163082379379,0.533198165745348,0.554040189736156,2.00549003958924,0.122762594240163
0.281350439413035,0.486830201027578,0.418631648816652,1.83182965888417,0.314442235598935
0.182047023320494,0.514545849629826,0.57030475527813,2.29750359526927,0.281304377946489
0.340353450708228,0.529203166741632,0.658768161551645,1.89307114499626,0.321461386053941
0.324136920051332,0.602229163123802,0.654908942443805,1.76067444697054,0.336886268952226
0.323786053811657,0.579708827748388,0.531847399474258,2.1898454093285,0.443880873549953
0.291827598248341,0.536263192662388,0.617700738838709,1.97892966316966,0.381117079572466
0.294300104280634,0.567916279669281,0.618953244727619,1.96199071583709,0.209108032161789
0.334348475066131,0.542565634224936,0.536619306510169,1.77568460060731,0.221758150425029
0.349019260750381,0.580581407564964,0.500069880092359,1.94994147958196,0.371783205786091
0.339623352629584,0.558486591075948,0.548839300018142,1.92042716000408,0.462990123151528
0.271030552077267,0.473374844616593,0.409961707254832,2.12303507811896,0.342723636631457
0.441790516066124,0.611129042541326,0.857551680874723,1.71313883047155,0.258505223976279
0.331244292020709,0.558774214580744,0.527119636971399,1.91960376002974,0.346877172410409
0.326788656246041,0.566833059789882,0.6310556004161,1.97823963189916,0.343628989957524
0.265370421738268,0.529686547023216,0.608442765212404,1.80526202118223,0.334237612996132
0.19206969366939,0.518135001830795,0.526174544633131,2.15582322855493,0.325780748232984
0.34158860770403,0.590299930018007,0.673141198005454,2.06410479445887,0.318940378844812
0.332577914777323,0.580796356341068,0.619024225773056,2.01621326764696,0.293897598034369
0.291144226268334,0.516248518031261,0.507919388767036,1.51474722344506,0.23354699523533
0.254742593579761,0.498131372172594,0.460801789672318,2.08350761874967,0.240101613857459
0.383950224165683,0.562657207506427,0.552043847207007,1.38230111789905,0.405693992654755
0.351139723034922,0.551758080435721,0.560610015440558,1.60179808419691,0.362236921913245
0.294179089052184,0.535112894589762,0.509795250627834,1.94159737859972,0.471178464178654
0.30517053841197,0.551868909472155,0.64751929942354,1.5971588338681,0.207348071271131
0.355525792230802,0.589765123252086,0.565993152478329,1.73377480646902,0.374278948514127
0.372845881029872,0.581350505062864,0.604641842809347,2.05258388990646,0.334369819739774
0.312534997684775,0.554663061095652,0.538948259916549,1.91460448457595,0.516984648913022
0.311606118583054,0.564719158859226,0.499827707121257,2.08382757231493,0.210184027723945
0.296394862567304,0.505700112552089,0.63045884271999,1.68577562045338,0.256926075953285
0.304415884660528,0.482895555720801,0.42435489969032,1.57468208052854,0.442358876301934
0.256004248537447,0.519022045403618,0.498995041184149,1.68150716284306,0.322627259373352
0.353662715236051,0.57305984330395,0.579202491180975,1.82961813400639,0.329511502570509
0.235117719479189,0.52816031727037,0.529088811823792,2.28885217362837,0.222958343004933
0.269556758300554,0.509298059348401,0.511410621006661,2.3732102658143,0.385701961758013
0.335690770923492,0.567914721276357,0.612127728236844,1.99514896045064,0.298535960428229
0.361273824917833,0.577227660997677,0.597592327077924,1.88160944010494,0.415743328921416
0.344135894546956,0.545924695901548,0.55155226765617,1.93536306041537,0.3956090847352
0.205672496712148,0.510344844656266,0.549671843982664,1.91136456694858,0.147672701136234
0.307656517037649,0.548651510853083,0.556019422426448,2.36821319690582,0.32847625670719
0.292939411073002,0.498208570018773,0.502644107647715,1.84203810965833,0.372175099413401
0.283300863249483,0.557972217188879,0.634470906361293,2.00508352203796,0.202520643872729
0.334684954773239,0.560507567446926,0.441184116794875,1.87962997049924,0.281890019500813
0.30803648212813,0.530761464871984,0.592328688279969,1.85508223431594,0.495967211081693
0.351087976158488,0.555552436738333,0.531586275699385,1.85964168348501,0.20497794984076
0.288890724111724,0.488320128685881,0.500880812663685,1.75664537695853,0.357150273205023
0.32530912699116,0.586552987038249,0.612203651027276,1.94302266755694,0.339748350073752
0.363038279847136,0.576308320093121,0.626465388551598,1.82572803817625,0.480195167759542
0.365556314991293,0.572096768946427,0.53661771837991,1.58696086850529,0.302192854345894
0.287931927502456,0.572179919311584,0.689944950831637,1.80955957863096,0.385237699054661
0.338513918673934,0.55698482383057,0.521405803046186,2.21182761736003,0.380320026503826
0.293688572301075,0.515017190397447,0.489621710812354,2.21918775713235,0.478289548933768
0.348013699782759,0.558209935408423,0.512160661927064,1.83554585046092,0.387923008597421
0.374125853923484,0.569077751509821,0.546502621699734,1.55532956464267,0.375328599649849
0.337864634676199,0.547151923462463,0.53135145887248,1.60616822343608,0.374914549384175
0.215328671942897,0.467140624042855,0.534743723617681,2.1561642647309,0.118327617962964
0.270615301580925,0.540328247491419,0.575725868180933,2.22299227428721,0.684597120621652
0.30153815227665,0.556592513784303,0.592527648074146,1.95603885035843,0.444593158895974
0.265315869862669,0.49681884090011,0.499468753929121,2.11770926134425,0.343161065023101
0.257782997496965,0.544643068062863,0.571313606978081,2.07121633168279,0.34230183482088
0.296027309327617,0.525131583223278,0.567894780607062,1.62562639616689,0.338069427300992
0.219145799423437,0.491352191728705,0.531072138637321,1.72468011228061,0.311652117261944
0.342510598625393,0.566072292771303,0.516931312131464,2.11918938390633,0.203215826765273
0.366052866044548,0.595122047530559,0.641063977644831,1.76735736783834,0.317275534543606
0.204937225418992,0.493705657156054,0.48609547624151,1.90211020045529,0.295093081677997
0.300651543933132,0.518566753710909,0.542412291336031,1.90969808686133,0.199404220930848
0.195252391551876,0.493468409715139,0.501212711159848,1.76020341844245,0.355848262303457
0.21439975763698,0.533198673561473,0.73119156114505,2.29737373961721,0.197276408386535
0.30289473827788,0.541870761901959,0.510976974467828,1.63128117587455,0.351864923297861
0.2695576986126,0.550940382659932,0.584660944406831,2.31347113575893,0.278828848683148
0.325164802034163,0.536675664875511,0.629130499834232,1.66868316457414,0.522452416603854
0.251289659071432,0.456826587079307,0.529112605539981,1.61977061027663,0.312988760899501
0.329947819407586,0.560587487583235,0.616275447495324,1.89627032150482,0.503386223268077
0.273316159438035,0.47864003075868,0.471575688643728,1.7429402031806,0.290603586918524
0.197932551824796,0.482910112551568,0.553635431882054,1.78300020427446,0.277615392326208
0.183807939531266,0.455336972013398,0.467812755491755,1.83578108398182,0.0654308087723046
0.250609474894997,0.504848413534126,0.424386017192015,1.67289558477472,0.0539039893093335
0.157646309804068,0.527164221179097,0.647747407826093,2.29266648332199,0.0620221866768349
0.362789094359344,0.53733298099152,0.631261875121869,1.91997787494428,0.390663932753175
0.300131099106571,0.531082574519772,0.466915812863051,1.89273468715296,0.489173781897835
0.338580172856066,0.557741220814014,0.55797079812558,1.80603202813666,0.270803252352239
0.35344212927373,0.52604120416595,0.561368694440654,1.32173631163922,0.354357830428139
0.264878217976589,0.493516383108649,0.519053780314621,1.56685704285168,0.3119770673846
0.231508585380719,0.499997654128221,0.543186713743472,1.97824739296519,0.238338525165219
0.335953294512593,0.5955646212768,0.647810012199555,1.79032539065232,0.312206744216588
0.350232212400723,0.544039575317375,0.637185875530789,1.8699618780001,0.418908240603688
0.305566723007752,0.520287828111362,0.424173388437065,1.74908180516023,0.218363813181711
0.31575782327304,0.55555713870555,0.569381455313013,2.14750694325373,0.342586583659513
0.331865127016267,0.552669545336177,0.505802363751934,1.84589645744447,0.278839757855914
0.221501228686678,0.489207474057568,0.596355002282292,2.09409865379989,0.125459792230746
0.29802406461438,0.55105599285509,0.48197441578145,1.82733478106215,0.375176053629248
0.46580349540761,0.591170393135841,0.627453320122722,1.20892367023285,0.51896318961859
0.331148053678821,0.572600362130731,0.584250703471089,2.00538980879813,0.374881638798006
0.298972573217854,0.518497082917461,0.531279871764304,1.82465371986495,0.458513935648541
0.131999849668951,0.401367094733817,0.454964919695121,1.85535497132824,0.0758845646660531
0.167799275044229,0.474743168635197,0.447951518021424,1.6586254148848,0.320721721763382
0.31889869062194,0.532564151967755,0.486066939247453,1.57435717124676,0.274759084125797
0.303456956195797,0.552821851133793,0.578466301070609,1.95055029520226,0.279957758592237
0.368407404577466,0.601367061676493,0.555341143306616,1.78186894907732,0.493846279487187
0.216771945921076,0.46810258196568,0.388283257430847,2.10858173590793,0.212395683061741
0.241962089805864,0.522159976197529,0.590165946274798,1.70209634646234,0.159984165084849
0.34935616946304,0.562097472413055,0.640337463346069,2.21172798558643,0.354241931527736
0.298974355974956,0.491081208661485,0.439959972780806,1.44768624276257,0.430359666099298
0.299502360438973,0.517330452592185,0.506178081546816,1.72350343360702,0.399489318414243
0.198473696206709,0.449883526794229,0.411709563614836,2.17945627072905,0.190390843735302
0.366533873001912,0.555322005318049,0.443284941569089,1.56948384962715,0.320763127031529
0.266404846578968,0.505571732655729,0.470187178324072,1.95930161007032,0.293908342323178
0.23729919765102,0.511629381319262,0.451658826982986,1.83908894808654,0.229800425350302
0.351123694456635,0.536126637704226,0.547841264781285,1.91143480127293,0.369754279197272
0.238752804090152,0.518437566534285,0.507166292389542,1.78218809376441,0.223589020993248
0.38639239794114,0.584683366729026,0.663531556827548,1.62746932054457,0.278287525382287
0.287498303300751,0.554430586993737,0.584005962645694,2.14309388050183,0.546694966507586
0.317117031959485,0.592634526516383,0.588807164936374,2.16051108591005,0.294396638998373
0.349599011802821,0.5671682944434,0.596989722358267,1.79915290092066,0.235881381363213
0.162753320114735,0.475323544066309,0.479193232414381,1.87070665396093,0.196516398914655
0.254159521203293,0.562514934530033,0.548148235315779,2.10883510826005,0.399059730764341
0.327320998588223,0.542897034640134,0.632247346344182,1.82817126390955,0.296122316592144
0.224089460975211,0.47905222471421,0.4914096976422,1.88056134052055,0.0867419686453169
0.325560578158961,0.577213670860878,0.604588273994114,1.99172782216876,0.306328192128156
0.427137704919346,0.581533433501028,0.578529346149514,1.48967344431329,0.438762475526376
0.160466676942713,0.503888787722672,0.447476464885975,2.01716445840459,0.0799773742367117
0.271841045961508,0.556090139944656,0.586629426704889,1.72524754583295,0.328966403969398
0.288631383949386,0.530440833225511,0.54551179996314,1.74867909532118,0.220989522761681
0.246163002774066,0.538027393964873,0.482404389398648,1.93586849635054,0.0996698694997885
0.329870702938359,0.540686586413779,0.54221779738816,1.52268747540818,0.363558641043001
0.300641948056826,0.531954301800915,0.579650765716166,1.91579206566878,0.277932644751964
0.280205356748189,0.542281063749234,0.698431341339221,2.22832604048776,0.398273658377451
0.260942319535967,0.534565059826294,0.432776183575937,2.01244834552971,0.358676008600079
0.238115978597771,0.504843854400901,0.581580597509377,1.86901865896801,0.241717057617826
0.374100478101782,0.626084882364715,0.715847784968205,1.83065637246729,0.509339812718295
0.290566412327061,0.523171600744008,0.565115957796762,1.71117808847568,0.381142472124157
0.332554930074849,0.529139913990198,0.603790631402648,1.64762479657841,0.365432643362915
0.268165602221915,0.55233032560497,0.591201040373578,1.87661205202475,0.41007618611309
0.288193018322607,0.554384939576203,0.653407936197256,2.20728457745988,0.330533147501145
0.429854589615614,0.645798187752631,0.63493849997395,1.79647114037027,0.493763758398025
0.362861992746392,0.540584957955663,0.547959660928659,2.10759065051803,0.300730025193769
0.197352141446547,0.492731100904295,0.569357687500397,1.86985461466066,0.232028772222982
0.316141273788646,0.560520497766212,0.542915016727867,1.85527662544123,0.35066051135806
0.168810994497315,0.457274442236001,0.480059190891072,2.13040859989466,0.242400922366067
0.225949698614216,0.491207606760665,0.48658006969949,1.80405926150665,0.306602180737234
0.267105693039788,0.519459156636479,0.42220834182733,2.00296649860356,0.270423128913031
0.207623907747598,0.483543063940586,0.431459803069532,2.12353885636484,0.198250705290112
0.27064242885534,0.52547917723887,0.463553676833733,1.75216983558707,0.348228590827621
0.400616411260682,0.611794828695874,0.513301879474544,1.68026560429313,0.407518838764868
0.248926396394716,0.520128833861113,0.552572434472418,2.02495379376726,0.255865631831909
0.365939102220699,0.587585511157178,0.577698678398947,1.52117756994732,0.66937867106358
0.304285176620195,0.550929717413636,0.565723344058481,1.85474108763745,0.190313202844452
0.281130694564134,0.523174054627565,0.578325987958441,2.37693466471774,0.47080079841442
0.31423738844675,0.546527900736037,0.489905498096305,1.94028419096103,0.296937427139437
0.337727981385233,0.506268289947157,0.469486018190526,1.99277201760533,0.282253915555157
0.33369976064671,0.550159144934482,0.496296719814631,2.237961900728,0.293131532615014
0.295265022117957,0.487502092830362,0.552771172330966,1.65566445108604,0.342799281003933
0.281779445370348,0.573774075166572,0.523416908752251,1.76497450405488,0.439980965468319
0.207952743278739,0.479209698873807,0.481984054997257,1.62924436356232,0.0466044067140187
0.301991526173034,0.561089049320145,0.632178207324069,2.16852292393449,0.235189128304303
0.323538026022821,0.587802508077858,0.56287892455818,1.71819963500694,0.49237219962457
0.283064057391174,0.458502956121657,0.546436778074919,1.81698512632207,0.444137458362061
0.288443889487764,0.49866768512658,0.474822981170665,1.6733943735458,0.351972560935653
0.374657759390777,0.581276875536939,0.519699783805824,1.65187518394972,0.228303245459297
0.219821388411493,0.489237333588869,0.50890696954179,2.08754283479519,0.0974897357563779
0.287058144679034,0.575444780008532,0.565057255761222,1.99567398886475,0.343525540791456
0.355750996520777,0.510824395745347,0.472875470820474,1.57726878581388,0.317999581933684
0.325526225399385,0.556661367711424,0.599740991054041,1.48015886487663,0.42580526974712
0.297949284797233,0.551097387867298,0.608071688581128,1.87857610921295,0.377855007791906
0.329005797775548,0.567252132718287,0.645852141503608,1.86017958030191,0.34133444289506
0.326753446911536,0.574314750123657,0.592467414065398,1.63109327183415,0.390543455763452
0.36035456645368,0.534455707935405,0.474432063786181,1.61056652417311,0.491527605631071
0.202772326397046,0.483787461784138,0.474753313648816,1.58306122247253,0.324743469235583
0.304630788436609,0.521144352309599,0.514201130748334,1.93167544645077,0.435881385384636
0.321820295997973,0.593973812054365,0.600114568038457,1.74800472418612,0.299719205168363
0.23005490460934,0.478626909449067,0.49501817309887,1.90248652102035,0.0298829324795361
0.275847798603127,0.533300084372881,0.538577593867461,1.82791630950382,0.360840789237033
0.296711844511045,0.511405913685748,0.538516732641465,2.15294937179888,0.393750345659808
0.309601025389276,0.580967916396044,0.627618696554178,1.91470041528978,0.401433288718462
0.29548519878666,0.527041008695128,0.460947407644084,1.94438325339382,0.343923486015874
0.361163054377711,0.605826558720592,0.701180745132982,1.94428415837765,0.28627704426696
0.266376127199394,0.494529313503595,0.519509166990771,1.8701248611354,0.0803460341550059
0.222056150204846,0.560186896081419,0.622027228208626,1.97919945468619,0.231246499643372
0.433916253998892,0.583899810638818,0.624121846080503,1.46537280556125,0.459558121253774
0.326193594816382,0.591173209502648,0.600074727905283,1.94963545738864,0.252525725537755
0.231920270534264,0.536377188542465,0.452574936081817,1.86848520761067,0.154780403130851
0.38289714939219,0.605552553263176,0.663558600514938,1.9282410369561,0.393210166585735
0.228160520008058,0.467799266884876,0.378778561442865,1.70750543398351,0.291215445615617
0.281827313849291,0.526551337752084,0.455317207910593,2.00395063759584,0.0621833760942116
0.342227548524635,0.507550032499383,0.448260980820344,1.57353522853201,0.33768411883709
0.247336678051231,0.556954432871882,0.490441005376622,2.48427670684262,0.0896132262295339
0.284832707216445,0.541857284368113,0.580011189915054,1.79236558925201,0.340691559273147
0.223857302912599,0.511859300210903,0.530767304204703,2.17252274163345,0.295522560863398
0.311282958246531,0.559696092270836,0.625278087938119,2.09133102363835,0.189687642042596
0.299847698597003,0.58326182638992,0.542002841366677,2.01287075202144,0.239866383455101
0.262465863209854,0.532450102042784,0.606532000634853,1.57372787401764,0.170360277148082
0.357558114508347,0.598964401905199,0.618356578639491,1.96357515740069,0.331659673552575
0.348180188970364,0.560301155933804,0.547668777274227,1.70732815736037,0.397564886169378
0.361704543892408,0.585951692242686,0.67562615374871,1.90882504308764,0.355556164426716
0.282667006666011,0.54553377478524,0.456261766154184,1.72737282239614,0.408929929099311
0.4050560078862,0.560554116122119,0.629765297173131,1.75228903727461,0.446997858515576
0.232952114392137,0.510747407380535,0.475631521145994,1.40464974026434,0.378291070210855
0.345516929469127,0.544026423813891,0.541612835906931,2.05597338463837,0.518971323031573
0.380685630388999,0.512059589792946,0.531418590071859,1.43309775828584,0.434419529056832
0.282968408784595,0.520354940022518,0.400698012450378,1.83044930353412,0.218620183559522
0.12050200477388,0.431173853860209,0.485848914999636,1.91454159808135,0.105350218824859
0.333532551423265,0.58325634515772,0.685209179303417,1.93716876661724,0.563952228488231
0.34207684583181,0.596342384728433,0.561949614410023,1.83584152480532,0.484332000793361
0.350282851440362,0.587040920382166,0.556815825521461,1.70472220279413,0.422259615480057
0.277891900095107,0.514590657136563,0.573080640173717,2.02689471215981,0.262636828322399
0.328587311466434,0.580713630245467,0.528133996722172,2.32175918845949,0.345775029745837
0.232303475317516,0.46864318313362,0.438757429961884,1.62184521667473,0.225830785561602
0.343398751719507,0.529796485949984,0.553628696298676,1.96359924257188,0.321868425745825
0.200169495209211,0.482239748548044,0.438703197746967,1.81514233738413,0.215936137316687
0.250522257734202,0.479719778741333,0.567482918992833,1.96584672704884,0.268966547795837
0.307188173622387,0.589507536397055,0.606082056841889,2.0531594557355,0.268483037038079
0.24492969115306,0.48711633536396,0.48563387384066,2.01362950567217,0.218102177041131
0.345074865512368,0.544038186845321,0.511663267166108,1.92051184942748,0.41559868277075
0.310596434776265,0.533699012972433,0.692329110217524,2.1605688110225,0.386188418289859
0.319527977661449,0.621149765635122,0.61721512127734,1.87654057096325,0.387459009643946
0.323403002713942,0.588834235304664,0.527681736382859,1.91073958476255,0.269134838416949
0.255584353526389,0.536035572550033,0.522982529434457,1.52415797706233,0.180923446396303
0.357000999561444,0.561068180363303,0.519423937153917,1.9196201462018,0.354357556152924
0.111316849345511,0.418923990484025,0.452896063908028,1.95037044040007,0.246356136577824
0.349506177622742,0.59588283949073,0.568092569570756,1.64053521884677,0.361131136454163
0.299571538037281,0.561441635037007,0.565409166152655,1.88949560870013,0.44141076893853
0.348234370705166,0.552797704887265,0.542276165491801,1.7174022576345,0.43623811168817
0.367385448901273,0.603982235600274,0.597345550311389,1.73118996764392,0.465168856132107
0.192463869597698,0.504813846519225,0.573983000584705,2.11868354923727,0.25333343257438
0.331747365959609,0.533638171159911,0.530460502686538,1.60067931078273,0.279953415007394
0.269339319479642,0.517397487225524,0.560609630760387,1.72624085277009,0.214718156962561
0.26689747307436,0.520914697426257,0.498931385089182,1.91528619560287,0.308872945349342
0.20696668433807,0.496341089114274,0.39567055518647,1.80630542923019,-0.169429852556031
0.313537202038457,0.5424585376846,0.545818573925278,2.32951770357252,0.214654194310954
0.340854947531639,0.569152903477716,0.511487665311589,1.80136150627083,0.235581667692372
0.392351783758564,0.556094561491135,0.58479299000837,1.89183865967977,0.375275410878224
0.265867335440407,0.521662264631357,0.464294698398688,1.7545285991018,0.40825515387411
0.232591949662609,0.506806082307794,0.483658948410407,2.31889845250424,0.218476815107488
0.263018096676583,0.522868399939785,0.578590073205019,1.82965052230142,0.0798080943052556
0.326272535000803,0.556972482934086,0.583774627310313,1.97477466171803,0.41060941644767
0.255425150238442,0.540962393738627,0.533019857080675,2.06452246867224,0.307336449652225
0.273788699181484,0.497559017269194,0.469175218394456,1.69573728661471,0.307424357484493
0.162156685800853,0.491615090532202,0.531347863794359,2.13055502857878,0.258809830959712
0.25730253375115,0.498849037451549,0.442543005964996,1.72949787184625,0.335116790774409
0.328825858320044,0.535671818038502,0.52241807502995,1.86139855573306,0.388907540616449
