"latent","linear","ipw","iv","proximal"
0.369884439946803,0.242347746678418,0.178831955325033,-0.625902878202161,0.277027232466596
0.28229578086509,0.243202985138356,0.179989571157818,-0.9282660697179,0.400469043222746
0.335903954048025,0.198262142319236,0.256118578967844,-0.857788307568063,0.355247899522001
0.504287450679837,0.357362239646504,0.509584400281134,-0.822365763002617,0.45578010856886
0.271627753573447,0.269887615239055,0.62893583723987,-0.935449722451806,0.267924594022763
0.401892140886404,0.294113208850206,0.359637776264737,-0.623113966937431,0.408261470438703
0.437398039704878,0.330776809563802,0.439368939460614,-0.664861717013058,0.359280719957601
0.300674533867529,0.192139847723937,0.326207838056068,-0.705785172361816,0.379762530414894
0.298762320041267,0.231262313789552,0.16117212650624,-0.499469626122801,0.307376816322479
0.195829319492194,0.138914775238743,0.150109719192027,-0.666491473033816,0.236175293445209
0.282315458601946,0.277451269148628,0.350815837969083,-0.895446253285061,0.39105815112128
0.253664164233531,0.176018431347888,0.355661767649841,-0.687065429331622,0.124682665279536
0.212027703082751,0.0972182860541922,0.200224402742302,-0.683409059242968,0.280345367682477
0.248803823905013,0.217567934882949,0.145385452006081,-0.882881819768081,0.233022663278549
0.289133202455868,0.134898104651501,0.162784088216477,-0.758181281198954,0.234549963986268
0.332683383979977,0.172677346626079,0.332218617965878,-0.758148097874557,0.220383831444986
0.193711768617358,0.104850358308734,0.141793174645976,-0.928390603846206,0.190512739260548
0.407051292465007,0.264626141927288,0.159281805582279,-0.631679352280786,0.650600216204485
0.28187570478949,0.152128023534433,0.246641439651466,-0.758542036490208,0.220565611856583
0.339508364932993,0.249927381072804,0.154229122628493,-0.657337303020776,0.562874787623337
0.348177075672549,0.243688083321181,0.387659400070616,-0.803483041515966,0.331281716029504
0.201559935143931,0.167055766008802,0.160012706567522,-0.903871563558783,0.602736198579097
0.269691124111695,0.108542872640619,0.0226289595072676,-0.759310978352469,0.286395193069507
0.318706882968847,0.225215990057235,0.202054691175955,-0.650190122519371,0.241803462475132
0.358824057147356,0.251189663067847,0.245897699181097,-0.731615914312557,0.336075589029455
0.215440429692632,0.116853071590854,0.119928051872489,-0.851440858928187,0.276843215392057
0.344751051101525,0.183977246141243,0.0509498797629704,-0.567654393795797,0.347356340828363
0.301991920741701,0.191685961285274,0.258067055070196,-0.767009478212978,0.332156037505738
0.32091073995797,0.136203675430266,-0.0638734585251889,-0.652748930333577,0.324227183629957
0.235695221712846,0.184416164260265,0.336803206456075,-0.89526648996112,0.288549025180253
0.203126203700419,0.124147848452635,0.127611031122371,-0.798494543443956,0.208586963824469
0.331567880460733,0.166750544177116,0.0810758600539419,-0.731285591146827,0.20942228385345
0.349569480766217,0.315496266878861,0.348908947877287,-0.551586114199597,0.224685037460016
0.340580586142304,0.204065167369424,0.38476050046409,-0.66561850105086,-0.0629190198879546
0.23254161960519,0.141915824789093,0.36265682826908,-0.900982399557943,0.274073268972974
0.327445464450939,0.141695474731744,0.243723957440697,-0.79115148906319,0.494120123978964
0.420915852805577,0.303496519508636,0.21948118924705,-0.802099194558089,0.418274614822327
0.372085108294087,0.238363806697186,0.0697130609675011,-0.624369248083486,0.329121437449645
0.400459749740474,0.329663041050574,0.199144484985926,-0.601366078765737,0.778254769511555
0.285906030674818,0.309676254313219,0.44230944678206,-0.681828828223433,0.225750760931945
0.310931306714151,0.0382941546599524,-0.102445576872638,-0.982328255926237,0.324329935672814
0.396815630122871,0.337267885316284,0.241355285613732,-0.85221362953817,0.350574010364895
0.323111496593469,0.194739038647085,0.232858320480966,-0.737531019159239,0.30311837824204
0.428444285147188,0.310379842021892,0.44798878509016,-0.6657590828338,0.167191211414111
0.224931581120614,0.119960530942989,0.199927109014231,-0.683430170689782,0.228685366113321
0.320892861547502,0.237378891853014,0.246941891811078,-0.747351644553507,0.209944699704557
0.329960294357221,0.203884537328143,0.324735749108427,-0.67551797085232,0.255316622682685
0.222775051866151,0.163185897686508,0.262507450709325,-0.884997435235278,0.219428949615137
0.376129832506341,0.328793366411636,0.312830013116816,-0.869586184618643,0.405318061579121
0.174788399720525,0.0225958696766999,-0.0362556070289308,-0.866699618463319,0.102762464758716
0.208197671051633,0.160011884660368,0.236578023497896,-0.697897423120236,0.198697284245133
0.411651478917859,0.232632692528923,0.120542470390091,-0.739819878424144,0.367063906104216
0.179195748758593,0.11547077656247,0.281553400585504,-0.838862381211273,0.324486050614437
0.271892703700857,0.268837167080826,-0.038594105439951,-0.871189884185644,0.247723589450448
0.30255319503654,0.223138673634093,0.213738003610692,-0.66167064680586,0.272778429457198
0.331132333724203,0.280055518738537,0.410416683248979,-0.438664173543892,0.205401284403257
0.329890315573765,0.245902847113788,0.0344208863050043,-0.64181482000849,0.322264209430043
0.188331469594073,0.0808834279140097,0.225995331077483,-0.716104165327969,0.137244689230881
0.331287586491273,0.0971497545542021,0.171714325760734,-0.88292526454733,0.282479017137583
0.253197729203526,0.0535797864879488,0.287674607891658,-0.898185746876988,0.28543652850681
0.312124288739855,0.371542868653838,0.49427893006714,-0.592410684594068,0.254304876698586
0.310714403752726,0.204982445684797,0.121374683760878,-0.616858352492858,0.260627636253256
0.252659034591015,0.23887747387625,0.212475395473744,-0.85609591503331,0.141467152866455
0.356847690217667,0.162278754832866,0.43850040140597,-0.680268097776988,0.321472761905616
0.268225601602097,0.150857919712545,0.133120626240534,-0.810486871812252,0.487546310392037
0.241836028619637,0.114760134468327,0.116967775040756,-0.840994213221069,0.294691270835066
0.328801663144913,0.297881069458815,0.286535311883995,-0.691014137382199,0.149072224599338
0.240570843115737,0.152290728620614,-0.31877217076835,-0.79363910089283,0.522163470303761
0.478665404040827,0.41228852662499,0.621151032259396,-0.505841820888382,0.542707051480166
0.378468954058752,0.179262856009362,0.229290847570714,-0.834938475033149,0.186862519018437
0.377151483881088,0.367632595618559,0.518248104369987,-0.601006987090773,0.39305505756314
0.256704569354151,0.126323513781965,0.241206574464543,-0.835085532110374,0.312420564731931
0.333928252411902,0.138399571265058,0.243989469378651,-0.693526938689299,0.349925415072939
0.314945242101594,0.204763370567006,0.589778202580713,-0.87798282804387,0.248577653525539
0.302264735441948,0.247678809638128,0.460115752610982,-0.742307567499336,0.17581180354971
0.367841008299132,0.265257714982368,0.549330685190765,-0.838721326316592,0.293542124053768
0.439341522697484,0.499547576143523,0.417124646594579,-0.627768471939067,0.640322050796957
0.279681716250841,0.17421155285907,0.202932977430651,-0.84156480147142,0.286359081349072
0.326175090098856,0.274308585390306,0.330782917431778,-0.912584383116375,0.221140022859073
0.386103518356259,0.385607383154683,0.37274949738435,-0.695868208941292,0.373781367074057
0.249651649120358,0.272703988829444,0.356325386183474,-0.554135526575355,0.212892157414727
0.293357766085286,0.206081314547555,0.0439090652802068,-0.63456789368406,0.220801505807656
0.341294669017056,0.225137165016294,0.376818168278151,-0.603120002337688,0.350066228285746
0.301749746994502,0.0949983845716412,0.194018425998131,-0.811885287058155,0.266601873048278
0.366041588492238,0.119517839192228,0.204459748911811,-0.779769999226411,0.334880853614391
0.273970123469781,0.241239012156807,0.223471384172069,-0.555955546413456,0.154295727675918
0.299761164736208,0.247215722239689,0.506943176707912,-0.757732019931738,0.239498086249237
0.361418550357605,0.207748799101339,0.330277587700587,-0.813463460833745,0.233506705758259
0.256199699206801,0.247494061729258,0.390449671373783,-0.736574263980218,0.298187795134574
0.330575703158351,0.332399548077794,0.270422729366446,-0.591030262849579,0.299397723319391
0.247082065552708,0.185538512837604,0.209900966024658,-0.738487584065386,0.244478133515415
0.278101203992984,0.151533337583025,0.225639564174583,-0.650961575391962,0.165808743831918
0.284176308416714,0.2724847133119,0.283657124983671,-0.858151342529063,0.495605274950506
0.286495334261866,0.129009193208284,0.16116920938721,-0.778455089235002,0.340353006205337
0.252115853572928,0.0828537654974148,-0.139177483827311,-0.761925112126316,0.33138416752235
0.333161820596239,0.217265420979945,-0.0356429013302186,-0.704899953573525,0.276886791123238
0.283870592196081,0.09971562333964,0.338090184372278,-0.779812219891893,0.34276565166847
0.213364053477597,0.175891676721818,0.107544206136338,-0.512931956238079,0.266984121226678
0.290162574937832,0.240989871910086,0.379850642043872,-0.706873432496138,0.309290760015696
0.25875571947091,0.121412232609341,0.157329981404621,-0.725451238899324,0.132894061704032
0.203705418306353,0.0634574589608544,-0.0243789498042666,-0.878469559195784,0.145045172126208
0.261379630115006,0.0524368676470681,0.0844334251355849,-0.811959465443607,0.329108579158667
0.256993591709791,0.192638281628054,0.141406073197699,-0.937894867760704,0.508756499514789
0.197655484285367,0.127857956734864,0.348115259024183,-0.804953446105883,0.0881874283442957
0.196012139937411,0.177637065315916,0.24921843719105,-0.679384650728293,0.307690280400494
0.3324787241611,0.181644852360114,0.215794834174667,-0.743303046449222,0.101236398651926
0.254241107348169,0.141398409233996,0.263062637668471,-0.873765224126558,0.305260430595589
0.285816151838081,0.119223550116335,0.201867384054263,-0.833869191259976,0.451615393837729
0.333646311581604,0.288388737903686,0.400201912385301,-0.893242345162406,0.221093514976016
0.335930125877206,0.199710472279558,0.184214897949592,-0.8482759122872,0.259696920459458
0.368494665985122,0.433914337211536,0.225358374174981,-0.675070576364783,0.448385414518549
0.195611343680595,0.119766271006843,0.358790880702604,-0.682294851559547,0.206262504087313
0.33929626917819,0.248632031361128,0.354010845788951,-0.707808380242124,0.454416861343215
0.269085277518083,0.208307125034307,0.158646580698012,-0.431037508385451,-0.0059608335113602
0.33590148742045,0.106945557859928,0.0620440342293752,-0.761446176871113,0.127851400885434
0.407086080907362,0.33017377667225,0.362560150523067,-0.680667440044375,0.520833213095121
0.269209851450549,0.268075821620234,0.15052262601808,-0.793232090332381,0.415778077284378
0.437442341539329,0.217281525390077,0.211575656147284,-0.71544553360674,0.479746095154154
0.320868964567321,0.201791838056372,-0.0104473209545158,-0.758366868613802,0.42533422626271
0.265050911359643,0.216362971365115,0.527593812874934,-0.97338852727746,0.0515852393338649
0.297362848667561,0.0941849921422131,-0.154390875774426,-0.854185244212827,0.296206235349461
0.254527444610087,0.134980888953444,0.150851192669222,-0.938092046702292,0.18566164646384
0.332499718113263,0.247891488485209,0.466019325936264,-0.777751036264471,0.286908348143221
0.20654507469515,0.169271776736214,0.345523408906361,-0.856062331583757,0.240860698641971
0.185497476573338,0.0425008666863575,-0.283609163762667,-0.607999669408171,0.171156963143473
0.389608590371939,0.263355276796202,0.356014265825868,-0.591389669695107,0.274534458008755
0.25252964685534,0.172359050219978,0.257462467782345,-0.696992354442697,0.109786853014343
0.3555714314317,0.250176333733979,0.299393559450353,-0.688776715743321,0.242397048048982
0.195724006719511,0.208832667276509,0.391090405327299,-0.730142671524424,0.338609382325041
0.249554421542024,0.218674750886757,0.241085044783142,-0.795166925294846,0.237684505597492
0.259039062572015,0.185211315762755,-0.0427722841699884,-0.636290683922133,0.276225377340268
0.337795993061659,0.40605577495772,0.315923487903851,-0.504013543797012,0.193523445757845
0.357638388193286,0.350762381614188,0.380642994346277,-0.642408044268752,0.372092378534731
0.343226351685521,0.315675180903666,0.620093418702176,-0.817238641316351,0.289834820655842
0.373138632809231,0.319410250129505,0.307464522218991,-0.620509580680628,0.370183559745107
0.301300676450682,0.169948986847064,0.105188456306071,-0.700565255530846,0.237308036924449
0.31118059978261,0.273760769945306,0.530440652199955,-0.847767848720381,0.559272490899428
0.280988640967732,0.153441671768307,-0.0394285190169137,-0.622501218064299,0.244016699799325
0.351008761208996,0.293430274867714,0.437753485077052,-0.506201387415831,0.361606913518844
0.239878082061808,0.134717152935697,0.165469711586841,-0.864119933814377,0.245302138401623
0.214327241004163,0.0707613851060841,0.0432723815259962,-0.843963455763447,0.54422892538868
0.278175260434119,0.0684220947277213,0.00882897798771054,-0.870193452251167,0.184351237029089
0.340337903102132,0.210492298009994,0.248839901056727,-0.782427645693214,0.241245085324727
0.272457437323012,0.214065242975103,0.0994459234793906,-0.698770594992994,0.189599146659025
0.256301847214305,0.197186888715254,0.132862441858099,-0.686259029681163,0.277960869231497
0.277320803936959,0.244867924457557,0.0174710866335113,-0.708918476596359,0.281448815532202
0.254240722020628,0.161503264777338,0.315680402093539,-0.699019057692618,0.2225980077235
0.378217211069048,0.334200652969769,0.428609933326124,-0.471897659310107,0.307605860016066
0.325577945223994,0.241257395285422,0.296227623741134,-0.770691403759317,0.284828689676795
0.18520526642941,0.141682809468588,0.13599420948994,-0.742424823990424,0.206718761375322
0.376197765418986,0.316985076499544,0.611816744639622,-0.658098757396884,0.335376436921472
0.361397439675141,0.271109122631556,0.145937967312431,-0.567186812746149,0.425289192791408
0.264394967987207,0.216016676359728,0.267648264589808,-0.720374571166634,0.210496197729093
0.389078677177717,0.25642321401093,0.312769097279412,-0.721954769958477,0.373169630286354
0.317823434452581,0.135131906308048,0.359607680747406,-0.748497287213053,0.264844481865575
0.317877356117399,0.194583606590861,0.265376912998588,-0.693426893280731,0.359018905005175
0.228779635864574,0.145126819104159,0.239316023360813,-0.849347696373454,0.0979360250037676
0.23401470292167,0.157935615512837,0.220149658814709,-0.709115301607959,0.315632569837284
0.325093537490315,0.260314300287578,0.249492924115204,-0.716502879808969,0.367639341843739
0.283135810785853,0.202765844818062,0.659069334256772,-0.696004443438628,0.0803613544869004
0.304523018413021,0.22583331175136,0.24864184544868,-0.614379873354877,0.349030088639678
0.269057462515806,0.0500567031496872,-0.0664961658600873,-0.819969892505717,0.230716564972441
0.22515137984673,0.172224881500041,0.165525197347044,-0.752314815332386,0.21613299283858
0.331045122252592,0.314615974248151,0.12627382834435,-0.569615833837318,0.513599764542692
0.38685005035678,0.291489356986546,0.414806603190648,-0.720535097552828,0.60147304676694
0.284054922213973,0.220465358570565,0.292873534943544,-0.851316686811405,0.220053081499248
0.279721579828129,0.201623286915852,0.473741839693234,-0.686827354171255,0.208159529649756
0.302325522020767,0.151329354507889,0.107716871222376,-0.872734692795022,0.258018846099131
0.392844679297736,0.269005092397747,0.275110036175559,-0.802479454456753,0.268321126626885
0.226232217745214,0.287146263721527,0.202496416667143,-0.720054714575833,0.320345179950391
0.285459988512776,0.220373174907871,0.213725277255657,-0.646224546211205,0.495924093402239
0.258600562153534,0.0794114747063824,0.181723676508297,-0.864416660781772,0.14846855779146
0.360846982860448,0.4369577879363,0.612505816546091,-0.512848334327348,0.409051912771551
0.160802013865145,0.00924439210977257,0.0686972926268519,-0.951484312499764,0.284463641961959
0.204039276035223,0.0614283337009742,0.0893315752339338,-0.625136353910996,0.655603396621919
0.314149385635576,0.223238009652998,0.213193648107086,-0.756370853535565,0.387161686681751
0.398754871740345,0.381257169434982,0.460853461438652,-0.638010371659013,0.243695277971211
0.296162726781158,0.207271808127216,0.177633870418899,-0.727772647201378,0.287196735804043
0.25452456703368,0.23658115845978,0.316738917228512,-0.853574527773326,0.311054864462689
0.294345905538729,0.218104565343962,0.155944998568032,-0.510800754412662,0.172936902745398
0.345722598818403,0.166850272908016,0.428305326842155,-0.831652657473533,0.217076303814093
0.282158697839855,0.276969019093093,0.247670908640706,-0.702533730697862,0.381427858959198
0.333567266668926,0.233261703665631,-0.0548986953415628,-0.59422027370398,0.373884266762311
0.238219257715079,0.19950239192654,0.218927625639966,-0.722407202666139,0.181448551512575
0.141819205236097,0.0368649112326642,-0.0357730817834918,-0.907370200869839,0.159949571451821
0.386382071887187,0.215739905583413,0.221894897147172,-0.67939123478427,0.310445482530589
0.306250199757287,0.165749948073021,0.138320231255884,-0.766762786272327,0.346114055795928
0.351105489194476,0.195410191646073,0.532953638816894,-0.652263687984671,0.322891637395366
0.312030226375732,0.146215857160212,0.108369040052025,-0.623289434353074,0.312838068860278
0.273340532648737,0.199993566712534,0.221405180315544,-0.777530875863838,0.320155946399565
0.203597638953043,0.0856491147871027,-0.00195577137709924,-1.00159882404727,0.062462701237391
0.346328620314875,0.412944069754172,0.505349861611773,-0.734996778365222,0.373390811868838
0.368049685174138,0.337096209058014,0.434052246565165,-0.615558166252433,0.411963123026898
0.43888570800555,0.393738428222531,0.157398922019855,-0.593577629205236,0.458695875442749
0.335220692798223,0.220454530123702,0.354720816648676,-0.694585501724232,0.376464562455196
0.305280212839404,0.254560983256983,0.280551870837977,-0.628176222645835,0.323055868809461
0.254374245023893,0.303813423716471,0.373403292953712,-0.604557292236382,0.382668978864279
0.26124743027135,0.122074712801402,0.216876570682238,-0.840410383877631,0.10733162560599
0.280165969912007,0.297812705821541,0.197883399344582,-0.742344319435455,0.286286863799063
0.207766735505494,0.156434673734981,0.269164303295619,-0.816055301610542,0.183328661491161
0.311195467224541,0.269372391868322,0.202184862436059,-0.716371736434576,0.254031389101068
0.294221806511091,0.151257259981582,0.446579916103179,-0.638358825215778,0.343358068470821
0.316526401208064,0.143533630903757,0.286651523859335,-0.498501267553124,0.348785512572642
0.258055989547545,0.187885401360298,0.257190847724152,-0.877835315194437,0.709373542234312
0.245250964941815,0.139110281515378,0.160128974754393,-0.847314853646724,0.186782610177696
0.381176453952491,0.285999718125577,0.396241192701733,-0.620759750605637,0.32458821503625
0.369508751327219,0.273597712961503,0.281577718555098,-0.759129800362216,0.296234363190737
0.317745137942722,0.243615599015199,0.334889905599505,-0.682900329126652,0.249428211468944
0.359742744232882,0.173670070681773,0.209000776406711,-0.803553196569066,0.419539567348953
0.093463640488589,0.0316903985069177,0.0807450279460716,-0.977433019291991,0.0922676237039919
0.386446159311447,0.343240807280779,0.451926966567846,-0.618759171415822,0.495335646488472
0.300347539339788,0.135239695769818,-0.10184965254282,-0.865778894437513,0.309859808664858
0.208361117305516,0.129602466193765,0.381317178169729,-0.959822864715773,-0.353802184650219
0.344911742187605,0.267350032003553,0.384950030559463,-0.662615677290766,0.303511292009329
0.260518292648791,0.177523706579631,0.120376252568266,-0.848932145697472,0.387708440618764
0.386009306070545,0.311791592006237,0.306953892581106,-0.642977038128988,0.26475062282954
0.403623403431774,0.365396415990996,0.390787922797863,-0.581029480522387,0.253695018046124
0.388681737948381,0.226636126940221,0.255111024832214,-0.911099017426649,0.62374646152609
0.282506396437553,0.275999838128985,0.386957539025936,-0.841336528052321,0.297860378397559
0.275535185185085,0.12325282358257,0.0923423529904521,-0.847430431538447,0.187541533868854
0.397207995369067,0.294096939437808,0.420941208602884,-0.859610024322016,0.467293397529358
0.346656430558062,0.323681312701916,0.349747039238139,-0.534720853162105,0.392203642607857
0.193701501952793,0.148944927504177,0.236014114817038,-0.924969285626569,0.168240628055444
0.381815315240037,0.320138960103152,0.440715795703784,-0.669656797519334,0.683945133447021
0.368390796738334,0.149282212816543,0.150085593863375,-0.763936776419593,0.493329179775422
0.349276969210211,0.30557391816641,0.535294532528191,-0.692235710217059,0.400237036472441
0.259866844770955,0.241423063422319,0.162356001461759,-0.75287947524935,0.329672004755273
0.192477209993372,0.0946119622297292,-0.00399675176128411,-0.779881133467075,0.281313901790201
0.216589829127537,0.124167368295081,0.0814124526829049,-0.705107980093336,0.155896862632357
0.386902022625101,0.298339689100609,0.392360564316513,-0.618929221938169,0.324340328684523
0.346653595745175,0.251471676732745,0.365236479784466,-0.631060549948487,0.369849716068131
0.23297011299356,0.0935773982826165,0.210038803883936,-0.777181633154228,0.156577290052828
0.270469045324757,0.176332851695646,0.371380538466012,-0.690631695641309,-0.0224592804461701
0.335288417850029,0.214017279913114,0.276478692460295,-0.759544135085988,0.434222961924014
0.174416904844838,0.0856843497332703,0.103686441401152,-0.878616748050349,0.311007397755687
0.250451525435335,0.21557512133282,0.241634315045938,-0.637893030122497,0.255825518109735
0.189091799272975,0.189287910945099,0.146549612822836,-0.814462201008752,0.166592376909629
0.24933512297588,0.124182379708219,0.0522442001689951,-0.854854485924056,0.0513307929220691
0.236977686261415,0.050517032418479,0.0645802522498471,-0.858225391459632,0.230709697692258
0.276693102980624,0.234804095670196,0.377954561992739,-0.759565193629009,0.383559955492275
0.353459999070196,0.208796185559835,0.0821645338661438,-0.662578505313233,0.410348283131641
0.197867791796757,0.0669417910692516,0.272143877554882,-0.664632048613808,0.208360665322574
0.392560573970016,0.27340251815498,0.287851744644118,-0.780648951737365,0.567370422622623
0.277956874397758,0.173098459508164,0.238567991767199,-0.66731307330409,0.159444075978765
0.338686568127178,0.23660961918136,0.257438159435039,-0.684629975082193,0.372280605985766
0.317791850578729,0.250609038066981,0.287546058271116,-0.918330284130401,0.274899754863084
0.290124065564935,0.276338803328541,0.485611853164444,-0.441597067365784,0.632615593932901
0.340851910394889,0.296406804936988,0.539975809705455,-0.619533973643797,0.308003482079734
0.315500796078042,0.14107722859597,0.114698022797884,-0.964180090666671,0.428982166896889
0.335890027143905,0.24457848810302,-0.155694748287112,-0.790570448425108,0.284840000576414
0.265674248277198,0.143200159367553,0.245538684443313,-0.787562468216086,0.360027257704045
0.327777289044637,0.307314010666208,0.25069791680432,-0.71207353079825,0.529506110580479
0.187021029778182,0.0857529707326986,0.102003333159012,-0.803914756207587,0.176786712036824
0.206583905439088,0.0146411744806686,0.159637404713983,-1.04996085572239,0.247277063963946
0.289522246577468,0.216363250945453,0.0995104408147857,-0.793686671507027,0.19505912145974
0.348470134523683,0.213829398173741,0.250833931955716,-0.705392622780715,0.246585994779239
0.293462592117092,0.241683845644926,0.240786331790935,-0.824682647631742,0.263270412792292
0.323165076793935,0.105306724557426,0.126334948527894,-0.836246764823676,0.205062414995483
0.224102430409359,0.197958891676669,0.30272837527456,-0.718260483533343,0.168617164052674
0.166483704229352,0.0560574794420382,0.141272777377046,-0.853059521803886,0.442568109606638
0.430429055253118,0.255043676974027,0.373956505070458,-0.655852679950924,0.465562817358216
0.311541939508684,0.153162247780638,0.227526657225827,-0.639317305695671,0.244165045185749
0.355211150147731,0.199265048263659,0.265053779755871,-0.517654315870775,-0.17172981055582
0.262374605357607,0.148988143453163,0.0749844394221706,-0.743042568364587,0.204414597749042
0.345306073532827,0.349179223819883,0.285429580662414,-0.76158204653431,0.312400596650574
0.316939485350391,0.190461547350929,0.265717590864563,-0.698922127541113,-0.041449884330678
0.318072221617806,0.210936131978125,0.171926712007499,-0.754965085381221,0.418508186219964
0.274278584361739,0.233155395826833,0.251075383772637,-0.852306225432883,0.264466500524771
0.247684125544401,0.0871913791961231,-0.056715030453497,-0.689369192982981,0.153307840378462
0.130885131868176,0.154294682316765,0.151324669169595,-1.02954376332213,0.209454093852813
0.223915569314257,0.0442325240937581,-0.171598467011571,-0.731572059502871,0.0429053950601202
0.187459297617385,0.160361787228399,0.0956452856458612,-0.761033497234307,0.0529180444258308
0.355520093135658,0.314465402068959,0.115867803489348,-0.56581063519098,0.3329719918129
0.285832778962882,0.272782287075463,0.336568721130447,-0.578157410504588,0.385254450879103
0.308023798843833,0.273726328922844,0.309277580353321,-0.5804945368623,0.253886912545841
0.43528975948682,0.319644622765769,0.404785306384242,-0.697180269077256,0.519888557066078
0.240261936979997,0.179772526081543,0.182489103021766,-0.599343299191563,0.158712855034475
0.290384111180607,0.192037529518167,0.199373894605175,-0.695970807226373,0.363133507474037
0.308130575569358,0.368396359091882,0.518209946523301,-0.806470533055512,0.258691621890719
0.251662521812584,0.184396432370969,0.103178622279728,-0.73465785098153,0.267271272751597
0.388823179604862,0.333690072194035,0.293490628703464,-0.787894428466567,0.304115776514335
0.264162947256579,0.13248529634718,0.148918170736176,-0.625957717875719,0.278173997343893
0.45145915215409,0.339264534252827,0.486875049456723,-0.837451481082418,0.416580788199835
0.421451184188718,0.464928756494553,0.436794660924148,-0.50025053827952,0.580674134388579
0.287017011214114,0.245531590722849,0.178132992755207,-0.691076547342096,0.326474558139306
0.39748604810576,0.347420689045832,0.39063413524523,-0.470057999362656,0.434390019651345
0.350694803849181,0.275213952430616,0.247879559628792,-0.401871910514422,0.265383923664272
0.322674363604764,0.224217981107581,0.23036187518113,-0.949098547832867,0.237791168044285
0.389429705176935,0.326331707468134,0.327163420789246,-0.725079613469656,0.508524595642941
0.24857225898094,0.114927757006951,0.208415247133854,-0.870634566363406,0.305140489752261
0.348665645371969,0.325638371416956,0.595851267477646,-0.754922202148071,0.315401984410638
0.335050775370755,0.109100719866034,0.163174547512571,-0.665090945934874,0.244511563597723
0.308604064690184,0.190846664310099,0.323627832202854,-1.03669906031187,0.277280407423451
0.323511174897604,0.192223206243624,0.138092215462873,-0.858550421794192,0.328524836437943
0.34034370407442,0.218352359794029,0.316747083946545,-0.887023145102619,0.336218928712185
0.365449250546479,0.282521139799325,0.28404491410516,-0.580555935737621,0.386369996523262
0.31520575862409,0.26922304298532,0.215627463467324,-0.723801451177629,0.27441163372769
0.340284054041939,0.176147761614231,0.251506479178712,-0.849563030924157,0.34176719526144
0.34311159800091,0.285996853836856,0.396323316579749,-0.749575858906478,0.3233908891762
0.200601592320952,0.113979950898696,0.0636208748258346,-0.977645215570677,0.400523394934652
0.26592258687818,0.17692085961937,-0.00490546690191174,-0.650158504169934,0.22326943723383
0.342787583689922,0.221989146568403,0.199988303668768,-0.937547873009828,0.32202170273711
0.375782716168289,0.281140268437095,0.300241555025757,-0.700391096336515,0.398657914601472
0.282889544672666,0.151379292110051,0.178425959241064,-0.742435775958895,0.207520954442974
0.308887457457386,0.219203319128419,0.429632905700225,-0.835769272107234,0.215455835507946
0.355371312350768,0.196127023554486,-0.188784998831466,-0.549978346546528,0.384838288615991
0.358667336323529,0.333834964742444,0.244555208186396,-0.558546490592587,0.315494654760778
0.394071090235821,0.306306083665263,0.277241898987838,-0.701065918066876,0.369233931622273
0.296635380985164,0.133981321989815,0.108916307705453,-0.712060307645846,0.263881570633644
0.363081870165597,0.271659631248772,0.327594699552999,-0.634634359174337,0.245224841563512
0.289607111772915,0.242980579248678,0.186222191512361,-0.73696206752276,0.243212581655247
0.224791067903593,0.0975862578760757,0.131895370200012,-0.611762090168726,0.264169269968521
0.170067119332485,0.0546250392468328,0.170918410923699,-0.942118902217828,0.189374922000301
0.36593630806407,0.272746180141514,0.494095486700077,-0.705014525569218,0.242301828333225
0.375360137417625,0.205976051779156,0.325844595501236,-0.849350426118457,0.444532648460042
0.261324746020343,0.21305558107079,0.213335273730441,-0.878823197297346,0.211043565178267
0.223912226773428,0.123264767306644,0.18436256942673,-0.807360173992114,0.107231607288184
0.263279568736782,0.214476336838001,0.314553814959251,-0.676529527661,0.255099450096515
0.290861717121384,0.153171915484739,0.174820980536834,-0.798146930638156,0.315469507281844
0.356861225525197,0.38689680228658,0.495272524236454,-0.734730857492531,0.00746752437018896
0.188817062536536,0.0925083290961051,0.109312436309284,-0.933648435971076,0.313925501458145
0.321957196517251,0.243632246429158,0.285655979523653,-0.550001679136869,0.337827682944628
0.317329721458341,0.190316686470871,0.210745072019709,-0.824200242391017,0.340710356888798
0.29819922599158,0.188770503067218,-0.10400697022068,-0.711509144679891,0.271958343178213
0.303383422369069,0.22984434920361,0.184825080796685,-0.795432516217012,0.196913228296458
0.332646609796472,0.16700145585462,0.415862545086363,-0.641330328288666,0.0921320720949454
0.240362880934659,0.142200368373254,0.541279873022366,-0.704908856025911,0.159264267965252
0.294936644622827,0.118462597763383,0.305799092439934,-0.892006030240513,0.405645137111365
0.260400382363532,0.0483254571956136,0.296831980823066,-0.916947391573332,0.261910631333318
0.421267665093435,0.312722601577224,0.398763900857067,-0.901105493585372,0.468718520514133
0.272934589281636,0.0842064787215057,0.0531252202748317,-0.978148146200384,0.276312700631799
0.336655472182682,0.262962335097176,0.24061585921126,-0.719221241997674,0.342287373829616
0.350848004129319,0.2890625622751,0.0922160709442519,-0.548179550681105,0.385433616734786
0.402158531540942,0.293235311816729,0.295687282340787,-0.665941660055145,0.589948762949954
0.432912866969853,0.301297022060643,0.225102160114782,-0.893361974026179,0.47848798355172
0.286580245182901,0.0968761067215271,0.03021335612791,-0.860777401159228,0.237124221131876
0.25905778451801,0.195676682006858,0.177029037003349,-0.794552275662673,0.37538324543021
0.279458750302343,0.144372787470069,0.206842664995094,-0.77461418804569,0.268113009213394
0.259493976685026,0.0579666135659312,-0.178651503199265,-0.76947540280198,0.359890798152823
0.256564532649866,0.118429714839804,0.297522692325017,-0.938833721863301,0.172022534277732
0.285025701393862,0.231991779546906,0.221040337597021,-0.610790723746167,0.196765158598467
0.364575746151619,0.290229927808161,0.440549822247302,-0.798076314597408,0.373075528693739
0.346076151046483,0.361550566465938,0.428099971298475,-0.677578871936876,0.260783854883392
0.242606583025939,0.215775054537828,0.108000736463556,-0.855999528967311,-1.1301931481155
0.288701370870621,0.24682258272912,0.21346105598037,-0.582458797171846,0.444797980933722
0.156563440534746,0.0138611291223849,0.125226422698521,-0.949686944740613,0.172703428984646
0.351292137085731,0.359987253997932,0.399693116193494,-0.808167449400183,0.172477228245038
0.224477364753965,0.0501299371393349,0.204563756730402,-0.816005370570947,0.0225134589816139
0.274704604828616,0.145241674291839,0.237941748143945,-0.757964975679574,0.272015826307041
0.247590140714389,0.129847623544936,0.184579581830727,-0.898513000931704,0.107943890524596
0.404495188306887,0.270709223684215,0.300319012755286,-0.676162489985725,0.375144361459469
0.164196580552765,0.152301365195691,0.0814089967198669,-0.634309775207911,0.0882941889380773
0.302594919062418,0.157863110053588,-0.101660627579171,-0.823755971770978,0.265611855653533
0.284199586919738,0.217689448671845,0.0750846040393476,-0.945176917102373,0.299551832816275
0.306376416542062,0.182545151587028,0.2718652904689,-0.839533279850363,0.357327752253331
0.335923838576605,0.229418925569002,0.291700574668081,-0.728846265055941,0.412340795420231
0.219145048247098,0.184649541830931,0.169333960342253,-1.02362395616534,0.243213158941059
0.217959860448258,0.0670149828474886,0.146275710387714,-0.756386454980099,0.245506554607406
0.300866555986034,0.218848638492753,0.164977125059211,-0.717532844829742,0.264661198126803
0.176259254718803,0.117186619881778,0.307792475849341,-0.880591210670963,0.13958898014353
0.278860420068446,0.161722646771,0.211576871382189,-0.668621298933155,0.340909775320038
0.199065284929712,0.269844640633899,0.419214739359772,-0.637097757151088,-0.0701752248255148
0.311877555296058,0.204664411287374,0.138114665975714,-0.536749850786725,0.4552550580524
0.274811813758149,0.22238176963856,0.210611339665677,-0.842198357861918,0.490460008665177
0.354503719211217,0.271268227240842,0.369349365253203,-0.735003571179615,0.337415236129901
0.303428061080078,0.235640186873148,0.088706001581403,-0.79236630634802,0.478174825213172
0.30938603891927,0.229835812158932,0.237614408800069,-0.828627671384188,0.241869849936753
0.337736182719165,0.253885697776321,0.372389188293144,-0.850577990196941,0.333821650348073
0.274291214328838,0.225173282699868,0.247170592583428,-0.860686730998884,0.173668353849047
0.496151421863257,0.47794575538818,0.541857154495105,-0.507264731039384,0.568715769947604
0.201304552222866,0.112412849432187,0.297585328182809,-0.756789886478938,0.266645956538235
0.378323986908667,0.29546615224217,0.364862360345254,-0.728132904324369,0.548924965878185
0.385873786107989,0.310838865066772,0.0521165510195357,-0.534519028003402,0.335715068210329
0.361685836880101,0.274183355906676,0.29705749977124,-0.778850022592106,0.711125010346405
0.413736289160445,0.261427420463036,0.506738969043499,-0.704763078978271,0.189083975211587
0.189034727007008,-0.0722026984859024,-0.0667085015170255,-0.975726403440829,-0.0200671214729556
0.303003896998663,0.198404759622263,0.473277343366366,-0.745739148177247,0.321974225508113
0.311889982958135,0.166822557867063,0.19882444716153,-0.967090097195317,0.249171122187096
0.268308365177737,0.21121141217513,0.19245415959965,-0.744555078068597,0.320237497464526
0.276953452547536,0.298642872258866,0.525254973008729,-0.908316026407918,0.0147481616833178
0.373700255318819,0.291448733112585,0.39975467154301,-0.87680065527444,0.381309500056652
0.342802613321126,0.133786887415304,0.295038869143846,-0.612682376287621,0.307490415890623
0.293544955847051,0.240462661619716,0.341173294705269,-0.684467476122928,0.170672912316907
0.295257795416164,0.125330741945359,0.296429815794005,-0.875736033812858,-0.141944146368814
0.375348750128003,0.185699766665215,0.0169783660342867,-0.805121697478724,0.247005774916194
0.30133715290605,0.18763577424502,0.220165756158831,-0.719974197452171,0.303029060064006
0.099733564984995,0.041402011453813,0.0547323926651361,-0.991800203565874,0.114303001207016
0.299099980045345,0.149422161043782,0.31048808416358,-0.836244873152587,0.352278630125622
0.344126291690404,0.161765834221293,0.0138719225018469,-0.563871638761111,0.202536015518795
0.281405826413029,0.190426243542962,0.32980166922778,-0.523407139193989,0.415571112173781
0.462894114777281,0.315970609971713,0.385623501106302,-0.593465909555795,0.443718423361729
0.24416986852404,0.136846881209911,0.258472885609884,-0.961679275126894,0.212294566091294
0.3367206826004,0.422035574838074,0.503593784708039,-0.520937687523555,0.599067163366414
0.353642318321521,0.229485152312477,0.259949762075845,-0.79790818836177,0.302103842135325
0.385096582679158,0.337672846731031,0.445933085189084,-0.49639155832138,0.41611908776942
0.232432836817508,0.158222643660554,0.212861105030623,-0.755496204432134,0.276238162548138
0.174178027816972,0.0785703077737201,0.289202180531016,-0.730501009505027,0.143058873080236
0.228637147991167,0.0713496874077527,0.0952864593143651,-0.667531950797027,0.268468455423167
0.289327380502944,0.186027054041883,0.152843150490202,-0.579442199912028,0.362020455997439
0.344613737447915,0.212358573552623,0.214957287251279,-0.870014519300706,0.37226922528388
0.280129123284226,0.203444126532964,0.20502529506363,-0.815784199739364,0.214817843164831
0.276262760339913,0.088928546672598,0.0786779330812694,-0.773726108931383,0.247126692099887
0.369191880078734,0.112196580782743,-0.0274955383559257,-0.743729165183541,0.295132119737544
0.257976246406121,0.179500090106591,0.272972543203044,-0.854481793184294,0.167751185565614
0.21645763417626,0.120638107094574,0.140485603461792,-0.767076627227591,0.222331094139208
0.400064349036382,0.290760170626536,0.346335508951369,-0.792624876072583,0.453955916101805
0.27862961783281,0.209166924109425,0.314178421755542,-0.693753615410555,0.250137157601059
0.279382491896771,0.068108305511534,0.129270207778981,-0.687104634913266,0.271108519515054
0.27724119943608,0.219828398952635,0.266681409913557,-0.769643657639624,0.337137409694735
0.304981636019928,0.197777247883009,0.454362346024801,-0.790393878793353,0.454520162548538
0.228511473891588,0.208251225773879,0.310377606675699,-0.704567889492271,0.178949744244249
0.314460295928139,0.274162284176109,0.188399404716436,-0.680293704868426,0.276280530143297
0.310375774712556,0.0837049832703543,-0.106920063814436,-0.916066196105515,0.308637101329104
0.280850823480904,0.19754429384639,0.25544938643744,-0.762247516458703,0.328752411207325
0.256788495392654,0.157608157807144,0.147846743752406,-0.765520418269874,0.216141424969128
0.225220521675,0.0410373670894934,0.0634162491224003,-0.828315611605063,0.100459604277438
0.218338911793113,0.226620343370299,0.214771590377362,-0.644275278732989,0.174927851367372
0.290653823227525,0.0480978220510565,0.146642873549947,-0.668866953954057,0.103305437239003
0.261086808786554,0.270263793414059,0.347250038391129,-0.66635991532915,0.347278855115307
0.318410725263061,0.170022729394951,0.319483840990695,-0.784127898611566,0.217875408343908
0.409312522450633,0.276685034273093,0.635394840072354,-0.829260193342783,0.414354671032075
0.277518002946218,0.152069941719932,0.00823989672563519,-0.832069169380885,0.355301414365254
0.253635995259084,0.0718747784285209,0.183773626206616,-0.970559703511052,0.185528979154173
0.269621679212462,0.111423367523063,-0.120792874678819,-0.762490781116984,0.142213339085004
0.349580783635486,0.328052554675442,0.276962669038456,-0.357889999592638,0.662873600734604
0.254544007417002,0.0884931397658053,0.160707598927916,-0.665526898112237,0.23624697795742
0.377121308249769,0.369418155272206,0.454987587641811,-0.65328461471418,0.271293027147361
0.393205485109587,0.230082151161932,0.30588549387099,-0.527233149618598,0.369656328839053
0.399835109362697,0.306569495168603,0.273261903185172,-0.56695036471123,0.333138551176379
0.204615362024538,0.114865461797017,-0.120560918637682,-0.806189022374254,0.00873253803491995
0.280033993789933,0.279984295181066,0.42942408397396,-0.808880269205571,0.314757779778249
0.216060486764061,0.159213543542834,0.110643820998885,-0.796396229512657,0.349479763277233
0.252326980078939,0.137444325872951,0.101482302267362,-0.742044869634087,0.326664103912155
0.229133084394967,0.127466358831375,0.184019145238364,-0.621031699284834,0.357608829092539
0.265160759983095,0.180868091274285,0.233506325797478,-0.703453229375183,0.0330335265479775
0.375370639375838,0.146502689513288,0.194510632056421,-0.734109839650577,0.327846675624425
0.180441963819495,0.0329130554436743,0.122663520651187,-0.867537497476905,0.178946623269696
0.325516351979148,0.177252126834252,0.205178334071053,-1.01255239532728,0.272316177442319
0.28392823675418,0.127153024882018,0.336415717408667,-0.898806346351957,0.0363699315607746
0.357591883552589,0.397594249785595,0.3968229525802,-0.774119165143642,0.427436407091595
0.435706340868009,0.415613624871347,0.395810689962045,-0.666385969981733,0.466238810035094
0.282719537362097,0.18554405785549,0.296463906598346,-0.720452246867502,0.228730090873665
0.21076316587799,0.0875983627567771,0.226823889836829,-0.555733738723764,0.177580082095243
0.270970939922944,0.262303321704185,0.108886722265078,-0.6981344735697,0.366711201370723
0.162263940132682,0.0140463910879381,0.163229545195257,-0.856536376275145,0.207928483442319
0.350268686045323,0.29173074348491,0.209916364819066,-0.654628272517798,0.337499482218683
0.214227752261784,0.140258854792718,0.119440309544435,-0.528631677531318,0.166475606732724
0.255462138464701,0.0108144894316555,-0.0760930453101398,-0.733614266728641,0.23561574238442
0.402869171785703,0.294312294262751,0.432277236678579,-0.736094234983711,-0.119889993983491
0.297027039766853,0.244716630090387,0.320486531490113,-0.740461787739058,0.324325288647721
0.204679958266686,0.125249643873586,0.137378359013453,-0.720520638178695,0.160571253178997
0.352806485433098,0.259068654858707,0.242781844074517,-0.7810515568591,0.436510073696735
0.236571205615094,0.162411873565542,0.310137093686902,-0.734494665005884,1.06109902926727
0.240374375680409,0.127437180284683,0.247319198330135,-0.860608587496542,0.290900382385588
0.228189209247311,0.17592483874762,0.191784515669949,-0.825447235287678,0.333627411606225
0.358335937755215,0.26114211247744,0.412491824830572,-0.494891798947511,0.0905864876261426
0.329939854832278,0.207405727847988,-0.273041978235726,-0.873880354471918,0.096285451845692
0.322926002007125,0.259170850181858,0.254872070419914,-0.61905794969986,0.158706551838158
0.321473500452281,0.343734812349676,0.371799604125819,-0.665337792136625,0.349675442036552
0.305141203270098,0.285261350946774,0.42763001203642,-0.621570692645873,0.404376904508323
0.309742121308311,0.204737553516487,0.205681570020477,-0.838024025688309,0.41498632109002
0.320974599040993,0.33335036857782,0.482283684101,-0.575084585788848,0.143627197139262
0.349126013534206,0.130959918948956,0.11094992925948,-0.629993540243744,0.278016653262985
0.219464587858142,0.0727200599486914,0.164808140138263,-0.82896231279922,0.248067391966475
0.318111512703529,0.24993956724708,0.129013855079985,-0.783759839879394,0.334492446752981
0.259521021829053,0.162243633883589,-0.171522470201075,-0.853285244492001,0.187977153673856
0.297554548381578,0.219803196283841,0.347656917431036,-0.754307717868541,0.281482147809384
0.369878497388076,0.267019445266611,0.365762699356646,-0.761033242650116,0.414175068169235
0.220305473020173,0.183714091765551,0.322217851380017,-0.955273125627198,0.218814965550619
0.344347749004363,0.24869182490201,0.405218867623303,-0.562181439281925,0.270060650234149
0.414653934710284,0.363597738649388,0.395395270085397,-0.676883849792583,-0.0109735660393199
0.251067650299335,0.184566708805067,0.364598547125974,-0.744913028464211,0.292925769653531
0.331011057931555,0.0720111357838259,0.147338698153312,-0.80923752783673,0.360322871326442
0.24252009760762,0.14780831300272,0.25375585651412,-0.966855705089024,0.302316467214249
0.310277534138216,0.215281888068927,0.309625650091895,-1.00803114272573,0.35347052518022
0.268359237249876,0.141575778984305,0.159972836657763,-0.974777363864637,0.365243865729284
0.25469230009863,0.15954511001448,0.183636456103706,-0.833236496828112,0.21445526285908
0.22896662797226,0.129220216868679,0.0610884512994251,-1.05216107188576,0.365074790772037
0.29228468378418,0.118952345847729,0.229619636695753,-0.879475005179434,0.280037085078057
0.366556963376383,0.261264010836487,0.206197814014336,-0.622317055763173,0.392626019154992
0.223620630530747,0.0946687219010734,0.241181388121894,-0.796449857064177,0.239851130378185
0.210252854072384,0.143874717639723,0.184094875638013,-0.908750979153973,0.202217246477944
0.395257866130363,0.221153176818756,0.199602873371415,-0.742210212250457,0.514278883427286
0.290490070857908,0.233010647223591,0.394709492483847,-0.832710214581865,0.170534865140706
0.311456165088808,0.295035183119814,0.0942488010383652,-0.397588936138855,0.295152171682388
0.212008329822746,0.0968887401002852,0.13644576139434,-0.82690602977576,0.338862996294044
0.383714463943298,0.318235535613979,0.416061176613786,-0.495543226199535,0.353502636980702
0.250575138913646,0.179868201813433,0.285473703641921,-0.772522116606623,0.362641094252482
0.24391727481892,0.0844696921724671,0.0981183569198322,-1.06629308205994,-0.0550061621247331
0.280851097253318,0.25545161857586,-0.0783678572541481,-0.655717384646138,0.36612881696257
0.305286694269449,0.177960454775164,0.351116337489606,-0.598020152438437,0.0921585949095573
0.330873040681698,0.152181505512573,0.206634346472157,-0.681282435894737,0.349007275454611
0.370593014718511,0.271889066057161,0.263595581432591,-0.683766001579212,0.490578383789253
0.257790940981081,0.175306222231508,0.137265509414753,-0.596497224377894,0.282752931376679
0.301937299873707,0.154867521462166,0.254724831143705,-0.85835721714497,0.42779608984758
0.38419916103612,0.281748226334629,0.39302901677368,-0.787945187856384,0.382542068769599
0.315575173663453,0.0556590824412131,0.27221964771075,-0.88615111646712,0.275416617732884
0.172631523747836,0.046632202553649,-0.000212132906133977,-0.785114809284196,0.337932459219418
0.255878162168055,0.264530864695655,0.245231073006841,-0.443785612032918,0.336822573706135
0.308689796279108,0.103007079442399,0.218221681118828,-0.688248161651359,0.478572814904968
0.237164763128368,0.1705265167493,0.197436383491477,-0.942035468797487,-0.102046068444568
0.262733144248194,0.244050222959997,0.261677548561205,-0.776087407525996,0.19246340987797
0.230431371618364,0.112493698957132,0.260198112176258,-0.753024598427276,0.306893090338663
0.245438869568603,0.330393404520284,0.283686903052067,-0.777549588257186,0.320791347200364
0.247768768793965,0.137730276740421,0.231745043165753,-0.895342880265317,0.247878557715714
0.321948305798238,0.203120166982121,0.154626339114166,-0.869092757317908,0.305977132985274
0.371829483633531,0.347588416804892,0.245243371954732,-0.812694534463418,0.457748976694692
0.357198593182954,0.277591894955958,0.33304618741848,-0.58802251886565,0.451739648447204
0.293121385080589,0.201137055643085,0.235684488023189,-0.687254900343167,0.272113886488997
0.320495735586393,0.180931840133016,0.243365990479219,-0.826721197415907,0.316147410268498
0.29047427299286,0.203408902609059,0.247984955567932,-0.892187413556164,0.185520485973059
0.373315932977025,0.470115740322283,0.333515236552532,-0.489860101701872,0.336596030391761
0.296062314033292,0.236397709219653,0.298966547096532,-0.788545796986778,0.439978117513947
0.307816166539543,0.293332170656465,0.39898102182216,-0.832253456865126,0.397110404674558
0.298644171971597,0.253886132331202,0.275868747357507,-0.757060858952281,0.263257796321285
0.319796469487369,0.27805420216261,0.0391926151914892,-0.628153063666071,0.361417454158502
0.349743342942052,0.260450991197486,0.147444910379002,-0.848938639331944,0.353104636901907
0.307255037189543,0.17469410270705,0.183341077423062,-0.851834387456492,0.23724913344122
0.334472766602789,0.25461430246396,0.245263336540446,-0.622283841890389,0.491418225604609
0.307897615543342,0.31181763640005,0.385892565638263,-0.661640609060908,0.441432346778526
0.219089033125588,0.0517844181011228,0.10338268840637,-0.832750108660537,0.179804930986565
0.345958267704594,0.244681043719836,0.215624695716217,-0.764358346003322,0.385402894042794
0.244595372203309,0.192379476740481,0.0835240367300408,-0.751794779038877,0.207122067515321
0.241972874669567,0.127426599563713,0.259446306902964,-0.885562823371678,0.232411222055306
0.343714708007065,0.22933509070439,0.286193541294918,-0.704907650029678,0.317946009019714
0.21579942534143,0.189351954224922,0.346835650305745,-0.658888343998295,0.228969015213368
0.442191872645016,0.31711448568424,0.442051987886445,-0.805196773626649,0.682888532164832
0.4562203201887,0.322324379926164,0.406946152390316,-0.565598051554001,0.434548364284486
0.271481243782211,0.133146215227258,-0.0106171537878805,-0.63358644060861,0.0735759879821942
0.189552520180818,0.164525484661765,0.106335534403142,-0.944661835739779,0.258588801311537
0.295955049550335,0.289254650361143,0.153205609031704,-0.503110748801198,0.314807522518686
0.350381357656291,0.283591572215243,0.288133484664068,-0.740291218040828,0.428476796902743
0.401030340395205,0.239499948730364,0.349693630932749,-0.724578411111563,0.369346082103617
0.264419605053596,0.302939383344382,0.241022189889523,-0.596961752514986,0.282676589148709
0.281113604673148,0.298002249637,0.011600611158773,-0.525573936907317,0.289697196051399
0.396719841367515,0.192004356190919,0.255616837307458,-0.702503086264636,0.411817796282386
0.27001994749943,0.222944746124682,0.314615819552074,-0.814851705597804,0.191006216491654
0.234659929483602,0.166674219281754,0.202781397882858,-0.7601258065739,0.227765988433595
0.302655625226816,0.209776148000886,0.279697046970765,-0.685434432557678,0.270300649843253
0.15287431465545,0.0842851594772315,0.130350803536681,-0.939299284122448,0.24539671186134
0.235171910260936,0.138381182097835,0.221047906539822,-0.755492170678499,0.0828865239847164
0.374907333570813,0.387186086821602,0.553039987720281,-0.744770200283439,0.185653662758837
0.383009938080343,0.436333853770901,0.416228087965356,-0.560409157147604,0.4130668259089
0.260249686764384,0.257724580174333,0.364312712022106,-0.654680662208293,0.347597850708639
0.280673654630895,0.1711404261992,0.184972550618009,-0.826985365655318,0.21332368576173
0.381942565164017,0.367945406357303,0.416321300322782,-0.589585411113678,0.291822793002171
0.259834933758823,0.0755077698756989,0.293285760940756,-0.692463411288437,0.201405554683087
0.276991194421597,0.0620344518706165,0.0674615888061432,-0.845278711979356,0.305327116640416
0.303927365816928,0.213805033985765,-0.172680605070662,-0.775767674884783,0.235107495935361
0.220658250039349,0.202688759905301,0.0864962456819343,-0.662043910654183,0.289375801540005
0.344718209633714,0.166002606384933,0.323644028195758,-0.615159223499341,0.489291017028523
0.222683939851694,0.188866715974584,0.300082266935736,-0.892150001514046,0.111499095981615
0.374217046634598,0.21118715606462,0.300762275540979,-0.751227004837392,0.369708630072113
0.181414811204469,0.151642763660054,0.291634170031219,-0.765001632024688,0.414564305442882
0.269902221224621,0.188747554755624,-0.269010306804908,-0.790885503367821,0.201918049906965
0.281211543344071,0.138339451895162,0.0510583933683506,-0.574431267533984,0.259850512701787
0.226122140978089,0.176368589289395,0.212464698650148,-0.771115033937197,0.0950423603574149
0.407664119961529,0.301589957543075,0.306801693979177,-0.84210883349883,0.372337080493107
0.286419867536968,0.174019995730984,0.145537572824416,-0.605880178782972,0.133019254685593
0.261568532782411,0.170761493329515,0.0583462911041813,-0.906798606336806,0.2534809040873
0.308542199536552,0.211710049721801,0.487270099666867,-0.888441661743074,0.279986173862215
0.359835728557261,0.21097483706437,0.261481888711228,-0.80638213109485,-0.263286147298714
0.465377597494191,0.387618154482999,0.48241526400278,-0.781369119268853,0.292414584956123
0.365280642460517,0.308039016389829,0.388545716950328,-0.970419825308867,0.435331184378336
0.344648490039232,0.217948614982697,0.178561199002951,-0.551010423992585,0.257177830695698
0.40996485327289,0.370031167231687,0.662103273173622,-0.79685873059731,0.393018214092263
0.345150667578584,0.373373238150795,0.441274810303045,-0.711486749214515,0.601468255854333
0.355087397362861,0.20365579798562,0.241879354063818,-0.457221571916781,0.50579265075884
0.322774899239457,0.197737128653638,0.16804678127717,-0.84003357318,0.299807449689479
0.277944998317586,0.249034701510513,0.203819808664459,-0.809381091863524,0.280504002465579
0.240243440458975,0.0505402221178575,0.059155728878484,-0.721731204165784,0.226958699235176
0.297516101916504,0.253770539799515,0.336745026275738,-0.634796723957617,0.427908210450197
0.310782537794989,0.206196635781074,0.255562774133168,-0.803540454013437,0.394717949834282
0.11611676458407,0.0962152651724494,0.0203834446427976,-0.724552934575214,0.0387333946306392
0.296342687172948,0.229616728324915,0.244736818471473,-0.694992969126734,0.391576784777006
0.311408127625209,0.302676715482414,0.191456565086025,-0.538729441159583,0.0474872555852712
0.333063109412632,0.180006912282078,0.318180295582876,-0.679418887737079,0.352940557578231
0.266118244042534,0.192520361738791,0.247979592192128,-0.781488114984033,0.234970541307501
0.174872318519522,0.0179602356605997,-0.0216168125205768,-0.869811213383321,0.104894080531303
0.1968222752217,0.178942117873663,0.198973517197186,-0.866946903135873,0.304532439753038
0.314032058918014,0.320628161882797,0.359353706032348,-0.80074687832253,0.264993950988681
0.36803715100485,0.315205581392577,0.345133954108932,-0.783566936607481,0.414772720330997
0.345976647431036,0.301383850562885,0.282221667116559,-0.550373565496865,0.431574740924698
0.228085737495004,0.153105197867412,0.243933061124324,-0.782330750184295,0.211114157300661
0.374249655081797,0.284169776763311,0.372331255634715,-0.691521197804419,0.382585070421743
0.131410966509261,-0.0080838673773901,0.0286158018946112,-0.899521343661972,0.0508099681170094
0.403324078029488,0.286177221999836,0.249112786602853,-0.751137006312038,0.42517863548988
0.243036852974613,0.146802184432293,0.109986400926376,-0.588472025294852,0.285849457949741
0.30682174521397,0.131874916777958,0.162421819365731,-0.699093511453552,0.409834932550151
0.398763736222111,0.219718900755772,0.291685413382276,-0.766598170681504,0.442338461675919
0.258788526942411,0.168374314768171,0.0114332052304301,-0.670548579589932,0.262911733436605
0.366169605944728,0.200229595231084,-0.146926444997429,-0.581152812861378,0.343632057191099
0.357119177759172,0.223385927220801,0.230458906481569,-0.773625652391677,0.341040701456766
0.274586867088198,0.125169515052293,0.221849015163345,-0.785323866661592,0.412193647464183
0.358711574241463,0.212712477106743,0.298477950533963,-0.590535752952965,0.0764316496427312
0.369876432532402,0.239050449296917,0.453979856244659,-0.658370672648735,0.319997383889301
0.324794182254225,0.250364369806093,0.283608721368336,-0.707745169009749,0.273267097147705
0.280557160741578,0.20561072889775,0.299581543331605,-0.718062581959216,0.269627690241471
0.364387301787953,0.125710195304859,0.180484149239012,-0.915218068819338,0.362159041422153
0.325796130238282,0.282657279084426,0.445889151651966,-1.00066299522846,0.330519070704653
0.413576232469968,0.289641805303133,0.315605860316516,-0.622199717624031,0.549551865034167
0.262614315851037,0.127417864813127,-0.293430081915878,-0.71747425646847,0.290442051212406
0.309891903084368,0.251470988227499,0.328787882247203,-0.799670329482636,0.325361958838171
0.276817785878568,0.185241512275046,0.257002190300605,-1.13230875668681,0.380255840116725
0.210540228381164,0.135662943812445,0.164326056998803,-0.995113852534604,-0.0126531764323939
0.379164293575306,0.316859041200743,0.382560802679512,-0.707521810809387,0.259761088251257
0.356437567153717,0.187620016823751,0.145299507786207,-0.45708438903612,0.311529803819805
0.224171775721261,0.104493284090347,0.17826918748066,-0.779208006832152,0.165027668382488
0.32055125073706,0.0670063439191002,0.200815568760111,-0.894138837446846,0.27815648592296
0.35116037754065,0.31851797233822,0.447164286429711,-0.590100786940444,0.263472928472346
0.309297309353222,0.172727931512522,0.364143257506769,-0.770040544898229,0.279504324442847
0.31025683748801,0.254288160099152,0.279512795659607,-0.594038365815969,0.114417126216921
0.289592173618983,0.213072800329548,0.115196356145545,-0.798543203111601,0.229957318765991
0.215575713930413,0.0870803711154997,0.0655751132771514,-1.0338027938603,0.184117451707208
0.392839675887501,0.301605564791964,0.263325893830929,-0.622512613768228,0.491569161401566
0.316353877285148,0.173424703795779,0.222921360167143,-0.92323831765398,0.29916347509014
0.430563171268201,0.427144708446118,0.554496014578215,-0.689695306227917,0.500056048615668
0.259191631601424,0.165241797552847,0.18744963248263,-0.871985853239649,0.233112174618115
0.283987695716288,0.194837622495153,0.125139015212314,-0.807365028301415,0.227637931108202
0.162645216474401,-0.0204575322989025,0.0616156141280959,-0.739505384156295,-0.0789606841511855
0.392024127033586,0.321834398207047,0.441221939529048,-0.697978865938081,0.366460436196243
0.307185131777514,0.19967872581119,0.586370109603082,-1.05528927285025,0.461046667880401
0.351206538218879,0.325946334813688,0.528432671247559,-0.761356658171923,0.365829173811829
0.383391909822486,0.257711408131035,0.292520268819372,-0.68113781898945,0.366726102540149
0.304664810686908,0.234726984665986,0.329996794947198,-0.752628685003962,0.300144888505955
0.277797234947387,0.209488504655413,0.258512717490926,-0.661606476973248,0.228801198715722
0.181481590488392,-0.0113775507015764,0.0642957671376776,-0.926988334795559,0.210073816831721
0.257556165252692,0.12687345168141,0.273289955874114,-0.849920241474031,0.17414107504695
0.348333299834756,0.252362603357155,0.207242428768973,-0.592276621910605,0.363893701208034
0.299124413894751,0.164412505566598,-0.0878338483600974,-0.592654826884887,0.339283027244107
0.243503868331556,0.216221157500677,0.164129256588848,-0.723965703895582,0.192311697633009
0.231236247332173,0.0891642693859936,0.0298705775795223,-0.84366477339476,0.20545728698939
0.269288576598526,0.144629991149449,0.16857469033974,-0.801169861805913,0.288164703742963
0.36610683787421,0.322104121501507,0.365311581770476,-0.768269924350717,0.459846081772786
0.267087960909779,0.0498735899653247,-0.0589121446044463,-0.705468034986175,-0.0102657357375869
0.292230668113582,0.237161025862548,0.259611588410699,-0.727634780699231,0.27169348422893
0.282707170788108,0.230871282069604,0.330896230525204,-0.700219178786325,0.330696744353202
0.325372259583909,0.163524769279586,0.281589103831327,-0.823828101765086,0.193402804841131
0.291513509296256,0.243044927323182,0.308326349365396,-0.85235509690125,0.304345116180164
0.396504818872277,0.347858710516699,0.316793125767032,-0.627689407316819,0.381331011306706
0.40373758885908,0.370887231604539,0.195730485882537,-0.477994118154001,0.396647509131322
0.261778991412101,0.163978477805773,0.234476259528452,-0.709310677041692,0.314118585668945
0.320040555217675,0.335716574102813,0.441951796611753,-0.752932379998983,0.458027558627678
0.300244595690957,0.259813319113591,0.314416232519621,-0.788833113105404,0.292438649048173
0.294191855235398,0.169700936909983,0.315025518025255,-0.708092811614033,0.325880733312421
0.294813354731934,0.185689169347155,0.226458825953804,-0.702330854363144,0.234862517215313
0.395975550560169,0.247866119568016,0.215464714501663,-0.734287606424642,0.310066815452607
0.355600272237968,0.334048823582542,0.489414906202295,-0.765082731853744,0.343414683348833
0.320396841609004,0.223854641127899,0.325321805044141,-0.795565506860436,0.371730610577562
0.255134616802714,0.177690837420322,0.610497151644953,-0.889159627965759,0.355348231427968
0.247661665403047,0.166073709444788,0.272484998612677,-0.847377343910523,0.127887284363041
0.334312040401661,0.260064930571952,0.14248730763173,-0.457807407712295,0.35045061959107
0.395817773996173,0.435412391587661,0.510226949182204,-0.716248998019049,0.379111482104221
0.223016795194586,0.115582285102928,0.301258782762873,-0.689812862515391,0.148449584423914
0.328870476432971,0.17011528204919,0.220126863293858,-0.577678428732683,0.485981885716178
0.223038262493297,0.086812296167484,0.0190371882253413,-0.723934530959958,0.33868088772209
0.224111005846026,0.0808960679644454,0.100246241623228,-0.549265402942837,0.237147434893786
0.310180748733183,0.239223104585537,0.246145695608222,-0.586786413115466,0.218108110267075
0.294617107079991,0.222028843607315,0.11324762252372,-0.583514454781086,0.286170917840769
0.193168786520853,0.131797333230325,0.129549053726003,-0.503787137301949,0.231100247601711
0.302197987743648,0.186235651106046,0.211257556972535,-0.677754904881974,0.319865208373375
0.19109029089315,0.0444923108307057,-0.067792486416101,-0.654199822547358,0.159327516838181
0.299172230919836,0.187170910996682,0.237524470379495,-0.871043847051782,0.107490188810209
0.377981419634549,0.324483745028705,0.454645613795187,-0.502060529106977,-0.0749615036029426
0.230213004688254,0.117747418750422,0.145156095797573,-0.936929313217478,0.22697687212024
0.339505569918297,0.31839000448498,0.41443103234468,-0.929892316941793,0.396194865619074
0.320955261093918,0.187704599313095,0.422199299775451,-0.810585543316772,0.333617404950605
0.195670517061091,-0.00842298446218711,-0.0213616420420334,-0.740008118935743,0.185486153546601
0.279233009424397,0.228688010762471,0.275337970839696,-0.637162796027282,0.366149870545221
0.339503105861762,0.169940320811699,0.445623704659158,-0.889807826150984,0.354517661654322
0.352457045693272,0.299072385285964,0.387573437946427,-0.742558439830583,0.350146229684246
0.331824365452449,0.168838628485314,0.323247392999408,-0.72995453456866,0.233311004454396
0.254983653802753,0.147915657616419,0.267257019880895,-0.872728902928984,0.234982693878297
0.362708444367751,0.317181093363353,0.317732782226596,-0.499527329227677,0.281529008173106
0.472967989872152,0.281265598648413,0.339924943730257,-0.629005293567005,0.429127863156489
0.282099601520936,0.246936510373915,0.311618683156229,-0.813925944338943,0.302675167538108
0.300490005024028,0.215154263041848,0.270219277978991,-0.681201273561829,0.117896022661172
0.363990543890864,0.264977336366657,0.167728073225836,-0.405764498948063,0.410496115222369
0.255236517846717,0.166037927141195,0.200911243379275,-0.670554264168953,0.392050903144249
0.310683301219436,0.345616597783422,0.225131431096733,-0.670529414092425,0.289838531016112
0.382886057613555,0.307360829251865,0.534466487530039,-0.760022865395318,0.485268543463392
0.303005318109223,0.206258475854294,0.0712825835637384,-0.576076195885488,0.252787370449566
0.283408051231202,0.180280755653921,0.032345071015602,-0.655182508593241,0.403084974426792
0.321938762218217,0.189395097612821,-0.0102725830795585,-0.651133816500663,0.176366649921217
0.259452570134647,0.159029525091204,0.336914323386461,-0.999924859620434,0.189359464140778
0.332749105849172,0.270778553072385,0.359016654302158,-0.63927180865374,0.510040140792253
0.353252888678692,0.23686994512983,0.212251542573764,-0.824208045957663,0.211724310366892
0.247271882708906,0.171080619902498,0.234887673168339,-0.745133505749165,0.206307859072708
0.383627217419556,0.205101657377875,0.294048767946149,-0.802812081247053,0.351163166456707
0.31472956072715,0.293375939247315,0.227488007780533,-0.553257579478834,0.166155970528638
0.184727048679258,0.0553958712220504,0.0561552954588223,-0.53900994944497,0.0502957645386558
0.347884567454207,0.273295651840275,0.332101535174279,-0.737964977451481,0.283651342867433
0.191077254670914,0.166678683773198,0.521012749415366,-0.826160650392591,0.191645440517458
0.188669515559771,0.066299451083848,0.0963620533211811,-0.837283302280806,0.12120016480146
0.269521357555839,0.126983419386727,0.0747728504742554,-0.599984242325561,0.325661617681412
0.224988214453229,0.0583869112419297,0.186337250783761,-0.732726242764165,0.209929286503478
0.201148966649461,0.0880297654944717,0.137252378235999,-0.892488280644665,0.0369533717305341
0.3411663522672,0.295983555526127,0.361736053376772,-0.853613954808653,0.237646824860806
0.315694339271336,0.22203304431348,0.30174439512295,-0.616275193701527,0.375141079108465
0.174892430395995,0.0414286507908049,0.171917437542191,-0.882190707165932,0.268602501339807
0.333886209615097,0.237745577355751,0.281404603487599,-0.563949905678685,0.334827390289245
0.226788057876791,0.238647002910315,-0.0891647398931438,-0.534781542808171,0.36979868632073
0.264288748524561,0.19179087201345,0.206994116504012,-0.75731677935474,0.316589223426518
0.223844714886937,0.146793073297899,0.178423621995376,-0.873220557372992,0.164138295897477
0.271133977091296,0.0968914029535706,0.109275839057855,-0.857370529095473,0.223401352001268
0.225340319914338,0.0753047248628782,0.0260552029668472,-0.813758247683983,0.149447510774717
0.240642746105084,0.16292488031658,0.156687713085914,-0.83547653561675,0.200159291519608
0.406878207110937,0.380426883830963,0.461870150848321,-0.625705196471192,0.532567964670865
0.243222059802076,0.154767495873842,0.219381077009259,-0.885966426968476,0.256530070391604
0.320242934156596,0.216053720392562,0.44360884655668,-0.715877728073523,0.328284388779655
0.30954594237107,0.195007178928132,0.261918549276017,-0.993478768455106,0.248885647854512
0.361747054659901,0.242882906634097,0.353021081862345,-0.747499553192881,0.307983070172404
0.414772227068643,0.347939202711998,0.240710718946248,-0.609480827410024,0.339218500586036
0.256073232268325,0.205004368732408,0.159851484472911,-0.532286716098749,0.194915962693312
0.292418686998817,0.223576239629983,0.136053860768643,-0.691780603730993,0.355971901491399
0.19872368237895,0.196714308387979,0.189159225754349,-0.736866789076006,0.493575023047517
0.397089001633692,0.2527442865754,0.329758947380835,-0.727160874801114,0.366615320443036
0.258421427859952,0.15404248358478,0.333090417333349,-0.791809228058435,0.28799303428907
0.24896177062393,0.229564299381494,0.272471313476747,-0.991643753273686,0.190944807934835
0.156867037004776,-0.0874308678118338,-0.0585282430311347,-0.842346762275923,0.0242418509109948
0.263945640809347,0.0550867240229929,0.257034095046342,-0.897590190949113,0.159109398513952
0.355765138885095,0.277608888219073,0.41166189266937,-0.763977797642855,0.297058380300527
0.43497679746491,0.360176522572311,0.456945908677304,-0.725862889136107,0.419979073299984
0.256807696162216,0.137386328714141,0.252631471096255,-0.629326339537825,0.253581561031818
0.42006400513645,0.344933265920025,0.47899817286484,-0.680782237593298,0.364602134114969
0.262323191713726,0.193229940342795,0.231804418551513,-0.682833621785735,0.148032196042554
0.237381221232766,0.168064580025494,0.367980568120326,-1.01120515692478,0.292085600762303
0.313543693824725,0.242129928459032,-0.0511609518722861,-0.59236486946939,0.247153896117624
0.292471655409397,0.102600157237512,-0.0350128331859445,-0.569897177384141,0.252321675780478
0.265273651560262,0.201714310314497,0.153758215522098,-0.826498322169021,0.384141143777346
0.339420772936357,0.280741566314181,0.182550369375016,-0.726482107852011,0.213564254338978
0.251643493201018,0.253344257115264,0.206668873681125,-0.774568698350211,0.301300845789827
0.310562636780646,0.202221877764441,-0.0937250853066656,-0.772302896198908,-0.0190750283619396
0.298796963775485,0.123811285560586,-0.196875203551013,-1.0008417090597,0.25418849226785
0.194284436215447,-0.0269337959130051,0.132070991451253,-1.02165964157,0.185675988109565
0.268368790104702,0.325245600355317,0.327944631143893,-0.639893293097891,0.327758774501998
0.325538580347081,0.279177404572706,0.265424630439023,-0.629265689739177,0.515786281341892
0.296098736207816,0.144561607632033,0.131861937244552,-0.819759161978912,0.57283323338488
0.392848759904273,0.201475861390603,0.304342580638716,-0.711664906755304,0.735458937325821
0.234877751726539,0.207246540354008,0.332546966290447,-0.883648451211777,0.250821459330087
0.234220279955798,0.206660539811995,0.210861492237697,-0.657570189104785,0.208085296323463
0.416404690674452,0.321175132730066,0.317076868866239,-0.642635623600274,0.453513668312004
0.260679069900754,0.132470749727811,0.1306658302038,-0.861514299820031,0.185941494025173
0.353986673218519,0.314040071689961,0.338375394214757,-0.771205955579542,0.300501824251827
0.287275939446015,0.225703333632002,0.340543470787318,-0.620612918362232,0.0628042746063637
0.218920206828438,0.0924077660216523,0.072598280567401,-0.837811944277634,0.125852527227549
0.248796583083322,0.213651135190357,0.304084544941896,-0.627214612517726,-0.133745835130579
0.227194482252217,0.0733775569442771,-0.00204909569713274,-0.806781415125628,0.216600619330269
0.319572130422071,0.267988032285984,0.354458203502446,-0.736068704359314,0.0894086839809891
0.216127365794039,-0.023689039090631,0.162068862873247,-0.982760843317716,0.0589550229978494
0.236248500243272,0.16305498570979,0.244527317359916,-0.634699936467478,0.264552388077733
0.243807055031485,0.18792075290793,0.317639763046734,-0.830039010838652,0.217716313761727
0.371025853295202,0.291867022093553,0.49822980247308,-0.722369879619419,0.377426925703445
0.337895911751776,0.149137890199021,0.22537079970819,-0.906748252035216,0.368241943908571
0.291464762060473,0.180674559739177,-0.114641082688401,-0.779633543941429,0.315045361868159
0.243602754047326,0.0425322627103154,0.31849893454574,-0.934365744864026,0.309234649957766
0.194360850398202,0.100293776401728,0.142150157835231,-0.877112314200749,0.143669359124354
0.256774780201121,0.10692744463199,0.220951789115187,-0.825343323862406,0.137103223190475
0.234664061600742,0.145843380990075,0.0145972070398844,-0.798440396659529,0.232863851741015
0.278943985789388,0.0932810724281943,0.18930245880134,-0.769359930855876,0.219011710275027
0.308159330532531,0.271674752036643,0.23318720536714,-0.78318805380143,0.354734748199598
0.231624780130427,0.153710468078147,0.304572766056978,-0.6310648634365,0.178590422210453
0.404216504684116,0.22701535327681,0.298818420285603,-0.611185227173042,0.434807893688282
0.349083858367396,0.345257187071082,0.22323606794362,-0.575481203153468,0.447333385918452
0.384551976950415,0.263360878944526,0.347540947523122,-0.66748297801344,0.361237454523607
0.239712619338097,0.112600324134892,0.120850946268816,-0.855539870164703,0.196160479164612
0.1648726173812,0.041085451432541,0.0483527930070292,-0.742666519494772,0.238668415033967
0.278822630104619,0.170997538197118,0.0939872894672177,-0.921989505521103,0.331442726226033
0.254108976800953,0.0987612325331833,-0.258285010231511,-0.563141032701363,0.317018520175536
0.276272769344016,0.139146165725646,0.191310810312568,-0.841432347908347,0.300262997263899
0.355697284234147,0.242803828895501,0.185966659958988,-0.599490457363194,0.339752543539575
0.243175907047473,0.0332180052517597,0.0411774233559133,-0.666120731322918,0.210460214296021
0.327629560639847,0.238981553712145,0.357887010761642,-0.811733103120597,0.293150713604867
0.342215452725913,0.130065166901559,0.234646379115939,-0.795235322238011,0.358187560494161
0.253440756319616,0.214190526234042,0.217176976912991,-0.628587206227804,0.247813011208689
0.288469186600386,0.21205981346031,0.37510201445845,-0.61357939687068,0.279568285372602
0.393103583645141,0.277501771704831,0.269243822166365,-0.696161733444766,0.517875771094445
0.437904966930095,0.253457421572435,0.0814872491713039,-0.476863791685906,0.1844125940267
0.388574661041843,0.363130464286387,0.444370192147102,-0.463569888041384,0.420333602826099
0.337096672636788,0.259499664442307,0.326694494948349,-0.893456567806574,0.267204817179186
0.329626899508248,0.270087041690606,0.286391403042233,-0.878903901195785,0.604219283005827
0.477855116217041,0.376213269245309,0.574617440058554,-0.516520613636056,0.600479761456681
0.271389132558863,0.204028160442118,0.358411524285019,-0.702576220715023,0.316141550426651
0.306628848669519,0.196343938800416,0.295658974184064,-0.642228170280028,0.454235491118947
0.296842049160551,0.166454351569886,0.187016667532757,-0.633069214993786,0.318723821090809
0.331349498843472,0.275567032505628,0.355007364601295,-0.773791476980279,0.296850722548964
0.262031655831545,0.192285009460526,-0.242645188921463,-0.755020930490974,0.278419249530696
0.311292196847455,0.0929633199762482,0.240624067025663,-0.796397728099517,0.324917082992233
0.233761694930396,0.0739115723564864,0.184085229817082,-0.923733693368425,0.215720220387524
0.310885641941976,0.32499300943557,0.439179687239551,-0.651626146834243,0.382747249827851
0.228126477942474,0.166895753758189,0.326151361870571,-0.901655434024184,0.358219847363246
0.253602591908412,0.328102082856726,0.267060465828435,-0.584633927540077,0.255709737058297
0.441924908927336,0.323763291019727,0.413951814204712,-0.690933010776765,0.528253684517128
0.251404943530317,0.0773932163837175,0.252546460392621,-0.81289379093949,0.184681148447648
0.213337221389976,0.157243720021223,0.131625667387694,-0.72413995209875,0.149514216882696
0.24319708044958,0.123487189842509,0.221689778839471,-0.799072155575174,0.228583230214761
0.311950191062195,0.239417407300084,0.302521936022246,-0.522364427064084,0.745754553795976
0.313093895120017,0.171161572987465,0.249486985922164,-0.697162588450884,-0.148092515584099
0.263834794751485,0.132605579967356,0.219612605196973,-0.869241735275322,0.276094841313173
0.323026681531816,0.21066416378827,0.0330013076679001,-0.621033069193989,0.214856178443789
0.223896961168149,0.191164609396522,0.247133254679516,-0.817733386511762,0.285015255194704
0.217243187941932,0.0707169050754826,0.152624898068979,-0.97843503308887,0.316881764338821
0.290413668316331,0.162045409855149,-0.246066188885898,-0.710664399346294,0.312916893849972
0.238662665178463,0.227402608212442,0.334259991642229,-0.532616289892965,0.232235581057938
0.234137796459555,0.0724397386092073,0.305921612257655,-0.94288782135029,0.255076541647911
0.30209572068149,0.166043228947825,0.163857853945988,-0.757146902683316,0.312081984156786
0.294398527525647,0.260202874071378,0.191341964640969,-0.719663674606686,0.352206409776154
0.320714541444618,0.301058125784555,0.203405150432056,-0.792613396090834,0.289966153058885
0.296824111040443,0.141568022816933,0.337990610502042,-0.797049968562054,0.407255998013775
0.389805150157694,0.250078423921727,0.235238117308488,-0.752437039027009,0.245619306825648
0.319519667386869,0.282190916172204,0.343693666575053,-0.670552950019072,0.312707973646965
0.358541021092175,0.279123201687055,0.323594019387343,-1.01153697027128,0.286598627154393
0.242599044095999,0.100318801707677,0.200169536223374,-0.822345145421784,0.255228144231575
0.186225997506897,0.0337349916223872,-0.0367448361037119,-0.83109528366059,-0.324913979112242
0.35959488572503,0.167805889282602,0.243851975835412,-0.504417159130212,0.18985611138695
0.319893548091597,0.284983724046605,0.19550797880968,-0.767806756588768,0.289145306702537
0.380971776261371,0.272576877143049,0.432535859979777,-0.614504961993227,0.395163342290841
0.290687170620204,0.175973509132034,0.123351055188749,-0.729892867325214,0.253439830648625
0.136662864930407,0.0344355292310387,-0.125304600955407,-0.621535663838661,0.0243976630391446
0.276751355792664,0.221174856932124,0.235425140691787,-0.744889505096505,0.143028912040968
0.17782652587011,0.132958812605636,0.0826876861263345,-0.541209116550137,0.0185407269504242
0.291261528207121,0.16403740633902,0.313938575478258,-0.774219749243779,0.235858340709099
0.299027524369709,0.219642951140359,0.0633280377958922,-0.832804033881686,0.336606865370181
0.256363605808623,0.169292306986363,0.217313409258582,-0.804041758749955,0.231578254693528
0.387148453368776,0.324135859437086,0.290614241534883,-0.50337130732204,0.539273347150645
0.408480486127116,0.360844245586833,0.407403871281441,-0.67914403422611,0.496272610222736
0.321692682856605,0.185704149704586,0.342265115585269,-0.958233390917266,0.284822551330972
0.261293411251535,0.302175794630263,0.334986125921812,-0.825694913622295,0.275425621461679
0.293207052551412,0.205534860902677,0.457799981327847,-0.61394939473568,0.370835833417897
0.288178013703394,0.236609567561759,0.335903001278832,-0.799497323500218,0.226620141777836
0.201239024905729,0.0801022752740726,0.218790074015909,-0.880319675538463,0.263515776051034
0.338396904139623,0.340404640247533,0.397775986547133,-0.689399958994331,0.304629225231081
0.358632450443536,0.26222085121527,0.44676501570137,-0.651839931137996,0.360515005800321
0.294753785161242,0.261556354865378,0.3051881265441,-0.838309944326664,0.278336753896289
0.271905495664105,0.200922663584844,0.356537671699211,-0.558791131733124,0.346897467175468
0.259692344796403,0.209422929669623,0.264164088899376,-0.973721682896477,0.320210107116504
0.296644301048308,0.183729342218996,0.198952590564134,-0.403313302615633,0.424952356107575
0.242682085599245,0.083996674069591,-0.0429875114439766,-0.700096949551593,0.0339466866497772
0.342649306234882,0.210197047192778,0.291966434069604,-0.669756317212654,0.385609794363942
0.247317559833893,0.211421152660573,0.0482208360930211,-0.967782589122425,0.368738744940465
0.240323583130763,0.171269673938233,0.227007278491498,-0.640097692652079,0.190187292130084
0.270780885833015,0.218266525177425,0.144166183874956,-0.516805470524631,0.37570669352013
0.202971836589925,0.07614379562454,0.00848700452924123,-1.05858668746229,0.160765698195916
0.246903946519208,0.0177474675463101,-0.170244522367265,-0.70117952882491,0.331318602812382
0.359239666268398,0.21943023428256,0.308751789042816,-0.452634984210941,0.339322084903654
0.315924566723896,0.184192395536685,0.273099986979689,-0.865795030690082,0.316397128475372
0.337522332436854,0.189741588552521,0.307915457086101,-0.792508163047282,0.283050102794137
0.373022394226377,0.217764974153222,0.154997210105472,-0.632482195697177,0.502558737515358
0.216974553934232,0.0779756501572921,-0.277071020583547,-0.691557692071409,0.268677766193843
0.313128718947711,0.251761870774353,0.165363384726747,-0.709335004907908,0.167107659477821
0.299795854589591,0.209532460677383,0.268970605758324,-0.657987293042282,0.16328937609476
0.214734931800795,0.140134108266326,0.131676109272367,-0.519157426074125,0.218826532396847
0.267386046826941,0.176953806032539,0.431760241455819,-0.930584944075047,0.327315607474377
0.261814133771503,0.122677268311973,0.214879119332416,-0.723059561316441,0.158375326541723
0.290807025644645,0.197638313484595,0.124874834964877,-0.58212771361883,0.317027253449785
0.294767810106712,0.260553009013741,0.153231096832549,-0.623981434096381,0.0949038152863022
0.485365110604194,0.436436420758716,0.509358843423807,-0.407949854889639,0.406371529973058
0.428484416609412,0.318206646123348,0.286996820136519,-0.565802688732134,0.413342379938944
0.26871143319415,0.0547263099875772,0.339984112079848,-0.776248247829065,0.343891341307969
0.313125056489391,0.250881902214342,0.366772958538684,-0.80146793054398,0.320350585789824
0.101249263148169,0.0566475578594681,-0.31990645161343,-0.899631238419924,0.182247993350171
0.245609715250447,0.106929250351737,0.130607296825582,-0.895755411286861,0.217047540405741
0.263873864031358,0.22689838065517,0.307961524145769,-0.806191815630679,0.264824852672148
0.283976081470513,0.212935724526177,0.306428748801272,-0.833983613068525,0.438091511353714
0.232987346059072,0.139752079424223,0.310418676258677,-0.714189320724061,0.409153579336343
0.266230124048565,0.249326094934551,0.369955343895261,-0.597575568521251,0.19404334721716
0.340806060522408,0.112215007865813,0.0818575203956736,-0.868069483156506,0.219201055191496
0.190345899333506,0.182936649883358,0.0281960973725442,-0.743428059335765,0.29274116435396
0.174823267073851,0.176185887634963,0.192171815557075,-0.65228475718704,0.205280062729288
0.388274928973601,0.293755901441593,0.411605201022722,-0.735173839543104,0.412985907983608
0.32135484774782,0.222056856667398,0.307959404047096,-0.674258155397321,0.326508710493445
0.36454711443439,0.320708378086666,0.35336759880459,-0.575459921778704,0.362456270276128
0.442236222995013,0.252827832878575,0.431190005011243,-0.729359725509873,0.297377119194985
0.282641371170236,0.183221148355603,0.190236866093988,-0.910967065627374,0.267590610856601
0.245499861628109,0.282453184434097,0.246972806689446,-0.781895114336968,0.23902189197569
0.31881757981093,0.259332514264108,0.29170783736105,-0.411805922124881,0.255588318178993
0.352291072079495,0.22572316761632,0.392590931490768,-0.819480714328871,0.41669773463948
0.292856801524565,0.230164821463136,0.194859288785425,-0.753039899606302,0.284843732099518
0.185134211255251,0.062094040493263,0.100912292129345,-0.818466253310147,-0.0487209234269448
0.320670791715434,0.147342399495174,0.216136790659797,-0.741151781145926,0.243729959453252
0.307823541957753,0.170363316647738,0.262468277387986,-0.803376686298915,0.175164594089098
0.318402571076927,0.171195462400534,0.0636812593170877,-0.76685718861091,0.33613631012697
0.286700706172577,0.145134691023836,0.275913901826193,-0.68450234334012,0.502286605384111
0.232610970187512,0.226242747625315,0.197185314170173,-0.809055976364347,0.248482155823882
0.379750046480866,0.296830947934316,0.412346615462681,-0.66715540020905,0.321089748332239
0.303195546111819,0.221168503788328,0.24991160945132,-0.902109223088087,0.389932451490045
0.315192243633955,0.219534394808431,0.26659292409037,-0.787634014766151,0.29360788981071
0.321268412119113,0.174842979052316,0.259792599434737,-0.819792458999945,0.483502602662174
0.145138935724059,0.0588230025506956,0.127312153884506,-0.789479098649854,0.186728111928833
0.300361057673548,0.117834822235485,0.321214229365117,-1.04350721715545,0.298088943169459
0.294206517752148,0.202623722805225,0.361357757528421,-0.833578945655863,0.474492708622711
0.308720789880741,0.213956321627003,0.31016770597805,-0.565387273379245,0.207846200082117
0.295427208388679,0.226227983930387,0.228948048827823,-0.685862645153647,0.311109355305698
0.280663644902816,0.159194733040287,0.366701732671301,-0.661977059083276,0.216387740240049
0.332895288309382,0.233633091886885,0.080092307438714,-0.734584767577833,0.329892108763264
0.376715828394039,0.234406768357256,0.22109721274414,-0.81130196948402,0.456441442948699
0.281298993957569,0.150607690461827,0.217904864470681,-0.912690765514656,0.172814984643542
0.306115855260151,0.236824273201178,0.290285857665248,-0.830704060071517,0.243384418143316
0.391519245000879,0.387196475257938,0.504866418385266,-0.794788606185357,0.352922788077649
0.347037929647256,0.287361912587233,0.226460410730225,-0.963734373541711,0.3849319700804
0.370181169108945,0.320524511914545,0.44393897784615,-0.578227355145092,0.411161783835355
0.311116654795502,0.21486304201517,0.155889430785409,-0.764166063933488,0.257709116445911
0.474162430943748,0.370480412245437,0.397580283784749,-0.772280440634291,0.496631287262397
0.255587923826358,0.175775304559812,0.434064205007623,-0.677068746827263,0.245228171603025
0.364688111143752,0.228810097210495,0.269250262312112,-0.687134863662389,0.209036413952346
0.40515181577591,0.171007783792216,0.367036399503651,-0.61830663920162,0.594021927545536
0.231028571327325,0.267102789464938,0.218450172769982,-0.863409398726313,0.300836284636307
0.247304027349898,0.108652829301501,0.139725924052939,-0.763006412227445,0.118909516528233
0.301848543512614,0.139102147357579,0.154875330712561,-0.728743238792925,0.461728222850915
0.208347938529804,0.0941124171862887,0.160759330182509,-0.86331614331333,0.196896822908283
0.257487980275961,0.217163730753204,0.139936079327623,-0.681107092790626,0.284052159171878
0.329798236314527,0.228582301280892,0.173331175395158,-0.816374347265166,0.293882647528356
0.201429273602683,0.0394915532627755,-0.0277571720945321,-0.986364385635947,0.161610888669801
0.298324852621681,0.194808585464657,0.141145720621953,-0.608634826804113,0.219044575093923
0.307318679359968,0.264132270931612,0.438101894749731,-0.826291496482515,-0.0969743596722917
0.24788058507947,0.0928699069992004,0.117142046447031,-0.894449990021898,0.398311500556571
0.20739655656097,0.153004375710782,0.160836737685079,-0.859094629672437,0.204241086605323
0.224252288778575,0.14247744633958,0.108391014405982,-0.800148284733852,0.272130394564781
0.342293717446269,0.241840826858163,0.245361233567225,-1.088325917131,0.310356645645078
0.294770922845528,0.321701994538495,0.326182001994917,-0.829938597780702,0.360810992473188
0.312541358329977,0.200344816643501,0.15783034238654,-0.638348614392743,0.357169703005705
0.308415576099296,0.213938792626309,0.256654766115474,-0.61354485813432,0.252942893120927
0.3011673120401,0.131389634231692,0.153406490601475,-1.05899074444484,0.207757998481783
0.23371042999034,0.25120643304319,0.730204870443922,-0.708203984217374,0.289517851503456
0.337512034684859,0.379634289779981,0.441469033172162,-0.55881031440424,0.268499814706976
0.274390945440862,0.201189921545255,0.313400070566267,-0.657129064889793,0.216544623642129
0.255117007947579,0.215964434203311,0.219314049896579,-0.751946505979754,0.211630835871441
0.308601771615225,0.247240749747764,0.105650578582331,-0.795986572628549,0.266220209660462
0.353851332964941,0.271455691430431,0.547778862375194,-0.701822075179026,0.506767283054487
0.349747934871253,0.112838429222911,0.134898024755973,-0.693212908519095,0.126058095975065
0.304264546286272,0.310192735706568,0.244036736966774,-0.812902884261805,0.242764499665469
0.382933564063652,0.355801948864965,0.360659129385796,-0.56950969422162,0.341891640159807
0.375362538363068,0.230417377655965,0.186855641198817,-0.624706417375898,0.36091409896419
0.357795075619698,0.259488409254188,0.256061944551554,-0.840374935605114,0.493192395576487
0.346235247475323,0.275720459523712,0.429705639295705,-0.823797149349789,0.467843820662964
0.330870557162456,0.239204532341341,0.352543373417745,-0.710285951188383,0.337168245752935
0.278879761549863,0.10904367866628,-0.0751497392469643,-0.617657537131834,0.493719546084034
0.18005241035443,0.0256343060354395,0.249208397198263,-0.820496015149979,0.120328731378478
0.255266542673646,0.274029638677799,0.376060881755786,-0.567558735961305,0.295534338040656
0.213200844287401,0.121833489926005,0.0451406235118709,-0.853352515988504,0.300312767867596
0.291864899766781,0.0941201902328629,0.114769491775649,-0.495189565659051,0.145951462697507
0.2544523446403,0.172156845322874,0.355307032120577,-0.723557348759452,0.179414302503506
0.236451476030372,0.2518258341524,0.436738183407865,-1.00225396221526,0.267450137894547
0.299543669934463,0.110586901688495,0.121289717310546,-1.02306570611914,0.281697952978619
0.132450017046359,0.0858304363627397,0.106960737501072,-1.00173728824575,0.0638348700511878
0.321877314082714,0.325991703501271,0.309452166318045,-0.744446954877905,0.351397788773095
0.301492598191194,0.196546170243525,0.104981872890636,-0.504632214242803,0.226656694970258
0.237757725925762,0.136592955531489,0.239332911148819,-0.701572432871525,0.263613008401515
0.224369157818091,0.0931474425932863,0.0664975326343631,-0.949165179955122,0.218632655445966
0.34736772966306,0.217757497359335,0.206913410013522,-0.972376019587947,0.288196485744491
0.334986164609001,0.1566216849922,0.31546268778599,-0.825579365558206,0.338461052699297
0.33986951020469,0.285466910962892,0.248539597586888,-0.673509486221372,0.241776008394011
0.264835219958033,0.254435730135822,0.157302823970792,-0.658203526666283,0.320671081773219
0.18385685803449,0.112299689150499,0.00575585756975938,-0.617920953597615,0.155070412344861
0.160616987475049,0.07449832641145,0.150516853340415,-0.833485826763581,0.245654131303493
0.280227779130838,0.147901802283325,0.278617479492436,-0.81810892336371,0.162689324928485
0.344710186322459,0.137324246316189,0.030827557170366,-0.809904169463966,0.275316812710813
0.339544818060256,0.162071949115749,0.530253304220744,-0.657149956689551,-0.377542388795484
0.274672895163727,0.193696100052584,0.36159872341341,-0.805082680953286,0.420979216486102
0.302305391636145,0.296884541796446,0.346320407942077,-0.804982748424626,0.267331930766606
0.299546973866751,0.130807117718826,0.303119145794546,-0.863591820849513,0.333828753231798
0.28700880465302,0.204259986215133,0.219603894440414,-0.78452324842676,0.24441471025785
0.224486811321173,0.237727217133544,0.169072865505123,-0.665147506921427,0.221015734709834
0.203450221231121,0.0229274312167589,0.180857797206894,-0.662134997060083,0.251059798340413
0.327132435773201,0.20296412748009,0.111512868151498,-0.634270442328759,-0.134319705810055
0.270507684157516,0.101048200300738,0.162929704511163,-0.791364272214042,0.29508848572961
0.393554031432908,0.343165017516614,0.50706244292002,-0.785867493608234,0.676355575806938
0.304394174589642,0.138961959278981,0.332128584862159,-0.728832514220548,0.289372129088259
0.173898031597832,0.0582277243932374,0.157879854589212,-0.836881061639707,0.0827518072169222
0.332988524383621,0.32112398588121,0.564735605616451,-0.794288024880446,0.339366206843762
0.274913396409891,0.106329053582367,0.0111591792368204,-0.53547593350308,0.248815258199235
0.21310854032238,0.22883976905846,-0.308635164609476,-0.603463334788486,0.208903318711927
0.315466462457536,0.262479870436664,0.0734292202308863,-0.50322943974157,0.0645776839989887
0.160423881978617,0.0365965779193831,0.163317517803129,-0.894082121291498,0.183784270025267
0.326126536052579,0.247391949293972,0.285182662190261,-0.629508863479184,0.337145919876788
0.270432234429739,0.213611598601158,0.311840064762245,-1.05939618690758,0.239308222898628
0.233406169559102,0.133666738040765,0.230683664201789,-0.927011117978134,0.0245428470592984
0.422861326538621,0.238835327605581,0.181982342946611,-0.62337289817863,0.301134659134367
0.30866451338687,0.337697498046776,0.554827768671749,-0.911578582344838,0.584267582498025
0.271508841148955,0.234682795066088,0.258279125572675,-0.723682977280705,0.231622559167309
0.324628038625473,0.254037398484498,0.185528767396186,-0.683545527815568,0.312462606515458
0.23469609940131,-0.0240537772499244,-0.159722267140992,-0.829040172926542,0.343617191606134
0.217649901988834,0.0587270482859422,0.269080299928323,-1.03298652278087,0.172995881089931
0.280773940442847,0.127010980813957,0.18922795596148,-0.710665183672847,0.344432837986196
0.363514299489989,0.269566910798376,0.523214530615324,-0.901726396919055,0.340085946712952
0.317282017142098,0.232457344619293,0.208622437724305,-0.901233855124508,0.331223171858288
0.292561206618752,0.206145436817225,0.109641157506115,-0.577707033756349,0.465081368230705
0.28836337466582,0.167852219296785,0.185469422536799,-0.622341368760427,0.0695634651109601
0.317736950896895,0.13017557597287,0.237769133985223,-0.764501518345705,0.347908090956526
0.274290426629482,0.157274387884719,0.0658506208609526,-0.981362987237383,0.315618243561742
0.280613811849024,0.180499286100136,0.30532291081613,-0.621182623928961,0.213884436476268
0.339671562380772,0.248686738889779,0.403237947281609,-0.694976649241779,0.343246342545111
0.407471408978886,0.396833259215532,0.42413101672804,-0.725451644333622,0.391481622627457
0.25403980887546,0.137519297003094,0.288437399673786,-0.556661152888653,0.397939918123943
0.317930007888849,0.296537594104578,0.171390651405367,-0.420593799167428,0.33837373300493
0.180916079344626,0.115882778949862,0.144255024036128,-0.857507684593548,0.265384283738263
0.381923072115014,0.239321803908253,0.0925450506105698,-0.793224835225589,0.363366300807506
0.176050914796532,0.166784106100317,0.071108118564963,-0.956941511492653,0.214717660854896
0.316651284182037,0.13036475213362,-0.0188786845643238,-0.879879238652849,0.828550440144319
0.206811662345608,0.210668266823628,0.381667862788728,-0.798569722639991,0.30366983019726
