0.588053438696742,1.7678671108117
1.12827892657147,1.19727363576275
1.21077510418969,1.31860074674677
-1.39929563959546,-0.418622238331444
-1.45270625895739,-0.42992850072263
-1.4551844179515,-0.467444688869062
0.413379416127823,1.73567328192045
0.138910978741419,0.462853976148116
0.315997784930565,0.493727469989466
-0.595685099143351,-0.591811219093823
0.641052201666777,1.64881001377821
0.794361668090194,0.782244684937241
0.097983590535604,-0.663576781199057
0.727602515270291,0.0502435888651104
-1.06058053803495,0.740237545319173
-0.823771345251665,0.0518416507812563
1.49185562384737,0.202466034863448
-0.013683250218842,0.66284369649108
1.64353941479064,1.28694164131533
-1.14097780146747,-1.44812355480274
-0.603919140701106,-1.57261108004529
-0.0888049230638715,-0.237762805861245
1.21794262659367,-0.98595939205933
1.12921193629873,1.94077391625099
1.03883298597626,1.43273752952559
1.02787751444108,0.829352365572331
-0.143693367899061,-2.58924941744477
1.05896185660926,1.8054398377832
-2.17738614440074,-1.4497105916162
0.185437995645097,-0.161513951747786
-0.354079370502905,-1.64402338709421
0.464464954173863,-1.24689245487436
-2.22442259617123,-0.8356973596332
0.127919142204678,0.110581278684544
0.0620450717124096,0.255219568510717
-1.74752603777635,-2.03157667013039
0.25203535610759,0.502724282033654
-0.111943636908095,-0.517000628430065
0.76619656113236,-0.820019539096757
0.131651736330432,-0.0117579862223993
-0.890853441199894,-0.589630213296865
0.265630670388864,1.01321476209087
-1.20990399875593,-0.18182252602293
0.781016771667514,-0.814110856225078
-0.613143683832586,-0.903023057678628
-1.52518695129526,-0.67585867923281
-1.4113614755393,-2.25842639436186
0.923343864253556,0.28333911293721
-0.930224358255852,-0.0318643391251122
-0.97871882073729,-0.512035516439435
-1.06205657756764,-2.21428022865322
-0.254865339192366,2.12208615158638
-0.233864749649693,0.0560293548065781
-1.32674120270352,-1.60505486237788
0.0219983139803668,0.945986594373888
-0.013984136312741,1.58676529551132
0.314064296539322,1.52520865728178
-0.622658838222309,-0.816013078303197
-1.87034824549672,-0.0172781048355454
0.526287260200182,0.552153564191504
-0.294929320950321,0.316964654283674
-0.683906441282399,-0.500141918164733
-0.524304110149281,-0.0758898792631463
-0.749098888057973,-0.0630348619301404
-0.959264779156073,-0.158369211486087
1.00628868051516,0.586880811147865
-1.51473919223591,-1.62127774218479
-0.0467560286093971,-0.07394960465322
0.91826040343522,0.545170582934548
1.18756754666169,-0.648253922856614
-0.554028735676097,-0.573501867264321
0.209631316653122,0.169250333838449
-1.05377984857653,-0.632607932282432
-0.40406905748285,0.584378502102062
1.39818694893917,1.78120507895956
0.835306207304268,-0.194407820343961
1.10384921776686,1.40666755765553
0.529871179181205,-0.0294272103200537
0.834359319384374,-0.60628083302898
-0.545813529579335,0.636815776632691
-1.76662948302978,1.24453439299273
0.699074242896664,-0.463955662135635
-0.836485695720019,0.685433567877698
-1.15199777962295,-1.26841447097417
-0.899589052158369,-1.8608514676499
-1.08741656271919,0.116736636732738
0.466629427252316,0.126599754646432
0.493123215378361,0.365287520414243
0.991759912343107,0.31833464777692
-0.576709184525982,0.175409509830233
-0.630562944759401,0.627986208761166
-0.980129806300968,-0.787271192876233
0.211077831849687,-0.464913224237688
1.24346098579273,-0.0263173628413047
0.26376842077406,0.151542007057219
-1.13297815049169,-0.956173802371983
0.20098398878613,0.174981536825029
0.422509571816916,0.59131833260171
-0.118198328271174,-0.97001004583774
-0.639071172753795,-0.695069318380553
-0.415069695114843,-0.137106786246394
-2.51805376013901,-1.85054515319842
0.012401968728374,-0.674215444126053
0.700301212380552,1.61616243557503
0.158344422229184,-1.03258177241674
1.24533585719791,1.53934457955848
-0.909731598500378,-0.942255090674468
-0.594133961421958,-1.2041468020218
-0.854323036180981,-1.48307015815096
-1.69480572851249,-0.206889269185893
-0.928023443662997,-0.316020487097002
0.0838973801181305,-0.102424006250368
-0.135674600497333,-0.130851446385121
0.506649869255383,1.11487380189996
0.45306579356302,-0.669446172313307
-0.601841398950327,-1.24948340039731
-1.19565942671697,-0.104652234596248
-1.74848272141726,0.407353927306188
0.64574631104686,-1.1572237476909
0.221285532457122,-1.7180889926744
-1.94463561301348,-0.944754610565442
1.10515622127772,0.0255129579605634
0.681355038211762,1.11596180116
-0.973632402595926,-0.703981884599124
-0.310656319935623,0.421755901818165
-0.112050032549791,1.36418537726334
1.10057312474234,0.364330848824665
0.620789327360635,1.24323543403245
-0.133893337154308,0.371626475984271
-1.60745522311918,-0.952619445691333
-0.230553226761019,-0.269506476013887
-0.376535540148881,-0.757222029514108
0.111186638023499,0.140197625489139
-1.01159318064753,-1.42338187006057
1.1334907675034,1.34625827114718
1.34299484924239,0.798829367082756
-0.675238892508643,0.817303665645468
1.50294313446891,2.03271973601972
-0.396665253898108,-1.06793886563728
0.277983499433125,0.146817448680759
0.183673722651846,-1.67373131528176
1.50531433740638,0.74327300534213
1.09725393267986,-1.11610546685972
-0.237585146806627,0.0822518247703508
1.29751585520921,0.895491107455806
-1.05117938968887,-0.743098579650084
0.0665237628136167,-1.57342795233702
1.06562499526329,1.81661870955285
0.963507716772525,0.0174632288210241
1.11645712695163,0.225186450151017
0.989213655186423,1.94118125269242
1.45244836794522,0.360053671119137
0.522218135750284,-0.37049147267315
-0.739547352182987,-0.172544689745211
-0.787418780437306,0.116454942296119
-1.08601816881658,-0.41116124773259
0.422133460955235,0.298060330388261
0.246746493507309,0.15986577103677
0.0547576897272616,-0.689703281100285
-0.592728476883859,0.812354265298841
-0.949190371576733,-0.327630908809775
-0.308349842838202,0.667391728425287
-0.556473286739099,-0.097235901480787
0.253000559240856,1.69223772517703
-0.52574168962438,-0.445918383451764
-0.299249165268167,-1.60621791904213
-0.57487980416423,0.116141015047786
-1.09089613532576,-0.399009220366691
0.190778251092372,1.05650895200935
-0.86350759866948,-0.27865599198749
0.964292280459013,1.95487999932681
-1.2991075813978,-1.30238135279781
-0.688610295133185,-0.627575822448946
0.541046840177637,-0.593991211783762
-1.26628324899293,0.281629623984106
-0.00694505830293068,1.45493228846867
-0.544481526607917,0.250049550593917
0.895182638354282,1.41904058590805
-0.238400076261419,-0.404557328293248
-0.0167436733088987,1.33183376592156
2.56687920927435,1.93776335610487
-0.654172689862662,-0.21338113460819
-1.8198078817186,-0.195335993506123
1.38516143765513,0.529957501792139
-0.0585442256792461,-0.771319789908395
-0.3124488032582,-0.428339187209698
-1.25331236833451,-1.3624601120166
0.100380134715823,0.673541596155809
0.706228677716133,0.345670917508867
0.646457324755953,-1.58823397067115
0.000709031706184082,0.986956221816818
-2.28798106615199,-1.62418923523249
-0.597543378447404,-0.204328686010564
0.679359322046287,-0.7490783705419
1.1618236547785,-0.970065779528931
1.00867303539432,-0.644161690230963
-0.158444336092692,-0.744240893093222
0.0525134803442741,-0.130398682772294
1.27954264036868,0.00529530449149829
0.364749240740303,-1.78201600253124
0.0646036566123009,0.332478160915036
-1.15519077202649,1.84553005797297
0.35220622829533,-1.90471857425465
0.555193463367484,0.999457361364853
-0.728832103344995,0.390287203699577
2.46246981536167,0.937427991464697
0.838626123567017,2.19851132354154
-0.0750402687720508,-2.2102247229597
0.0446012328248928,-0.29629965936618
0.377294841389366,0.17282799794912
0.0467583781568079,-0.100056290036124
-0.297007798920143,0.416844507688068
0.502105985303266,-0.838644013400292
0.8845189432493,1.6488883865837
-1.17771153178024,-1.57189946223556
-1.10546459849697,-2.80473844807439
1.83185151062602,0.204117099504795
0.162493941669841,-0.102234601934024
0.229073546772835,-0.141408841097405
2.34296112986598,1.07262751867592
-1.32897147038288,-1.89320497595607
-1.21947390716139,0.126946074981216
0.286558598336442,1.28926219465255
-1.46854258970975,-0.669019103764848
-1.15432635223505,-2.35371683314766
-0.159343590598446,-1.64893178046477
0.377435336190953,-0.977041987528215
0.844886918634299,0.928771818847149
0.0413049102354962,-0.413953972317419
1.09950006249953,-0.798001874211527
-1.12208260200185,-1.12251649414789
-0.35425605905716,-0.586789561985714
-0.0876987062722148,0.528160773987528
-0.0390716094411847,-1.40646927635309
-0.125985296294933,0.0198183789149496
1.40824912317414,0.766913784462068
-0.11183069254536,-0.682859003473071
1.18034408106795,-1.08071463757206
-0.768874625574407,-0.00347950358830046
-0.541530754878034,-0.759216088181417
0.243624384616272,1.00630792654349
-0.0664827999463901,0.389069660293828
-0.602909917125785,0.623096367363145
-2.08749905782317,-0.597773711052406
0.172807324916015,-0.516984357951826
-0.0806156951997689,-0.519147195591336
-0.612923383206989,0.0871695797301894
0.0172247568176728,-0.00336449519153837
1.45320706526087,1.52138285335339
1.57939234062371,0.627714815658434
0.890467589446266,0.918465929616885
0.403741188158272,1.49131724760145
-0.396890495718012,0.734490688759228
0.750594788825877,0.502069110833853
0.289867387724291,1.03244628828519
0.834832155647449,0.414057119057826
0.926530992898491,-0.427211056359259
0.826928346242913,1.93660435885179
0.0109674395855235,-0.328024313947999
0.58528179891096,0.687538420678142
-1.02647075478224,-0.10863540126684
-0.2532062239906,-1.07929420830754
0.135635980295998,-0.788556039113848
0.63788079875283,-0.549495401639843
-1.86577852095207,0.497038936123217
-0.126206604393172,-0.353765633783186
-2.43354428551854,-1.10438791751133
-0.541864003462273,0.00620926218395595
0.278146045008755,-0.260418823564116
-0.954195523717059,0.467046657330811
1.44426798917896,-0.203894199477661
1.34686876092268,-0.636592833905653
-1.33181207863264,0.479558133288956
-0.185719130895041,0.657925468324966
-0.180646597988615,0.262406509864809
-2.06493109305334,-1.24830276114913
0.743701550614776,1.00350521382272
-2.24147357546537,-0.845299357941816
-0.828806001967057,-0.843858134867105
1.07610219771252,1.07017780524562
1.96196268223814,1.04478131515523
0.699756419366278,-0.600302687332563
-0.0777017007750894,0.847784436256126
-0.560638937555282,0.138284933535662
-1.12223183141252,-1.18288317357918
-0.0413769268134726,-0.359066989823646
0.0741833799965789,0.986097707100387
1.46554130686343,1.66351167494426
-0.432167616360391,0.856280812141992
-0.508142298630328,-0.837178266081095
-1.49623199324762,-0.985143620627617
-1.03822642235795,-1.1355394921611
-0.573663934793309,-0.243357211726452
-1.28221043009672,0.0497030665823459
0.78116115179049,-0.397811731344654
-0.126891983618495,-0.116649142634167
2.19986732715694,2.89655684817355
0.50684754588122,-0.0569870358689509
-2.76889740325803,-1.52063490166454
1.06566909637505,0.780288004491132
-1.34930681422994,-0.576007206706259
-1.37011911988657,-1.36094602563024
1.1692523920934,0.685542303403171
-0.537812906959009,0.325327229756751
1.12803543131374,1.35587790635688
-0.732040353706161,0.47385743704722
-1.43154400984241,0.566640217720094
0.612688215321569,-1.1268094672506
-0.235614807365282,0.625921806377438
0.907845786643391,0.293244684525684
0.0692428397498714,-1.76200079719719
-0.782099612114169,-0.568587987923109
-0.612280789644914,-0.187629901423052
0.860223592390564,-0.271472300333869
0.844277788832763,0.552534347424474
-1.55780598856018,-0.619264161473833
0.0832816612057479,1.32762098729565
0.448256875994656,0.0386589476442383
-0.809536868965473,-1.08784018538857
0.0685846885636161,0.0089452779472468
-0.170603917260993,0.548561386058696
-0.905917431562133,-1.4506028409472
-1.76818080642818,-1.678319949536
-0.326173456254417,-0.140715473766306
-0.182458200658753,-0.150965585053901
1.53131265070149,-0.142785704947433
2.31557628396356,2.24469841749601
-0.329016600151512,-0.482944995654724
-1.34129801446197,-1.60233315965932
2.97026010809713,1.19476491349886
1.06590106683358,-1.03996094216194
2.61066599008061,1.37525218954818
0.140383659904255,-1.26936454714721
-0.836217823172978,0.214551621432588
2.09192782178841,0.137284481656948
1.0954060210034,-0.186394718728435
0.125657415261956,1.27013838892646
-0.474378112147358,-0.378361949159761
0.413786163416234,-1.04948180089067
0.251268675926936,1.00362722571907
-0.219581578132153,0.733801036643625
0.440942246876466,0.0610849883529654
-0.102414510906318,-0.479485477094069
-1.58590784124298,0.142827845672314
-0.648521247338462,-0.784191579937408
0.00598663801222332,1.09117514761039
0.583078614184415,-1.23023764345404
-0.375431669885236,-0.327801344274839
-0.537498440146428,-0.726736047444524
-0.0489778487770878,0.75751592493648
-1.04969965738368,-0.302750109653173
0.245109045600727,1.0231443781688
0.231115602657153,1.66023453717084
0.338395039332079,0.934224946266721
0.535312106125729,1.19303779193874
1.11774934365121,1.01671955423334
-0.715598939924853,-0.208842200769458
-0.584380366242362,-0.0798577420834638
-0.72166996393004,1.18360971560434
1.41495248036528,-0.705272022916673
1.2452815694722,0.675123539076478
1.60686383831366,0.513448978186889
-0.177438125193024,0.402406315353581
1.10458759845635,0.657721616389979
1.12883049154889,2.0981493957163
-0.520937321505799,-0.0546621235113138
0.379064432865442,2.0508647643403
0.54675920056544,-0.464917453105929
0.476203622699425,1.03709137741691
0.704929841314222,1.5230379413068
0.0499976692407395,0.341899843362281
1.12641356289149,0.25527909298918
-0.43791206522566,2.22663185495217
-1.47211118123537,-0.71654018540081
0.211720018533852,-0.456291043423667
0.417362584287811,0.039798297382196
0.975188113270743,1.47965737739729
-1.34687761109883,-2.51112358700097
-1.26341494310548,-2.39405147115489
-0.897918319435556,-0.317040085568376
-0.93659553362897,-0.266646450342913
0.666441640796853,1.45778827543567
-0.322569653868603,-0.268666189014398
-0.301620997649965,0.42131407722832
-0.711321605716872,-0.495837251393276
-1.04446660725276,0.319826984418835
1.45435726452947,1.26337414847127
-1.22983007481671,-1.8565850627796
0.370906614240173,-0.501768183747875
0.659992648291724,-0.911018844689484
-0.375745291569145,1.20992088581678
-0.0960831279420442,0.511227740722909
-0.704291941106463,-1.73203026563741
-0.474853082265203,-1.60578525244409
-0.987109084748822,0.588045664292335
-0.908187138400581,0.400997733858419
0.0782786670259787,-0.762893015580844
1.23918333366372,-0.313758676024361
1.64928312886065,1.0506154347762
1.28163570866425,-1.76983839124404
2.67915034497488,2.13776558427418
1.42023349707643,0.655302529941083
-0.383181139222007,-0.776980490838204
0.134783036985666,-0.347822882446308
-1.1061417882531,-0.952660339254916
-0.901329711544887,1.4144617399875
-0.645293346245825,1.88976074722257
0.097174744634277,-0.861452541141434
-0.651859194223477,0.0651679416357265
0.644216373026302,0.590996985931864
0.641816706370484,-0.154497590452794
-0.996701819303196,-0.0345841638552057
1.18249316659707,0.607441264738857
1.11897877207457,-0.0285443765453441
0.891278357634902,0.327542995245967
-0.222785475788292,0.538610918047636
-1.52093690523728,0.889731629546024
0.617116208371025,0.622352431306071
-1.90252321497947,-0.763127112542441
-1.44405282235181,0.767711013556121
-1.74239651525514,-0.525324902651253
1.03247813804001,1.41967778212157
-0.471648370360797,0.889847529701853
0.762915399096565,0.301052903686124
-0.207393508007621,-0.129788667919542
-0.762126111284551,-1.41103616826117
0.117495129385486,-0.918558983252036
-1.97257132910508,-2.64557873287906
-1.65171459058876,-1.1100468941153
-0.802924310543116,-0.629903550500987
0.235541164586517,-1.45314701041648
-0.183277567608294,1.08618882149861
-0.860245952389864,0.595825121132511
-0.221101896141935,-0.151960454742956
0.192674172369825,0.455235236703134
0.0825918051833354,0.306135660411705
-0.362898105067956,0.807202227172245
0.368445976086464,0.59590224082134
0.634400070073389,0.506739264525312
0.264187456449945,-0.293201951472575
0.156398934576303,0.747177394153804
0.446892205528915,0.344299194243607
0.528587159813138,0.238152493471019
0.745751264230079,-0.15164649751193
0.332103788901168,0.751365004548808
0.49176033068985,-0.49728851768887
0.152365025004007,-0.229770716579156
-0.802503442280667,-1.79829836932493
1.09218323551328,0.40996239961647
0.715007551398192,-1.79164699466315
-0.640118977473525,0.506756891721758
-0.221659638278784,-0.314448079412238
0.0570885998284124,-1.23355538585029
-1.23674466295363,-1.09921431801438
0.111013088902603,-1.75436019812902
0.616296911973026,0.469443320138515
1.39726934029168,0.778541221162212
1.03498184901865,1.49274031726102
-1.06595283309074,-0.0932185296442288
0.289769188639618,-0.383084959051949
0.11941128074584,0.195968175968428
-2.89212174153515,-3.37164604157519
0.50360526927331,-0.137490736682215
-0.209363732937763,0.182022422206923
-1.66761956266704,-1.05444897806357
1.34641433753915,0.710753798991815
-0.25429220465666,1.12511430648202
-0.240809217125918,0.635472743704482
0.207545115886301,2.04634142827318
2.08362289048897,1.53968537549435
-0.300539291814419,1.06438716704263
1.16021001499261,0.285567432093711
-1.399107553087,-2.42843652196952
1.33799859113745,-0.786803948448449
2.53537060869014,1.12098715565762
1.5326225117136,1.50985465890783
1.07423581141035,-0.959094193011575
1.39224734443352,0.198729768022723
1.06267427188759,0.83214953976514
-0.150680530122353,0.577029319358994
-0.670560743840034,-0.46551968495422
1.08299219794036,2.07090814793786
1.10218898537953,1.17280892291412
-0.373656257558384,1.05388940944619
-0.257478782635748,-0.450691605377988
0.933867158138895,0.584799969802262
0.320467328628188,0.893991008931055
-2.42315339360924,-1.56263419937673
0.507152301999052,0.521364731169325
0.278890207076201,-0.8940670108868
0.398023888789246,1.68563997459821
0.559108479510436,0.99062292048782
-0.503204686747632,-1.51903733526068
0.140708066859849,-0.423249875261678
-0.430087421149056,-1.00899646540398
0.452757800282882,0.0952024479605811
-0.377237329667238,0.848138362693603
-0.367193932003469,-0.144072678299151
1.16258655871244,2.23889740953969
1.90194429827607,1.46438221813994
0.711418756435175,1.79644219207867
-1.16559042234134,-0.424896391462735
-1.34273059191203,-0.427577200981461
0.25161204933485,0.579715054648726
1.90928540833982,0.815111892861844
-1.62886166964971,-1.52550958244601
-1.05945328446785,-0.0825979254300584
-0.393757616066429,-1.28791478594066
-0.97695450974487,-0.992424642955922
-0.1678025388808,0.539026849728603
-0.967488627871241,-0.480973218427991
-1.76654424934078,0.68764794260046
-0.338014091842949,-0.407500505712706
0.235351215799673,0.655056273369026
0.520232286905197,0.789047879008626
0.0748904146556666,0.404913413533834
-0.830126588851529,-1.62321040588577
2.35032993941399,0.0100638855793687
1.21744356407206,0.599803516806602
-0.577825265379525,-0.2697732177665
-1.21884462082292,0.198713686996777
0.650400693820501,0.702920930568858
0.726235128497528,-1.16393070402174
-0.245548295788625,-0.292971892415138
-1.91893725998054,0.470063026330201
-0.813500315705992,0.97170188462749
-0.711707244838453,-0.668143076095268
-0.286290790630175,-0.264434691009221
0.850339686711849,0.685987561777408
-1.9720960498222,1.21464623685113
-0.0786188075459167,0.914570541918356
0.49944670472563,-1.10516358559023
1.96377531306907,1.53372409055898
0.898849132695226,0.722339686687411
0.772134120820674,-0.392248238098334
-0.364006979949017,-1.43542066814365
0.546966117307304,-0.559653055210208
-0.261256854230545,0.691321945471005
0.305740577777352,2.20894500814424
0.111133239939335,-0.418836146397396
2.11794348160983,1.70142144066315
0.851493925171729,0.352010078677505
-0.327374861587589,0.234522066332747
2.05448491586037,1.14870860460299
0.591488269421818,1.35161426636735
-1.1646788158022,-1.34725422828545
0.087448278863402,-0.694304937111888
-0.234995544955886,0.919214910954817
0.0671627350535107,-0.571970132516641
1.44133883220558,-0.419179892064429
-0.189952330986287,0.817479289594483
0.68209322122303,0.477244034781754
0.734574902281557,2.3284499296522
-0.366088857361238,-0.718904870952457
-0.871509776788897,0.0853075883192088
-0.0137963053149706,1.1625572810477
-2.07146564868303,-0.415316121421634
1.98555329633816,0.785808093589675
2.13933308632629,0.531646819486902
-0.552047231884372,0.756584412229474
0.539976190059591,1.0256769498505
-1.33612230776215,-0.887295932460043
-0.324354898489807,0.379912364512299
0.584351016088629,-0.255359207312179
-0.0723336172961087,0.186710448785154
1.49779206686523,0.117338083971187
-1.10672144594146,-2.46575003959423
-0.218430099195785,-0.0663612388375997
-1.9262999542287,-2.34032834482564
-0.202177046773843,-0.923747850218236
0.249601788823087,-0.375653779225192
-0.000929780408619962,-0.697396014043514
-2.50331115247839,-3.09311179691595
-0.444226333595597,-0.938778507940389
-0.0618752272371937,-0.615267120863891
1.3468063854956,0.0118427673978159
0.0789026742452146,1.70446444633883
-0.851126074035176,-0.890406839415646
0.793205081499671,0.807046544457108
0.272880434340793,0.0565169719334207
0.393547831214078,1.76961049142625
-2.15813685154941,-0.404199952872457
-0.326447821530924,-0.452346469467116
0.98922294455388,-0.63892552050736
-1.16781679418972,-1.26552975520331
0.437879126660647,-0.600335717915579
-0.465522424245514,-0.962059641195277
1.35251775321038,0.876546847323988
-0.525718043338633,-0.638973344565882
-0.264971899338965,1.49189550306753
1.44629764748598,0.676427135342866
-1.01638408317328,-1.83714356877449
-0.176343861371432,-0.083162384438601
-0.831261973366666,-1.07020240001622
-0.020527176255219,0.686312622969203
1.14979862785607,0.650647958178819
0.161038966429075,-0.0475179370026216
0.26563086293985,0.335605806391704
0.309099935805807,-0.607704552131711
-1.04370629551305,-2.51353709062733
-0.153002285335676,-0.380205329955342
0.38075469129402,-0.310593505330907
-0.0996560513673539,0.664924468398567
-0.121678972576056,0.150684730851938
0.528513083430514,0.235513832488932
0.810646384031449,-0.109465529063295
1.5832697267051,1.5379842649
-0.342504931958912,-1.37043415614107
0.321594836062302,0.455357616677462
-1.06499754816036,-0.844613126366703
0.261928910172341,-0.535215663518764
0.0749977597493248,-0.231214920402181
-0.0246923213681964,-0.290783162482504
1.59938251638894,0.850261258813706
0.706424966636854,-0.822047806158216
0.0164415139357683,1.09539482843511
-0.42518044181427,-0.484672138732126
-0.497101208613967,-0.760044823761443
0.581788807009769,-0.241117385779785
0.41430323550815,-0.746402939169589
0.161446425960913,-0.978746962850016
-1.66358659226974,-2.0913431089043
1.02562267776272,-0.348542078263732
-0.511105343408819,1.10050559407554
0.097951897836696,-0.0479057993415588
1.66078751365533,-0.180510665431193
-0.339627259862259,-0.229171919119644
-1.88233073474829,-1.86823946877982
0.247030190718342,-0.314795746940039
-0.505875576657714,0.186368591353637
-1.78943778445888,-2.26927726712567
1.65437875908647,0.666898093046244
0.11995165575332,1.13906866900251
0.516397980565244,-0.102376976210728
0.833827819778218,-0.0292670126617592
-1.08678696684595,-2.20444637080891
1.14378334490848,0.784651652446831
1.22654004462819,-0.84775836161529
-0.0850069178021274,-0.658727463168959
-3.23358979039177,-1.86131256041385
-0.873136482999084,0.226198619353828
0.382998313123886,-0.0269177224994663
-1.7832287659383,-1.11847705900649
-0.149486231630408,1.18851156880358
-0.897923702497194,-0.0391715777815034
-0.65063221347483,-0.974379594605023
-0.778666453595764,0.571765912395016
0.309864337141104,1.16662441440067
-0.223242636166124,-0.000775028383030882
0.860697840646336,1.39505784402449
1.11480550040976,0.888146395678487
0.959960155934546,0.00770562353745552
-0.13032586508907,-0.134146455395665
0.0448602075178979,-0.749148874241898
0.156264679004521,0.774905957282927
-0.579037684614363,-0.292575195170706
0.585043783617738,-0.38641415960871
0.954539028517504,0.0406173946668335
-1.95853477704933,-1.97266177138146
0.167992326590805,-0.551932537946588
-0.248325672758987,-0.528374679819189
0.55256525635088,1.28930598890802
-0.187570028691549,1.78674764877197
-0.823256306213035,-0.644296684431251
-0.840501374665992,-0.0797669830717225
0.685588513843669,0.696586003596312
-1.33675808009838,0.310951581968115
0.739538138800106,1.43068393499325
-0.684208446790992,-0.955726740458002
0.41639459004651,-0.412873564721019
-0.123890608972072,-0.233297859897804
-1.27759965891362,1.00680586641561
0.644830103075947,0.551629332781633
-0.426319477433686,-0.282209225173739
-2.25483108371626,-0.0556017194936138
-0.631928492062791,-0.568872946472878
0.573877636388491,0.335359937573574
0.783641150356906,0.730779754953634
-0.664664174808269,0.0706180877733011
-1.47207226676501,-0.993043109554032
-0.998914498523785,0.606297829453256
-0.31507563482045,0.880388023326461
1.58999205014497,1.81905376155198
-1.34299625701239,-1.37686087774164
0.240084364848072,-1.4013706587773
0.361074828871736,-0.522263661176654
0.0347745085270701,0.396592122482547
-0.0492644720784814,-0.629718775907327
-0.135536891480753,-0.227766211837335
1.76421509979531,1.10904792521759
-0.215524753639068,0.335405423551102
-0.626412757489178,-0.0351874385539429
-1.09067187790559,-1.3807889247468
0.671129322856079,-0.187045021524653
-0.928682108276631,1.43807787008619
3.33629415447499,2.92660293352951
-0.42514657581083,0.139862950397374
-0.0479936561318222,-0.824048233139742
0.210302763887891,-0.15379125184135
0.665703303201618,1.02814122793144
0.202315734658892,-1.36412012477073
-0.0303638247402,-0.20509892441335
0.708957269294834,1.96942399564612
0.152834220073794,-0.457214386744392
0.0706260922765629,0.132691237238738
3.17052594594521,0.413755881577796
0.457796591422932,-0.61357458123652
0.7853593192275,0.937183421285097
1.44886478465617,0.504163617001131
0.951755802684424,0.589927890939342
-0.765180714365355,0.231279872348395
0.137075808586163,0.205931150467116
-0.850524010075749,0.915906187324907
-0.2407457970674,-1.38104439128954
0.388904780954535,-1.07945416625883
0.17740046760385,-0.129105330702664
0.16083482061352,-0.406706587733251
0.135795627243834,-0.827289987927877
-1.61232729756626,0.0798675654179513
-0.706376312908344,-1.46146196327924
-2.2622260457369,-1.89055820985731
0.55280741446954,-0.415997698311119
-0.12246189621538,-0.398589415293206
0.95472641505162,1.35532190506156
0.670786541658577,1.27729623152521
1.66618713050478,1.46656385268306
0.625049672864295,0.704570318325454
0.890357679792993,2.05643961783075
-0.357413614342288,0.124293683448078
1.46855549638438,0.975459159895081
-1.45693177840341,-0.820177929434574
-0.457975634071374,-0.558291446686759
-2.31524992291981,-0.331608114186924
0.189237233681175,1.3796053617164
-2.07945902824668,-1.93037670528261
-0.144868883110031,-0.55277565050653
1.15668506859275,1.80944948283854
-2.14927995598606,-0.351130499311226
0.937512805133012,1.0893668222686
-0.174298080676634,0.123525284850874
0.931351638132117,1.01549211905683
1.00334782162082,0.107032385487352
1.05315483448082,-0.11625666882567
1.1185818012741,-0.738810547359352
1.16273732933884,-0.205763124640968
-0.181210993542937,-0.13998925689551
0.131663710729284,0.567864088702809
-0.529846343322988,-0.096933994498651
0.284738298157229,-1.09286500177565
0.768931685031656,-0.99711960278228
-0.126841391629058,-0.306312900549673
-1.32952127416528,0.0731577392059544
-0.0263203571249372,0.541614545114451
0.444602072208033,-0.651033731996178
0.324711964048701,-0.344449049709898
-0.339447045621846,0.075314091919654
-0.885918205470801,0.185526016710108
-0.841892019579253,-0.384915116213921
0.960276122536908,0.556079008090391
1.50991218331798,-0.163861964653374
1.60003777037698,0.705780718438125
0.412739709521311,-0.394778103814101
1.46539661373145,0.741183689522505
-0.636678678120493,1.14646867691396
-1.41586506402631,-0.731563453038687
0.901406571853774,-0.0352770819104928
-0.117159825042449,0.680409277695331
-0.508186527570608,0.129657958305154
1.53840930755715,-1.0655149753552
0.408298909657817,-0.418189994161941
-1.09203261684808,-0.493484440744569
0.603995275119359,0.162163407165673
-0.276477897252071,-0.221097725370145
-1.836148724486,-0.525961913609923
-0.957841917747004,-0.911353582877289
-1.85563014466331,-1.01148978969693
-0.204275872018095,0.4744095190098
-0.246253850881924,1.64033606197254
-0.467626852565398,0.425960157205
-0.495707027457036,1.0562709684852
0.466235398327546,-0.340409473311197
0.494975924912442,-1.67640937326781
-1.85603150673449,0.333267513522528
0.187524712052314,-0.0264996321219195
0.27746963312887,0.0793638996542253
0.574574667293652,-1.02420026290569
-0.115632630137046,-0.627769581319033
-0.962054050086316,-1.00642356073677
0.578291309340394,1.62601956844564
0.55723376550471,-1.05371351188395
-0.437301620775602,-1.86742590669353
1.27875415485287,0.252751520558043
0.166753570181621,0.679156153967856
-0.497024000446188,-2.24462341530853
1.02036751010369,0.717993552458084
0.0430287779885211,0.482541622949229
0.0741363811400408,-0.855631386229669
-1.02740750414693,-0.894548258406145
-0.227350227005558,-0.652308465200702
0.167855192697017,0.784108287303079
-0.133194191146684,-0.0150026039829594
-0.927623789938617,-0.838916982047407
-0.640522986839203,-0.777126007483056
-0.491764071501449,-2.10882513818031
-1.60433501649289,-0.365943768225099
-1.03331568743558,-2.35787406538778
-1.90700393759962,-1.34780604413074
0.407074130599304,1.44244156873894
-0.334492768644891,-1.7688422645964
-1.05807967125807,-0.775861723715848
0.117936542502103,-0.249715806157051
-0.409958886758009,-1.72630379028599
1.55649967588567,0.7943546066963
-0.810262686460489,1.3408666681264
0.25992712009828,0.625193184076391
-0.20220762509288,0.393217449705595
0.194648180705756,0.551422476438846
-0.0693749705449164,-0.548959423625866
-0.632969172064151,0.162012964615465
-0.0219032695229493,-1.09914148287239
-0.790884616277072,-0.449810400903347
0.898370898816749,0.443620743079612
-0.437526698503616,-1.59771385679348
0.427131277457989,1.34993508042711
-0.649174497940501,-1.15242988559432
-0.0830022728185663,-0.251234396256288
-1.48091680407828,-2.00446839733538
0.878918495951117,-0.707960223921232
0.126431697395776,-0.0712120296420676
-0.279515528961938,0.482161892535823
-0.0449068276092469,-0.886760766208721
-0.883506289918281,-0.0232853737319295
-2.21555637379221,-0.592798643076924
-0.438251618163276,-1.00117071102403
-1.0804603913858,0.584270405291919
-0.338050107457143,-1.55165412357566
0.408602892240287,1.18812073379934
-1.21090951110013,-0.0336077150300716
-1.0819364051854,-1.34741780495389
-0.795670040539035,-0.00104458794693579
-1.90686062600363,0.232249152711619
-2.0402835139087,-0.944575818415076
-0.353756077235703,-0.108929329790388
0.417061420813356,-1.24987447887241
-1.0472126271921,-2.15198826802704
-0.491224762391529,-1.54657071581027
0.935307399381785,2.66214004809894
-0.551470330021314,-0.460814900919979
-0.0023389176323953,-0.663299062042188
1.40785091319024,0.533203098323705
0.5522060888499,1.66829048291154
-0.743747061061907,-1.08673770893177
-0.125637342163726,-0.754976839769756
-0.318004060547948,-1.57189750393153
-0.000529853674426456,0.32860290844813
0.521953825582362,-0.896879160652552
-0.771822038592514,-0.31958308069676
0.723046864749063,0.811073657483439
-1.63693009954177,-1.70690875871591
-0.730921797884881,-1.5168396008375
-0.319719142152871,0.481767766395654
-1.24970549253217,-0.317452287142466
-0.484682404867708,-1.73008476517675
-1.0180298041148,-0.256379109297847
1.44678098812177,0.388978486800679
2.36310680731988,1.41756022013298
0.971201676762285,-0.236311044916677
2.35999442886385,1.45643998032934
-0.339584733624432,-0.0330835108818889
-0.304636880664029,0.362034319853116
-0.467624570966354,0.953861118516963
0.117875387336329,-0.28277249097678
1.20179931871402,0.560785427082791
-0.926332574546351,-1.84099086953571
-0.0258987491538952,0.0648226795867799
1.27263441499276,2.54760948776897
-0.12114822149406,-0.364142955270627
-1.54224145936965,0.636807583884006
-1.33633195964112,-0.955430538534644
-0.103718209796671,0.640049879263481
-1.63162083779366,-1.81507957002175
-0.402016832257037,-0.161546037645899
1.14592919927383,-0.331485612698166
0.898496911512083,0.650050068228887
0.586736626923586,-0.227651262329451
0.205320737482582,0.74918184971319
-1.59419452428043,0.161174396084004
-0.97155118331195,-0.0970155594732001
0.760277862075076,1.12100817759068
-0.189668646305778,-0.48474937821234
-1.84604370258988,-1.79536293916014
-2.18389008979343,-0.0510559604144993
0.426796358644017,0.491756949307906
0.463058767134526,-0.142173897336743
0.290355035643265,0.617445078084769
-1.39045232559321,-0.597530124711303
-1.23365931069291,0.347347197063128
1.23017076754092,0.737051583675145
0.00579618555442746,-0.254925061894926
0.573141195473238,-0.175119623178627
1.2012025999947,-0.651659486621125
1.16329866784831,-0.699330649054359
-1.75970979046749,-0.0953295844279352
1.25282819194838,-1.6132808277325
-1.68675225199854,-0.0293353398016793
-0.281110420310576,-0.742816799653329
-0.667208905503391,-1.76619399250005
-0.166814121198202,0.936925765352909
-0.840280472307675,-1.01475918101002
0.43172111468688,0.122186165265438
0.15026754756189,-0.976781700250848
1.4954532859433,0.0130034257635919
0.792189150223627,-0.419342901668537
-0.303391416950168,0.453847253849088
0.279937569659297,0.351880943893531
0.772415313532608,0.543138617277232
0.998663716020187,0.45449513780976
-1.15384945993863,-1.01900711551394
1.68806752578439,2.68562469142883
0.954841230846532,2.77652690561049
-1.52575806148237,-1.46505959926394
-0.69007658105154,-1.06290424978232
-1.83561035891086,-1.31652321108516
0.129024509501536,-0.534815127285883
0.36923052709697,2.31618827121473
1.1850094613159,-0.0313724328842611
0.157224718730342,0.343048063794229
-0.809362618144696,0.823370463352745
1.92758312907401,1.62532036602712
0.926901316980248,0.333682024080463
-0.846234381332051,0.432580034448088
-0.29752525316912,-0.144445076551643
1.74469928388036,0.601184466738725
-0.420699850908317,-1.22571723148859
0.931400298819794,-0.422347158669026
-0.30611005142947,-1.78285026298838
-0.183425066305551,0.244840593681798
-1.30898668264958,-1.24000460620914
-0.231974170860798,1.18095987834419
-2.03174801275329,-1.37802151298406
-0.189814017599707,0.263651501421287
0.133831484410181,1.11927173150629
-0.012106119371508,-1.86968920552007
1.31472861134714,1.43755570440013
0.172126327757694,1.65538114387286
0.118651502305386,-1.91833213310287
0.564991583269936,-0.198959759141625
-0.826734682339289,-0.286621309027232
1.23134134323437,0.104159321527609
0.862869925051188,0.190161842914323
-0.664223486841706,-1.06469855487272
-0.194428164441994,0.15666528007231
-0.48082361757432,-1.64146389980742
0.997048074513121,0.859571597598043
1.14141258475771,1.62740013936604
0.886214569076837,0.588290380853808
-0.761257893816602,-1.1622191248993
0.511328099065207,0.830166391564072
0.180040207622304,0.823714876254744
-0.41174629527246,1.40854432396147
0.635991373180678,-1.36586888875006
-0.0679428730955014,-1.17979353068917
-0.421869158719548,-1.46717258178766
-1.00695350811811,0.053667723088381
-0.0111892017780855,1.77469021650975
-1.23613382683002,-0.898251308179521
-1.28923664217636,-0.172537167569799
0.0218151811459387,1.06102832161887
-1.83683231029569,-0.305150149622235
0.559119402233163,0.322210372417574
-0.948239057400388,-1.00379697122174
-1.34813616018098,0.0390783778492135
-1.43881836035554,-1.32446743490947
0.419306879249141,0.777586557619086
0.211297625682463,0.157963256347211
0.776226699874302,0.30292705381163
1.8434565240132,-0.0221087528413595
-0.905845612693123,0.626778638710853
-0.179055591279157,-1.42548866593256
-0.309449765394083,-1.198113050172
-0.112433593362813,-0.781205063132777
-0.178823440244828,-1.56555348357291
-0.509170934280421,-1.11411003526679
-0.415061346795695,-1.22896177771465
-0.790278973651799,0.0872571898215216
-1.74644278255011,1.52751591681612
-0.238593162072246,-1.43003363258622
1.13440809105781,0.293254608580051
-1.09664309112928,-0.67032396794723
-2.30398361295855,-1.13962275462409
2.80739964317163,1.48882302526774
-1.06634360910791,-1.17705893251005
-0.453060989010874,0.258892190391245
0.00938588312776839,-0.90039182682398
-0.654896633392461,-0.255326467178677
-0.0927781814157295,0.025763204171879
-0.386931288334651,-0.463640942320308
0.414683204851522,-1.38219781049123
-0.824876687997394,-1.20614761150324
-0.253446403171783,-0.612190853263945
