-0.11500177677144,0.334480203971702
1.03301128796595,0.859260853851422
-0.478558190138225,1.51544893844706
-0.843964277777551,-0.20210376652797
0.0681387538456756,0.78941770568897
-0.805140376053443,1.99954015202222
-0.418190583365207,1.24348917644307
-0.320947997714967,1.11862671000548
0.168864335361201,-2.27118560987388
0.175133188084842,-1.20544887811695
0.139697961123539,-0.0341060337298799
1.50774244945358,-0.979893303849382
-1.25749725734192,0.393458844674504
-2.00735065434337,0.0788747336003548
-1.184128922566,0.806854541640287
-0.497848055250179,0.571563865273597
-0.751867287948871,1.2218390718347
1.9532356017745,-1.31350137877708
-0.672806454059077,0.706779619677192
0.946211428152978,0.0735407044110063
-1.09701922779081,2.38694949665851
0.268807146654615,-1.14686545360101
0.152589544830572,-1.26100355069589
-1.09426207763702,0.3522708100844
-0.420992104546982,0.528621068773064
-1.01998733248703,0.349225375642688
-1.13960405922113,-0.240821010210784
-2.26804639996538,1.79422408143628
0.554881246883025,0.0920034604321815
0.393900677750709,0.0546052823345934
1.28409476667434,-2.3206533431941
-0.678441313812285,0.116721050590217
-0.135508519811737,-2.40212385225058
-0.00311079031285527,0.894092963603699
0.580068994354935,-1.83662434793648
-0.650874078113658,0.584721667415233
0.142928623192613,0.835963383823229
0.107686607519673,0.265899758538766
0.557030388614875,-2.24932289085335
1.05206630374434,1.26951062655407
-0.265447269817745,-0.624775416798026
0.899424861598802,-1.14530725223789
0.226129826632737,-1.59222218596917
-0.66390572829471,-0.7339322168497
0.106751521380312,1.64320462289662
1.22673424596873,-2.00118566959395
-0.267265249334243,-1.08981691591024
0.362179749105397,0.312215060102326
0.233375458203049,-0.624459197551403
-0.390209698384538,0.669287611953773
1.20123124576491,-0.707042783289751
-0.862433061057766,-0.158547180164483
-0.478550735475081,-2.21084855454484
1.03104802084757,-2.6666512677936
-1.85558167091925,2.01952782595699
-1.1374954594565,0.358247563836615
-1.59712632854389,0.0113468340314491
0.149983817033474,-2.75793055453999
-2.0755253937766,0.753215973043694
-0.816494132907209,0.323011648473187
-1.70452737468403,0.920836256850229
0.479742826206296,-1.61488074305108
0.571426350779559,0.87792998104444
-0.382065595735375,0.425813352292914
-0.265783543107138,-0.48366789447864
-0.0286026738812763,-0.631870618704083
0.14691578676593,0.840238046443496
1.10831794924136,-0.498837709217528
1.29741490809526,-0.2336880305588
1.56018103810225,-0.396469834438305
0.514553623082572,-1.52010900071485
-0.180033790905715,0.403857697876365
0.551624660673353,0.224221397451763
-1.40358572087156,1.2513106250097
0.138924075691043,1.47663502923192
-0.325202824394417,1.2987050027904
-0.16627216663983,0.246569888710741
0.069553744515033,1.23411474169871
-1.00328080895841,1.20225615381589
-0.0152022916626279,0.803074942751385
1.43726033261144,-0.074283386935082
-0.881416567999172,0.84938836459182
0.536099689294812,-1.38997249256286
0.315493134426803,-0.614553830014615
-0.640883819179816,-0.569614806447728
-0.795529019108072,0.1149173998418
-0.207903958147968,-1.06547532148701
-0.420188795350197,0.214567169233415
1.0298691892477,-0.435608906713703
1.59647257511447,-1.74192493097435
-1.34605634572648,1.4217425632992
1.08615769028376,-1.03942328766261
-0.614366087196974,0.517580024866556
-0.115892629400213,1.02793126421236
-0.963097558726367,0.201563574104925
1.69433437245297,-1.21708070548934
-0.570840737856117,0.0583613204933526
-1.48154068166895,3.97673682483936
0.623242247499318,-1.82760290973272
0.311068890502557,1.67235460779864
-0.524111142432559,1.10586341025221
-1.28042612192838,1.66718945650098
-0.0302897456270515,0.791406433788152
-0.607878688541125,1.21347661882775
-0.17182832547897,0.875171854801182
-1.81276286112322,0.799004121426938
0.109726276265152,0.351991461462604
-1.3849397546149,-0.654929891564719
1.23544417973663,-0.0358141322933377
0.701791555728187,-2.55520307504547
-0.637715406847812,0.495820458585918
0.82037415067537,0.0280688502837385
-1.27267052963153,0.765692165060417
-0.285355281306579,-0.217404027996758
0.916619482988409,0.535973214079901
0.152065207671038,-0.627316672130065
-0.71643727066322,1.4331854247178
0.045180722812885,-0.166364987883482
0.208534314332967,1.20283882685816
-0.0645511591134457,-0.0638126509388039
0.0638713759966501,-0.176647967314571
1.2664667805847,-1.43729028179492
-0.675116543005825,-0.409380249473039
-1.46354780988543,0.218675566608576
0.710590050302762,0.228048103070083
-0.643120910647877,-0.307197941863325
0.675177107317389,-1.46281176691698
0.0336590124427108,0.066929167890391
-0.384190054463573,0.622297993031624
2.30751841011642,-0.0937033140113119
0.698518388990696,1.19150743590624
-0.432739399582291,1.61409920687211
1.40170501063506,0.275454039626896
-0.609055494131499,-0.559832158516727
-0.119751122541364,-0.489949001149079
0.149979920943336,1.61566282157542
1.01923612309452,-1.90944221398954
0.292749334937374,0.910213715447182
0.133823160778807,-0.502068748458526
0.554790848294374,0.291122035195862
-0.452077355877352,0.647298552060223
-0.340368156655821,1.40918587645515
-2.34653647953104,1.19355555057793
0.973733322973153,0.84753937631692
0.601312294809393,-1.50194831341821
2.00594453659578,-0.590459418760744
1.18501467038053,-0.363103826688419
0.356162754415613,-1.57497183605333
0.0487120458877852,0.550276285699091
1.60232786376522,-2.31818809661157
-1.04239437949541,0.73813217089945
-1.15803636559589,0.533172082459135
0.71125310651472,-0.500218369606661
1.11503711517929,-2.15902120315693
-0.0559231824210599,0.108037633535458
-1.53040557059484,-0.307151811438671
0.495028422134735,1.05973560890368
0.200275347000268,-0.437478718715223
2.08276016894473,-1.37185551867995
0.927309113040498,-0.578314655200482
1.93756468480885,-1.47895429911329
1.46455960352881,-1.36552845170017
0.432201158005279,-0.891574190842696
0.354984560275655,-0.862032253631873
1.55062082339071,-0.616011636576405
1.41086941267597,-1.74892281578707
-0.0672397774782677,-0.319895992316784
1.53671429088591,-1.52853890470516
-0.196151259626518,0.66024602549473
-0.114814849288593,1.61761242437865
0.824713962511166,-0.0690793048066967
0.0639717173819824,1.63384163155615
0.496856304248496,0.288395102660821
-0.851563910581221,0.788790630419826
1.67133686873277,-1.08255687211929
-1.29675155539795,1.34962879564158
-0.528349809988337,0.146754832130183
-2.9014222847148,1.07943397048253
0.163356820513142,0.0217930191649847
0.162418376962732,0.608816602449255
1.51665161990701,0.538513877618081
-1.62334948865031,-0.126914934078487
1.56759378904504,-1.50915803554062
0.0202106248556913,-0.0258639665961213
0.71641050270774,0.301593113217923
0.92453977091219,-1.99167169364328
0.300919626187136,-1.11149827803059
-0.617433732845856,1.2258166012208
-0.834637563711792,0.205140506837573
1.82111262564531,-0.815221704536782
-0.611100669149713,-0.266772295393224
-0.342274905740599,-1.1102968597566
-1.38882037768089,0.911622964107462
-1.00911908608015,0.538509996092782
1.32667910161025,-1.19884191570278
0.401889774332538,0.382830901664671
-0.0121693694308463,-0.384501516493149
-0.984503975219069,-0.0599934911849873
-0.432003517003703,0.190514445404103
-0.705742564938067,-0.549566117269354
-0.0249066421218422,-2.47666015869302
-0.422380202548303,1.70570877948403
0.731083824585044,-0.493267646043898
-0.123809790584278,-0.171706722662855
-0.810526195620747,-0.584122146861041
0.755546526284498,-1.11057779138283
0.0122881069650749,-0.785675823500657
-0.109571130854673,1.229530104463
1.99228344009564,-2.18718046122058
-0.026643139402,-0.0161623617906805
-0.289340624839912,-0.174681358955388
0.41872745504171,-1.44126793807532
1.58117743312212,-1.80704813691231
0.597377073626509,-0.864999942651611
-0.863855051049812,1.87685767180617
0.0606012378129137,0.188077573652658
-1.37175066630034,1.38301220939517
3.21131450662578,-1.83221409204577
-0.898158994786019,0.419428332935581
0.138058524092905,0.840896135072197
0.294365111326095,-0.555427621068428
-0.637671049025683,-1.55537240662214
0.496988750892034,-1.03054427168021
1.43807877206584,-0.177428865985252
-0.00604378198882236,-0.00113747216666421
0.798476677444559,0.0685176156362288
-1.29518812540806,-0.0133906018731232
1.01940840570444,-0.462070930582198
-1.57562614804683,0.655388899510523
0.889618163875009,-1.39679499412128
0.708239045431291,-1.09162212396953
-0.545531767845457,-0.243892894913061
-0.517672363352921,-0.259483847638574
-0.87523248254233,1.1478743826378
-0.68553654159804,0.978180954844796
-0.392133737103957,-0.43648967346219
-0.0996766327626165,-0.822584561040083
0.280156201614429,-0.507069660979329
-1.86683871645389,1.01645678720932
-0.638472468366097,0.883345930948835
2.38417238084323,-1.1682109620777
-0.89883462010013,2.12161402884243
0.58718400272646,0.367988918937868
-1.04347171741642,1.65532861593455
0.622498587479328,-0.64285035476931
0.686750592966629,0.358129117920867
0.574382439081466,0.0962951927950804
-0.0808649629357382,0.442631918140161
0.885631878424506,0.372032081427597
-0.486583590760418,1.30159793232369
-0.888777708241723,1.12299902271463
2.04753749903774,-2.62254692400265
0.191291952135811,0.0262458905783277
-1.06311100699393,0.6889233407253
-0.980685409082898,0.00607162360787339
0.277357678320891,1.38284324011184
0.372138880935792,-0.443019929176143
-1.03089153464894,0.379501273444665
-0.813261876364031,0.317682311283275
-1.05551665071215,1.14189270072499
-0.39277728363236,-0.392164096250435
1.06791897464072,-0.256191779229263
1.98509323344029,-0.0949124065647498
-1.75451998907172,1.31000597105324
-0.68941679603012,0.572989957335111
-0.89222951080043,-0.131209620053147
0.0304388639626469,0.375447578050234
-0.281064000253674,-0.0199753525560603
0.331479258056688,1.23162007821904
0.652933160162982,0.611018041104682
-0.1032538124579,-0.606354953834861
-0.376931943091611,0.374581091570084
-1.76362704504467,1.00596576061247
0.0876781198273302,1.39963249872237
0.367936850418542,1.5709461742797
0.980526036373781,-0.00255318619414358
0.0190451722478928,-0.625622164818283
-0.45892067398451,0.757878965430707
-0.341971021994611,0.204730010106666
0.424459198313632,-0.32413021089752
0.623891806664156,-0.439256250506346
-0.696968406038185,0.603329828242223
-0.138748593100664,0.317416749598479
1.70926616452867,-0.694916563093261
1.58412913579016,-1.02206144938396
-0.493018711894887,-0.606643035639943
-0.281609226365646,-0.341858982321619
-0.6871413008222,0.548985718925141
0.119835481113025,-0.469929573015286
-0.0273762466171099,0.182863118677991
0.936128792306494,-1.07048601046852
-0.912639198653981,0.325983889408669
-1.95903331802327,-0.913911666477787
-0.134160995974388,0.614894370801029
0.765794117714838,-0.682916056398761
0.119284883418404,-1.74486716668306
-0.532140139226276,0.376413291542582
0.506033198030975,0.756662087623218
1.81446823606892,-1.41878855793262
-0.343080830336201,-0.388514947529698
-1.23572425812835,0.0178920455104605
0.455571724835351,-1.02146593099605
-0.185607580865601,0.449466890745674
-0.404139486805378,-0.0533894686841258
1.20772319219017,-2.02444677682208
1.36878752950693,-1.3365327761399
0.0490247873530509,-0.341792389380492
-1.52791531110469,-0.141670968683791
-0.540112245017702,0.876645536385937
1.03628753695915,-1.28668204388717
-0.344102185368078,-0.010350810525189
-0.945425833413866,-0.350262895029685
0.0570333798565505,0.184636029180601
-0.109623779522353,-0.404078734485053
-0.240721338391681,2.45504152768697
-1.0281632392174,0.463473168240702
-0.411021853767804,-0.324658562522618
0.139696187663049,-0.972839733987936
0.332730099628564,-1.58815456680782
1.25241426157211,-1.20960012877558
1.03216073900379,0.301600031024194
-0.590446420292138,0.925589897329916
-0.403955786752488,-0.117866390287026
-0.068426439902501,-0.0712708375455849
-0.921374739911766,2.52610959829961
-0.189538018467928,-0.516419501625337
0.835987326992821,-0.081031129075526
-0.249712062356156,-0.516379939579298
1.07789922273928,0.148348709066905
0.0631755342058889,-0.351310732640216
-0.925786873343944,1.04011524604282
1.00638443404878,-1.16846304397177
0.339790350388055,-0.0602890384563443
-0.842362433162142,1.51686098160653
-1.19865587038317,-0.21812628960171
2.14594048665123,-2.5346637785435
0.386073211789272,0.0256437575233234
0.795177809248644,-1.37888755887792
-2.19688868959084,0.708303736790093
0.140125895652314,2.0904553138619
-0.758928926248122,0.890046354004909
0.135641516631375,-1.44580977373134
-0.232835929129776,-0.19443699896671
-0.0800693922479762,-1.23330181913423
-0.348465919363734,0.815826645746872
-1.56614189328584,1.7712854486282
0.856537465050788,-1.74027160827523
0.413868595578208,-0.368738752799812
-0.662217812739081,0.282016884450426
-1.64019595645124,-0.184816284856999
-0.175841470234533,0.322257649569636
0.99023381001951,-0.231166944509535
-0.420698816129893,-0.393456499726286
0.0712689006314165,0.326735197118329
-0.905517464017238,-0.0837523997399512
-0.0555475660979595,-0.748917312216262
0.522442432912106,-1.14408703439148
-1.04136378211167,0.531226491389128
-0.0109444014341263,-1.59816166572901
0.191959807755948,-0.256287591012047
0.162036995469938,0.647265496949254
-0.474054889365625,-0.918528269322123
0.753150695893986,-0.139702299713945
-0.474961556734695,1.27307048740808
0.659654130358284,-0.61178045083306
0.126248888431858,-0.284276062237048
-0.946176946086899,0.687740592771294
-1.54186706124878,1.02111227934109
-0.0581414008673474,0.976350095460298
-0.562665005815231,1.66403962476472
-2.6224791976085,1.76647206829863
-2.11771377381507,1.18441672227023
-0.286845596298807,0.138002548974157
-1.4162484584531,-0.290761954021602
-0.319682560040814,1.24623817053559
1.53995859743032,-0.944497282974837
-0.409042887098912,-0.991113568105688
-0.492858255880421,-0.317028566458937
-0.706375695905523,-0.901729492327795
-0.906562129786359,0.278883249179636
0.0865693283000691,-0.990695300689501
1.98492362986023,0.258117178095133
0.956074942375774,-0.810707377388063
-0.943254112094752,0.784014305149114
-0.915860225500638,0.867255029600134
1.41104327901088,0.135527664012915
0.6648654348058,0.119099650143415
-1.75989702523896,0.426413924776969
-1.15576477960976,-0.425379182315636
0.0359976152876621,1.52008913134309
2.7238114861156,-0.847874057294929
-0.661402022557008,-0.365052835717166
-1.15061314718547,0.34652701077725
-0.249190455108311,-1.35825776486487
0.354597960309648,-0.562538433594495
0.728334058992584,-0.341036708388436
-0.247798623236437,0.288697310004274
-0.747703413990939,1.21796058295806
-0.831977565144419,0.834440992066515
0.481682709078061,0.789650397005856
0.711033287890057,0.216913996839023
0.960802347587239,-0.224409502523652
-0.395244382642438,-0.978626486472149
-0.0175517864213015,-0.237152335030095
-0.721724981556594,0.535830242025713
-1.6258912317368,0.674219172955293
-0.368962982048978,0.411359675987099
-1.24428477818116,0.225882934594385
-0.669791281420659,2.32107533702362
0.417677238332947,-0.785178355587045
-0.0673254231683423,0.211597028177761
-0.344723015439059,1.26381202455432
1.25502190882201,0.0641702559666217
-1.01656501010155,0.0727206713165839
1.15062511550454,-1.59573958921797
-0.041887786161265,0.17882117565113
-0.189182233640219,-0.722779513649257
-1.47546374465749,1.24339433085295
-0.593207081987194,-0.799496995621314
0.267089270905795,1.64737109231947
0.0164595607416609,-1.50427371052134
-0.502034650857856,-0.425326263027352
-1.20109277698608,0.981197108379419
-1.94290485773514,1.00984115943892
0.472158477668914,-1.19769267100871
-0.58529428195041,-0.526731240708666
0.318446490367705,-2.1786775823107
-1.1202565078602,1.69581995752944
0.668383588569714,-0.301528509075817
-1.51076611747446,1.12056525564178
1.96922716205978,-1.44918941965951
-0.635134660383182,0.910508054122762
-2.35707313725437,1.22832206303486
0.243383001030388,-0.805882559735537
1.62072826497938,-0.427319476717725
0.340578715565512,0.57006762162775
1.23242528900286,-1.5041266388731
1.58947930622581,-0.180210789059765
0.110047789335478,-1.25227136789137
0.495461311497947,-0.234248814433725
0.463922795419313,1.2326007193315
1.41757585911298,-1.27921489971906
0.249605509276268,0.0887541906313178
-0.844814480446765,0.614399610749094
-0.0329184775724304,0.0745856195762013
-0.213443274855039,0.486149666312677
0.292188955020231,1.10820120436433
-0.224978009501442,0.387773153473386
-0.0981351022709743,-0.366998932112666
0.479188197203997,0.329069905463369
1.55095180467633,-0.527474686733113
-1.65315436050513,-0.637366971152695
-0.235596831508827,-0.81076338126805
0.774824411776468,0.504342681063636
-0.145871972577429,0.672892282877189
-0.271112740142249,-0.428194249926481
0.34253624291208,0.0366219334736196
0.439592353468434,1.51937281657742
0.0422481802424922,-1.25600791732095
1.98066607461067,-1.05864564446823
-0.300502137584336,0.0576168104870454
2.15835215952005,0.895328948944006
-1.16393371103709,1.28608230292826
-0.599220549795008,0.804582600265458
1.30384818876388,-1.51203384946283
-0.821969883350957,1.93373033168751
-0.203378304976563,-1.07109977543498
1.24837091917752,-2.39236303486443
2.53756130054088,0.509366622084056
-0.816565606971302,-0.10501293978347
0.166898070518976,-0.640520283124677
1.01338287450291,-0.754283078004001
0.679481347723012,-0.273041408364509
0.229771950653821,0.806614540312627
-1.76717978407029,3.12628321461695
1.46462040247789,-0.291258332732051
0.49334545767664,-1.26059120769572
0.647599324396271,0.63224504113936
-0.858742380595588,-0.120521363756369
0.0920511228127515,-0.209469508096069
-0.097273972553319,-0.377490746015977
-2.16023416316588,1.78595103971284
-0.202064851572716,0.912810375187846
-1.27330769234121,1.45713212999956
-0.671734386271423,0.609209218193696
-0.355441272201007,1.68710519588916
-1.56185797942678,-0.104847397008688
2.05483656535992,0.890264922470811
0.675592175209484,-0.556117118401012
-1.90347587198786,1.47051707068421
-1.34073100756725,-0.0909059069413284
1.04315026805263,-0.45772477208657
-0.686075834595278,0.232546615856529
-0.209054895140502,0.572180522965058
-0.965692613119568,0.632616406227695
-0.70290076817576,-0.136651938289191
-1.3924213382042,0.424841629874389
-0.296738902556528,0.997192846756659
-0.914530212675023,1.42093657053116
0.256591841752083,1.09635341389251
0.684764352968295,-0.429692844350975
-1.5256212858864,2.15558398971298
0.227252157408971,0.59530747146383
-1.23116016836231,0.266174051228889
-1.226224519814,1.53426173468858
1.18116546653344,-2.13141167389962
-0.203467192588563,0.00834335572145473
0.543605502357957,-0.904389631234801
0.316248019397986,0.674495882259674
0.168222656900331,0.0670258784738456
-0.783746951241627,-0.735520752973882
-1.36386000011026,-1.18824959174633
1.34535051347467,-0.35934332707284
-1.50255332398638,1.08031860899305
1.22305039743343,0.334082289990738
0.132368635343723,0.906284672593536
-0.487561583009495,-0.012617772577472
0.883947480013774,-0.18330571676261
-1.12613645400227,0.895379677334986
0.457010590725736,0.360011781078657
1.35495836470508,-0.609172899776624
-1.18795222374,-0.337337035623006
0.694360333249786,0.463840385946942
-0.62929901952055,-0.283934544920477
-0.667582828675554,0.853218969734182
-0.0298914329622598,0.971448393585078
0.0234183311695035,1.23933259948967
-1.30436156758881,0.274353712535827
0.869614555454114,-1.12073069971101
0.265411331820079,0.420945874374121
-0.258548972539004,0.747337858987272
-1.31674717188274,2.10512717149744
-1.08918704476493,-0.506279975136911
1.69883258178512,-1.87840460403333
-0.510359466866527,1.27794310110121
0.352806587677943,-0.840280734661112
0.132582434024029,-0.952746905445052
-0.2567052325949,-0.425251907149865
0.252369791813887,-0.479059646694463
-0.45075408075662,1.19740587507445
0.052219085209017,0.845800093030418
-1.28467079594079,1.13286256455204
-0.414218021624263,1.97402063174545
-0.136322046676842,0.101850429995451
-0.228028456818406,-0.0413185322148179
0.825248911346551,-0.478532540626422
-0.310389216503617,0.3513256879272
-0.0445419291578096,-0.189201568453298
-0.642973617632482,0.288908472156351
1.7186162115063,-0.569511532609926
-1.03008236003773,-0.263603181652368
0.759759135414328,0.0432555250742619
0.454892179814764,-0.691129893595533
0.757525484157745,0.969226866904865
0.145457480616288,-0.211879709973621
0.760942620789382,-0.634948772351286
-0.184759226313786,-0.0270117664179138
-0.274838041517752,-1.50410769972637
0.667499232054303,-0.933861529528476
1.22455713516052,0.4189926200995
0.0991319735732006,-0.984877031077181
-0.0394075679346674,0.914916432230493
-0.831152155981369,1.1336522083746
1.64504602198198,-1.87069462413317
2.72829242167258,-1.24953285335086
0.4945510798083,1.9462418879546
-1.34357082153335,-1.38601279926025
-1.72222517138698,0.489303318107113
0.503775045822472,-1.61424468989122
0.863039266914231,0.141753636264426
0.715803170996439,-0.842083879374235
-0.579578362724124,1.12529941146637
-0.828063800454803,0.171506899531352
-0.209879680988827,0.376253913173131
0.0343763395362583,0.445176360055629
0.818830032574422,1.24845622163464
-1.51711301316157,1.0567545115541
-1.62507236627547,1.09271315641519
-0.633876044054796,-0.294610347435941
0.630432416615544,0.866954675023817
-2.12496913630433,-1.48418068529312
-0.0891491325363829,0.536862380083636
-0.202256880348464,-0.85162859406923
-0.943791155111904,0.0506661429974636
-0.231234405390795,-2.07865460145407
0.441718085832565,-1.018086593787
-1.97700041638687,1.81141884025137
0.776796608330535,-0.0224620657032426
1.58315004048673,-1.08443164381023
-1.16472435898951,0.212812873255311
0.180377841619431,-0.083287989270207
-0.570871370585358,-0.985260628203571
0.0792181839970328,1.59250415348579
1.86443785024502,-1.4727197637227
0.18234059927327,0.893961499728678
-0.0973288810263168,0.103496800040001
-0.085650912412297,0.546813750242492
0.691412884077153,-0.398533949184339
0.327899561444982,-1.00617624699636
0.495568832402419,0.357824288416024
0.425421583973898,0.360656542888002
0.724612577637651,-0.238020972454215
0.445447659020918,-1.18061054520302
0.671008708366769,1.31542713613635
-0.00695064130549412,0.101515568065618
-1.56052966363552,0.851963947642443
-1.09505049524667,1.35080791219912
0.627457120612923,-1.19325609303469
1.04446126445644,-0.32678705638114
0.808862314230297,0.551887330446313
1.58800436374658,-2.53435651586645
-0.167750415862743,0.833978094176711
-0.910260459082102,0.330900164031714
-0.516466418135339,0.118208873564032
-0.907362686001047,0.585240303753604
-0.826149251978548,0.292366178976562
-0.828369604314774,0.015470216470669
0.831750209293276,-0.288998742292683
-0.796928936752066,1.33854838850029
0.531410490362152,-0.104253087131439
-0.270116073052183,0.0478908993327387
-2.45190178173938,1.43965211995457
-0.301673330705249,-0.00362840860756661
-0.97939110328251,1.29863889916847
-1.12444472204006,0.373193136916734
0.320793434572067,-0.42489191974718
-0.282137058500866,-0.577339662206998
0.216688679207542,0.0307009165407019
-0.292431591054735,-0.0309763676947744
0.710327880014488,-1.24624941008175
1.11716608182541,-1.96546204934279
-0.723671769143305,-0.831899189208294
-0.0576199188635646,0.407134040224238
-0.813390678927442,1.19081767941538
-0.499789863907446,0.850126044594131
-1.44087685561483,1.797182648165
0.0581132623000655,-0.0208882019009171
-1.49335402562513,-0.308933037031946
1.23252153140982,-1.82329893538294
-0.462007823450797,-0.37061970329507
0.0500136529102616,0.411972922807663
-1.39760178378888,0.321377393610406
1.27562551859347,1.20777863811399
1.44233255729396,0.551090515156718
-1.64053339176039,1.52840356733204
0.17244574275749,0.440419675495142
1.49922734214916,-0.105719860109379
0.639797480476967,0.358457867663171
0.126326370595688,-1.50410663521604
-0.584930810785977,0.782086845516483
-0.41858368331307,0.701415396832232
1.05899877579806,0.772107718048929
0.0817716048808693,0.0217651310407676
0.88213857300528,0.284755540159005
-1.19783722584256,0.463570489064236
-0.290730219924113,0.7924900919454
1.79806692527742,-1.25610762071312
1.12656745845267,0.00753529816362863
-1.28858710207161,0.606915565422061
-0.124444958949393,-0.0319484302637089
-0.436288935325481,0.882559235876563
-0.535896538053219,1.02180618447527
2.27308862957497,-0.526285944932636
0.079292699390712,-0.055983944283125
0.639061776979536,-1.19117692236336
0.922348630110486,-0.0142481842591141
-1.30494423933422,-0.358603241169158
0.668063568936702,-0.91718356803438
0.756135520764322,0.522038220166803
-0.191459662522534,-0.414771530859988
-0.166600018868093,-0.00587756373953022
-0.315826279860417,0.47230458988728
-0.899234726837593,-0.300918680770882
-0.844150184498397,0.995512449448251
-1.07916994258365,0.937691730129384
-0.353679323418567,-0.00484209900033927
-0.19057173250371,-0.579983499345638
2.303015312324,-3.65738598285778
0.976366849309577,-1.25385081972567
1.206106580683,0.176067363643875
2.34111072849298,-1.32494161498254
-0.91752188981858,-1.15641158360153
0.307369307616249,-0.304794806988263
-1.06493880282185,1.12277716457498
-0.877361233144312,0.519869430882693
1.10886356900744,-2.75393985811102
-0.959912190950721,-1.23265305011105
-1.71653284632986,0.641765073210776
-0.879947872606621,1.41401223733919
0.794481810563833,-0.330441490485763
1.16791133386961,-1.02693399470053
0.829448909602291,-0.0512435229343488
-1.41488622214601,1.99836613708212
-1.13223824590805,0.163527176798675
0.905530584175488,-0.0318209547038525
0.341652355192478,0.266667593906222
-1.30181565193319,-0.577723539440879
0.39572350248997,0.176936224629732
0.199067104592991,0.584529701458364
0.215028569096863,1.02573671116572
0.956138129991486,-1.58604002980364
0.537561695265992,-0.517634081900176
-0.28005188993739,-0.614834219908174
-0.660028961222407,0.164244408131455
0.650986309412661,-0.646416107031629
0.293134674628446,-0.902946417585966
2.32321240653937,-0.741603769636252
-0.031295800793724,0.558591653182195
-0.537761216147806,-0.415950662999953
0.721709466479436,-0.49274948552348
1.05166655119244,-0.646713421145492
-2.96533100751303,1.6517755910421
-0.00308654716371737,-2.30037735984891
-0.629579756412529,0.480592970232868
-1.57543329573172,1.5720183594529
-1.17955247159503,0.165397060436476
0.574062337122643,0.120899089317065
0.540966209170329,0.234679310634886
-1.33987512024736,0.323719741203729
-0.272958842085565,0.260411406239338
0.795212212639393,0.55628062927553
-0.34000207962923,0.420469467842385
-0.368497185502437,-0.304560448530756
-0.424041342368152,-1.11808317300655
-0.479893038583335,0.192947729358508
1.02362540557973,-0.859795152835664
-0.279407226458684,-0.0539509688410795
0.256755587734592,0.541741721664457
-0.510023699485924,0.743883311059465
-0.70711070796491,0.301186100044195
0.0600735349838172,-0.451154384804533
1.36835062418545,-0.822573796888596
-0.340006554181019,0.358753389504867
-0.132705036401039,-0.388461988527108
0.0673240113286709,0.394494063845777
-0.195978508283759,-0.339703669416664
0.213949806941057,-0.409216268631399
1.97236163354264,-1.31990793422961
0.541925482947502,-0.272942446574302
-1.32599081373819,1.60596186980686
-0.479156025049312,0.606409636886889
0.620258553869943,-0.529504366364356
0.563905614860223,-1.41719561521434
-0.915573226203908,0.932020960193018
-0.107012857295724,-0.189000520140063
-0.168607579937787,-1.35148615616838
-0.18958861609257,-0.346735924715393
-1.45724086831606,0.755932229173117
0.56991421257315,1.7660886199823
0.438839856547715,-0.0265973874354201
-0.711027930585958,-1.27469892998265
0.644780054096504,-0.244754188585456
0.533188348919877,0.38005248069509
0.214585466472328,-1.47083731176314
0.378394237630278,-0.608048928455106
-0.403765310329861,1.58250543497746
-0.627857172878255,0.445429883051054
0.00381895847226738,-0.716714318493035
-0.403883751963789,2.9029932046671
-1.97637919328499,1.98540439520998
-1.34006880263031,-0.672378517162605
-0.704260390746124,0.995022058535504
-0.253675284191216,0.0192697043598409
0.693951959320925,0.0990872194606606
1.08509911728759,-0.3036513360019
-0.359081420080234,1.2268539611788
-0.236181902897206,0.314498446125824
1.27195576678771,-0.915316654025907
-0.376802837146743,0.449055492747066
-0.472763579010877,1.71215657089447
-1.00660991597342,0.607129139586163
-0.493401175175564,-0.099748626233328
-0.359258748113299,0.208332562316738
0.0578981559013384,1.84335601700074
1.70806473946916,-0.277948753046315
0.290602269294692,0.197805858031066
-0.517493824319697,-0.98456957559289
-2.1484613833259,1.8052818736272
-2.50895433656549,1.65403161674499
0.326658475255514,-0.804385188255242
-0.646942714574031,-0.632989614624938
0.0182232096956699,1.0766646978524
0.257581710991656,-1.1185034899923
-0.710406439134753,1.74439802885272
1.20819263954667,-0.0361984015903027
-0.80000503527329,0.176239389586817
-0.142298897351058,-0.113009736904021
1.25004096526674,-0.515878305828229
0.625736906133402,-0.692646064175442
1.37609925434721,0.162564754624988
0.333965076519547,0.8541934819123
-1.07683110064192,0.0406900155808383
0.0909003991494051,0.377620686819858
-0.212246180003923,-0.17600467503325
-0.329897503577264,1.96769090250527
1.99011540992114,0.142876149803508
1.35511555438429,-1.72709286838902
0.305490353324569,1.26181155436415
1.06298292352317,-0.338047824817753
-0.00670902565284784,-0.43710710928758
0.198276099199717,-0.27366949107007
0.256249239016208,0.457668169538787
-0.506900453147359,-1.4854112605114
-0.370995644471033,1.43366926102276
-0.414290813232004,-0.0617307577186885
1.60344504099671,-0.0961075839947962
0.151876300215309,-0.0849758645809859
-0.556535886562372,1.58374177960509
1.69468915430846,-1.26183044231702
-0.311192165499601,0.646202557144856
-2.43212663134471,1.27383867721016
-0.836281595178656,-1.30354399562651
-0.629538165036579,-0.323298274531372
0.0416800216585386,-0.830717220456721
1.16273448454228,-0.436321808614519
2.35562768534248,-0.952761201555387
-0.162113701543526,-0.510033834668642
0.81064756163307,0.0121074122660357
-0.376159258271587,1.09383229854024
0.0875760919038363,-0.328127682823253
-2.04754516149586,1.24677755410814
-1.53597853310514,0.513587169059822
0.6903067365658,-0.336200709292946
0.521579475728286,0.562216124298385
0.816198285675584,0.198150323927531
-1.0756705804549,0.355577360055986
-0.356832577346183,0.28425279654868
0.565697792070246,-0.0633301251597235
-0.579761067775069,1.19840723211413
0.359555308277578,-0.643288808867148
-1.03158588603917,0.462018491905324
1.8942557778029,-0.213780226468175
0.750308573805975,-1.96780447938686
-0.462787254442856,1.6108549630681
0.426489609438646,-0.0413059960566975
0.968541022983847,-1.47645680349237
0.768421693195746,0.523953649047951
-0.378768670763629,0.958365873938695
-0.953239440520008,0.240789495783546
0.0873849931885789,0.86096390195852
1.27867412488842,0.507642568423226
-0.72080320199088,0.101732615488751
-0.795952918712802,1.10190426486404
-0.747882182069932,-0.0976901063532118
-1.83725698434436,1.88517104053765
0.795194571763981,0.284729305297483
1.4229252372057,-0.554085205743026
0.406947485586043,0.816626101036433
-0.531348687929311,-1.0331635257045
0.935140602808583,0.327540207244791
0.300925475858482,-0.139946159815739
-0.162020635866279,0.57171107081459
0.608268669054271,-1.24433567867144
-0.0360050928268973,-0.265254363663449
-1.22709695096615,1.97825555586387
1.43228383612962,-0.760106758597035
-1.05471816196502,0.775139116192194
-0.817898673636409,-0.0214154119831395
0.700358519155534,-1.01875462026845
0.306790629593756,0.345523288409863
0.744387129742045,0.269752310791301
-1.52117159136696,0.943707112305066
0.15332815009477,0.159982840362368
-0.920101913475709,0.437872928739518
1.85153257111318,-1.41449458893828
-1.32051632079583,-0.124813503382143
-0.867413794722141,1.41342755846877
1.02345050356725,-0.312320690032061
0.393908309437729,-0.832950351739406
-0.103500688651493,-1.66925562608429
1.91096884672008,-0.18860413761345
-0.519107277955326,1.23196387001661
0.395709968726971,0.0790611387991496
0.347472764154241,-0.492849087497739
-0.332625169284466,-0.117308887903377
-0.28494937522706,-0.317880537411372
-0.0718044132255234,-0.0378431117587767
0.59776432021689,0.557252420503092
-0.128859902375007,-0.747016574048705
-0.600496272853305,1.11964227767064
-0.878010770915805,0.410985481540204
-0.201502630342391,0.92515992255454
0.184934164487486,0.910929596587224
-0.515862973482291,-0.227748623915917
-0.212083836475886,1.25452658034811
-1.22600491672609,-0.43152001277567
0.157777716029802,-1.13320345069434
-0.557999755101674,-0.0109437900171744
1.8123857378487,-1.12319716414059
0.188578828526171,0.688791973271416
-0.557118963902474,0.340424077328174
-0.0388577324805219,-1.00109767848919
0.746859588615404,-0.763084919927796
-0.364328076990097,0.150305891154998
0.277364622950208,-0.376580290965476
-1.28360900489859,1.16917531185778
-0.823431217181705,0.451339281574425
-2.1556590088131,1.93496464830679
0.217496644789125,-0.0265861370840487
-0.0191468712947377,0.755615869753315
-0.64059896972248,0.73768024276333
-2.59786493909193,0.877125246257338
0.374025550633646,0.227678290175797
0.94398140439747,-0.950994108827968
0.0278401616877648,0.457582668359152
-1.87179926453022,1.23703203959426
-0.562788822444673,1.7052464846164
-0.00421055372792651,-0.0376534201443033
0.199577446774103,1.1292298298045
0.460578061233485,0.0905998427035094
-1.15511512610702,0.443562765929912
0.378042425602345,1.19020744135223
-0.114010721659562,0.831139352871165
1.37217248859538,-0.667181357336212
1.41364115039431,-1.04667771206949
2.14721326249933,-0.962558477551218
-1.01223793440079,0.168122706495989
-0.905163521914454,0.214013183405061
-0.974231157695837,1.10878458589683
0.165963904545655,1.39919957226228
0.106419075759007,0.441077899041748
0.42248527312504,0.140808728447054
1.2650352193796,-0.403178917589392
1.20688931125751,0.916889188147735
0.695818454396424,0.952586547585217
0.0875283657276385,0.419935832363784
-0.662477050123501,0.489027613772423
2.16120687650174,-1.58834021287537
0.803998878651451,-0.552192021542955
-0.708908976870392,0.565049771597589
0.418503056905068,0.10001522676281
-0.147483403343242,-1.07633293081196
-0.455285409527035,-0.984867726449206
-0.345791544114552,0.831143148471988
-1.15881768691412,1.16919164718223
-0.544525777700345,-0.164467784096636
-0.0322849769854647,-0.131445627492422
-0.670335745250017,1.14088172760497
2.32157781951474,-0.326169115681296
0.00608371370466443,1.1293313523939
-0.113645859601855,1.04220690451266
-1.24902267869013,0.570919939771174
-0.654574109913486,-0.62718240630903
-0.253963741161775,-0.750828476601118
1.80697644150674,0.539034151267991
-0.391024684347339,-0.53635156193235
-2.30425261719858,2.89957466894478
0.0984351544649853,0.910367213037252
0.626859183081044,0.759396990734995
1.14240089894602,-0.432314179094495
0.114508998636768,-0.177743564094644
-0.282305634157264,0.144941090957273
0.253915793506324,-1.70461221424876
-0.453237295911444,0.058464258160258
-0.843150469997882,0.596097931225999
0.646529195707886,-0.266541350669297
-0.626890460455168,-1.32501514469345
-0.806022981825633,-0.0797924978789044
-1.15045107184036,0.037258695021721
-0.456749838155392,1.23639113008037
1.38409698868007,-1.29703137567912
-1.72344406881228,1.70933304119562
-0.500174700391063,1.44777263233368
0.510897151140228,0.370418141400677
-1.13742445858369,1.79046633568701
0.370982999802707,-1.54556767502909
0.129658062242747,-0.471649540868584
0.217839809830351,-0.376731778581483
-0.742044292207712,-0.18982796854415
-0.368227990420046,0.682178292164705
0.0305136219620288,1.40251030927465
0.120731599342561,0.445083017747004
1.75032237879608,-1.07419856568121
2.04016464873641,-1.42491417374747
-0.779638137163754,1.34623115257599
0.464882081100977,-0.872794604810104
0.214652058256593,1.79610920452885
-0.516418164404856,-0.31282082732282
0.857266280782839,0.27264347560731
-0.588577064678377,-1.07236503169251
-1.15973619429465,1.5756455073565
0.855147636516074,-0.939424391321778
0.598410184039643,-0.297480110841558
-0.257961133469302,-1.57636215624373
-0.608716166866453,-1.03918584084177
-0.486090584519729,1.60248730915913
1.01504425685578,-0.526642974969625
-0.791127821627447,1.64254615234804
0.755079558094411,-1.03000297544711
0.427241292840324,0.314675724017015
-0.835494910213341,-0.662003331692007
0.152986181997935,1.3027558654867
-0.151235535779968,-1.21904792514924
-0.240388822798427,1.84071074670258
-0.0396282783626409,1.44967649634402
0.0450992840470216,-0.88661771597342
-2.45173417956658,0.121060428590767
1.2910925864329,-1.28985654501147
0.622415585142047,0.353906872858301
-0.977620013032907,1.38335098650468
