1.22045838896732,-1.40421370518593,0.579791004254504,0.329322907475347,-0.886411464290057,-1.10592830888084
1.69696674037249,-1.91479005832822,1.89266737284183,2.04818613554842,-2.30010332202441,-0.744566959672356
-0.0492539028192789,0.181366960094376,-0.00284151780316622,0.72084471071115,-0.384655208018214,0.00680854637735306
-0.574351665617084,0.244765496768654,0.971368964456884,-0.0406119881050004,-0.545398687002442,0.981068296913461
-0.306561718541405,-0.0321679670109487,1.23560087427517,0.0224324550654795,-1.26638937813155,0.352419630653888
1.05874579135482,-0.22451551673086,1.83394704314246,1.66666416646344,-1.99443871795492,-0.352993001929089
0.0795817871219745,0.028202125432027,1.36374374211812,0.756784637657663,-1.09778884400882,-0.0450876614091543
0.0564226183328531,-1.91534863119046,1.75468587464692,0.984900221423841,-1.06357730114572,-0.345502997912713
0.274043784052019,-0.696422447329282,-0.0556231010477973,-0.0282456311527841,0.214862333597082,1.73197142438391
-1.59113299195595,2.31352987429841,-2.21641710872116,-1.70039476753638,1.09612568231708,3.17978891918062
-2.420694443528,0.94777361707989,-0.380838432713107,-0.961870016768458,1.7940260813367,1.1600255758815
0.555430548696482,-1.43681328314034,1.79533488745836,-1.10677245289497,-0.0785675269032955,0.986157496642234
-0.0991932601327673,-0.871096736980938,-0.167430917305676,0.720577721843219,-1.02703840105386,0.29705966380654
0.2018616208364,0.10399142823918,0.0341150566443824,-1.61803939003494,-0.553114143081698,0.831632637128217
-0.944010640821944,0.53706603117052,-0.756644483684506,-1.19987128329157,-0.184122912352636,-1.13217622913465
1.25750600741889,-0.0256380558215996,-0.227873713270846,-0.885546968176134,0.268210957450151,0.331896865618085
1.30212060098474,-1.59908347768979,1.99768683981346,-0.160858254939185,-0.529619469947367,-0.508294179138516
0.391815484123312,-1.11607882999326,1.42808147711322,0.647436380303088,-1.27235573111669,-1.01758739834374
-1.09571574867256,1.74335190161181,-0.45431927833581,0.870220156451208,-0.119923754633654,-0.229837974665142
1.70266369645821,0.284624172694955,0.140126721343812,0.562577631329089,1.34006354888607,0.411289902652078
-1.86778115171366,2.55787787838573,-0.207157826313087,-1.57019647919462,2.29392302834874,2.25820044537196
0.369374601347919,0.12076966281247,1.37378436678761,0.657382152279702,-1.48235991886026,-0.00117642737559903
0.0786252176032038,0.134365107839409,1.83979877477897,0.613804923276208,-0.585118190322654,0.345918261528416
-0.821706405081021,-1.31350690436114,1.05132377163705,-0.816635077597935,-0.035840466898751,-0.173656851447545
1.42178854898726,-0.714618392722406,1.38684192774394,1.34920396979573,-0.303066475834552,-0.25710072506666
0.577128197222612,-1.49613758211569,2.05701420932354,1.07012854088711,-1.29824929600045,-0.754658842036483
0.579250814832918,-1.85871827275762,-0.000597424294824567,1.36999970953618,-0.274981717808367,0.616345386987761
0.00873562333921218,-0.40480718294615,1.87219565289686,1.22046409990451,-0.971809678262419,0.797270513775391
0.213227910723851,-1.49507576953057,2.64414013670511,2.33255086535085,-0.863814522707008,-0.166351878569039
-0.544284151800068,1.57163270225713,-1.28365115362182,-2.0384363013026,1.04202523459148,2.43419209496945
0.240817188537861,1.22856331025659,-1.78016676520477,-1.42887764540472,0.729457333027769,1.90398760146455
-1.001114798149,1.21066025917312,-1.21729531960565,-1.17484780996935,1.60869648359271,1.02562504619672
0.246100091287454,1.30068900432101,-0.565898582898847,-1.49743704760412,0.724446630464766,1.72728096932819
0.0747588993064356,-0.320411030183854,0.345645945467445,-1.2500296624938,-0.0786814137994971,0.0196701628972138
-0.729345440626314,-0.675495272475092,1.00879576592916,-0.869125337013103,-0.624823114685604,0.239817944629663
1.70853784957091,0.372661414514849,1.38500559296653,1.99612837972248,-1.36934268776365,-1.0974830446687
-0.356776445074253,-0.424774690461913,0.453425483349996,-0.625688980344479,0.233577549595591,0.86516105992639
-0.130614196788944,1.13189406792599,-1.12508673601755,-0.429354393397263,1.74880885329509,2.0734993245797
0.109084350624936,-0.549481350687044,1.55574483656171,1.26787467664909,-0.409745442583132,0.214249961364438
0.187584924435897,-0.496540077716143,0.0876375047676731,-0.0902537443317606,1.40761703632138,0.473670094219078
0.619763047478949,1.78762676029956,-1.01042517456892,-0.784806627538706,2.15922434850428,2.53605933430765
0.94975905227286,-0.446619910680266,0.459046891252756,-0.323934219209616,-0.244131969868847,1.34364661166793
-0.968776904220508,-1.05870658122315,0.635079676869415,0.641997680133486,0.25863679375382,-0.144026494924848
-0.819712271576641,1.39715524810906,-0.678367623384127,-2.31058102893928,0.565394160646401,1.22936069240873
0.131923480722097,0.634355309595213,-0.0573597707896387,-1.18727421538775,1.3495165902501,0.299951018451871
-0.00247659950809354,-1.20609505393853,1.65964338795889,0.598002143745863,-1.15650554150193,-1.13392471585548
-0.157789646733636,-0.793935190349135,0.387324501441795,0.392960658305669,-0.00673384270985644,-0.691777824937186
0.276270317091635,-0.25833222554339,1.40127290566737,1.42769374746369,-1.06139658033417,0.404212329870035
1.09213542930384,0.214707892108669,1.17283362075152,0.615348552295298,0.850664850377228,0.298839260344036
-0.138365665416022,0.641634304044666,0.304107089168704,0.713913946869322,-0.173473814299209,1.47778528684629
-1.92698938398172,0.827235549022454,-1.72453229825794,-1.55442242085181,1.83167338115275,1.23149801463512
-2.2580823573198,2.00953791577476,-1.42992249847361,-0.856202227165416,0.988544054149742,1.12864009516103
0.912008558891871,0.301450578419609,0.141404006768095,0.839205272992885,-0.712972538292033,0.185145135544292
-0.8386343804825,0.452913474686909,0.436741556213484,-0.445092149605158,1.14001246390809,0.0809899572628379
-1.10121314665161,1.66110554722571,-0.864757667579516,0.0548742625044381,0.49976478125616,0.516464675476412
-0.121532032515816,-0.148689309937715,-0.139904746083784,2.20628974677096,-0.192951249179782,1.45999971024637
-0.324524171857913,-2.15245327944623,1.3311481014524,0.302157813391219,1.2632305978989,0.768651891036311
1.30579133086967,-1.8705979683209,1.51528197829605,1.53149838473338,-0.391518649564425,-0.666416545689227
0.92064063817961,0.147449552364284,0.962353215782588,0.422392859897598,-1.07569211938205,0.233160090885604
0.0569048224592238,-1.54177065251754,0.993468956445664,0.819122129535718,-0.499566753238034,-0.991173584706592
-0.994880691275893,1.73817312773519,-1.60945779714973,-1.09891012492728,0.661025219447473,0.762045513017248
-0.32385444060427,1.42911179672558,-0.104065270245736,-1.13172251590004,0.0594855397172765,1.90736084626223
0.24954193634076,0.522891518214711,1.14491094648948,-1.80393543847674,0.0768046631566085,0.829872409907647
1.15229610921978,0.875685700700229,-0.327757859663161,-0.306762836896005,-0.181481962042546,-0.309524056893619
2.14391896546284,-2.44519789113321,2.34181186688597,1.76951365085828,-1.72663872174764,-1.07352167682334
1.89519353201515,-0.217316519275176,1.08486156945618,1.40198109160768,-1.86639762698444,-1.69870436808557
-0.725335306810624,0.0855527575920261,1.17302857182745,-0.661255623813729,0.505533575187896,0.667181161059186
-0.0024793318632915,-0.378534703639871,-0.0778248045579557,-0.717519951580125,0.658588577751268,0.643612649534828
-0.711871163110434,0.419238988681698,-0.350491717243715,0.155503856186858,0.918563054749703,1.18901362347771
-1.8061979802311,-0.182475175701598,-0.674246292642669,0.093624287889015,0.841896632965153,1.63779924236874
1.50705604634357,-1.55809717297998,1.74041743458403,1.09222295604284,-2.08126635580593,-1.40599720924216
0.496756241389354,-0.403128149682565,0.364243869101002,0.212446700813409,-1.06616004117113,0.148234500476701
-0.0454901584713255,-1.20904736624973,-0.18147038400685,1.61695435677588,0.519553058716231,0.694089520056206
-0.971902097012034,0.964305009969236,-2.28641395074453,-1.81589265134347,-0.157347593612373,2.22162945884138
0.61781997711691,0.0588550925448727,0.782576043798989,0.578519872236778,-0.00589232506760734,-0.0876087157319367
-0.891533181760722,0.281140697684582,-0.583384321857093,0.179815382064786,0.431230724595286,0.845386662895918
1.68752458702301,-1.71938244057601,1.50735310312039,0.846893423641442,-1.60062087056044,-1.72907438661878
0.666417938794831,1.12652529734291,-0.0374736773632199,0.664502699352164,-0.757801199858099,0.849322068232587
3.13683739668491,-2.7592354451236,4.19142323525961,2.19675954855656,-3.39235252978031,-2.42095985147214
1.79014156637937,-0.328882020473382,0.988700209349376,1.98175324840416,-2.22385713369858,-2.06613899732866
0.976881386755996,0.143945201469042,1.18649470119569,-0.582393260914846,-1.02043636973949,-0.394662230642318
-1.28118737481363,0.312905160413844,-1.1930125435836,-1.46313981364409,1.18557679201342,0.954143763500692
0.510431651030012,-0.973408713638678,1.05118032459896,0.492705837740788,-1.00787601656133,0.138075889108301
-0.846423542437618,0.273427708395371,0.396586380283954,-1.96281317733063,-0.0287408488137461,0.603744582967752
2.37045689797088,1.25284746822916,0.36934185057262,-1.06044165871232,0.576588204609826,0.481093623874365
-0.446473816768181,0.317976191240157,0.661199256622403,-0.38952689689881,0.969127118717737,0.526571202005054
-1.35044428856863,1.12099840492248,-0.906283215373502,-0.891091334866974,0.68812150255103,1.32673354140857
-0.615203723256361,0.326167145322625,0.26998142557222,0.495419229681237,1.02022641916265,0.284750221646725
0.625431599961427,-0.260656632220096,1.95931602053709,1.21840357277857,-0.072582580921348,-0.019607176472771
0.490162199358646,-0.569158145896332,0.615108996752178,1.53100556745413,-1.41555509398378,0.059864755979424
0.145377660782447,0.441019817891616,-0.225887939705492,0.168904992717497,0.221133900285881,0.656549735571522
0.880325892528366,0.422055113555448,1.56444260232492,0.230984102103627,-0.208774757782469,-0.376388690640461
0.448375199941745,-1.17102689724202,2.24132365955912,0.334887467952111,-1.149528950631,-0.639449434490339
-0.286406116712021,-0.297503171863826,0.591655732754543,0.513747321484433,0.777361261180505,0.0643271308815124
-0.900173929655992,0.319246990172997,-0.680044580486828,-0.296308199696863,0.162281823108624,1.34828183207022
0.298750405426092,-0.584813619417199,0.0428692603195551,1.5900043814201,1.15603279555981,-0.668263734520973
0.794542762148215,-1.35990629894234,0.204477472262582,0.259337669130112,-0.720758329642933,0.635616581278243
-1.15076121322983,1.46142537169052,-0.0561258193458956,-3.4899106273518,-0.260308613473257,0.280073345318867
-0.430303753197842,0.121588385792638,-1.57944252956018,-1.17011007882681,0.0313248897600884,1.57904295828041
0.329720613937026,-0.0883218892668038,-0.765052229321038,-0.22079260562509,-0.235839378973614,0.166655866484761
1.58160785481556,-0.44309362051986,1.22356323937825,1.7547903709431,-1.28284947121908,0.456709412938766
1.17276175114125,-0.565726621611122,1.67034360469005,0.628788266093558,-0.651823077079493,-0.516386456498939
-0.871642679778004,1.62312976026445,-0.323302188498365,-2.00553066877624,0.694130455842969,1.91702810039011
2.49371315392132,-3.09256264193312,2.00320507077362,1.85333451767583,-1.56987850731902,-1.8466603471256
-0.857320528389281,0.296221446608599,-1.1152833172219,-0.634397453438628,-0.00674789094620115,0.943771553775094
0.000336674507759704,-0.324639417848728,-1.18316599465978,-1.16808965823679,1.29380495225714,1.34756022814902
0.547731484601293,-1.16028040109685,1.15045527923089,0.563838401094837,-1.36842145475856,-1.39048087034267
-1.0880577375128,0.455253943221195,0.0178135810675072,0.5728577653159,0.482382797802555,2.38512171207356
1.62048854301337,-0.708917211368516,1.94983778283724,0.513152532918867,-2.0508617740768,0.154662315991116
-0.287490039073433,1.20456239428847,-0.795704481958294,0.776933623688882,0.8739837063641,0.4832963595337
-0.759553841907174,0.934080874324322,0.526901278404951,-1.25262589535573,0.723616923099186,1.20274923663913
0.182778262312806,0.407860966413155,0.394099993178376,-1.0232696490075,0.44419585015969,0.040151469804877
1.28884314539804,0.510760643969616,0.682544188770058,0.999548030633824,-0.70236377276334,-0.350538742085453
0.571642980998682,-0.828084246592792,1.94896622401769,-1.2653866589587,-0.67416929721577,1.15685713917784
-0.811565677726115,0.44835591270243,-0.479062859126005,-0.25939183654174,0.174614115182489,0.764945940685426
-0.514088824269428,0.311818920083725,0.0283824095937327,0.647940963004585,-0.184220810429815,0.308760267421024
0.00771853051946592,0.223241521018711,1.16149310454003,0.613376454293561,-1.22364935960909,0.789743672235302
0.326125477265816,-0.251121948943385,2.10267749546919,1.07607080661838,-1.34944241163142,-0.9414258323568
-1.81206323627615,1.50657318348092,-0.705767004286239,-0.976400639143721,1.1727632016319,1.5303509815464
1.03606331863561,-2.1361046666028,1.37323943168517,2.29395744192244,-1.74152089651271,-0.804733428812371
0.560973291135228,0.882815766716218,0.470540990020504,0.318162343977372,0.26462445428529,0.692321535367557
0.108013024949816,0.468528612983576,0.202657477418126,-0.660263293316157,0.0810483080503323,0.158305021853326
-0.22367792723973,0.0319799442607119,0.469514697656556,-0.439287109580473,0.384368812052686,0.637635691814254
-0.109478462583961,-0.0304447361684111,1.7097490750085,0.463357736654591,-0.639332112533945,-0.28751408125323
-0.806453813101907,0.727739818716413,1.48012690218865,-0.0687503169128696,1.18601459473089,1.80410647018256
0.212772442149455,-0.536925487957469,0.995697502760414,-0.852447734526077,0.596568825483085,2.49219734038483
1.842395781035,-1.75906445836449,2.01868090871569,0.649529851138253,0.0280101329367475,-0.871304327373933
-3.59875066437451,0.866016168922724,-1.53318267097531,-1.04570200758879,1.83000250924793,0.438942870051122
-1.07320567256786,0.355288767310376,0.981389567175372,0.913017099000719,-0.0943179800064836,0.173500346962972
0.0358407482303641,-0.49472881581698,0.709373980837849,-1.40280048336619,0.641635876867634,-0.305948536932835
1.76935588715318,-1.24771539533944,1.69294725800159,1.86874241468341,-0.499628118134077,-1.24028033344474
-0.808621072829378,0.793632332848058,-1.43490786872149,-0.147520273419929,0.16581645703741,1.14758512105333
0.6037758878291,-0.852037363701404,0.18778284989293,0.741181450799358,-1.07492302869547,0.49641565274781
-0.373372406518767,0.838845761211967,-0.533954473282208,-0.24611499374844,-0.453493260657037,0.309941620927764
-1.61526359237491,-0.58786347404371,0.0383001100970994,0.966072258357316,0.451778167825385,1.6799572033777
-0.0165017293504927,-0.444663201799356,1.47227280870707,0.0488367222980999,-0.0233131723551199,0.448006003191593
1.26509333078732,-1.49764599397543,0.133192609053745,1.67023301188956,-1.33284804264646,-0.433176105165021
-0.296438958742888,0.115093035786819,1.53893308537534,1.38413233617537,0.218474397689508,-0.558374808502437
-1.02933371746385,0.565371473801419,-0.354652291893801,0.377661228176999,0.862450773072264,1.99259599517147
-0.853764792037416,0.702305656447482,-0.838229874818157,-0.65301671563778,3.00082879802095,2.48315646919752
-1.14085195651947,-0.326173158183654,-1.85829467459318,-0.503821571126822,0.917695929364934,1.00888472190033
-1.24829587347466,0.269437960946578,-0.403191266720916,-0.0758336155239394,1.20474885946996,1.29311980851245
-0.52146837882873,1.04598492526527,-0.207053740127932,-0.77143082317389,0.234347537340843,0.322851485855647
0.65946468161998,-0.69803516388771,-0.169404669074038,-1.27015455357409,0.141597643744148,1.34184499284069
-0.612353329547954,1.02381039834101,-1.70403198880061,-1.63144331374782,1.46675778860276,0.628567640211135
0.253688204570798,0.809901443227482,-0.197865820674995,0.973985475050901,0.327189578738241,0.659274198684905
0.784027090406763,-1.48123962790594,0.566271468071867,1.62603605256654,-1.94010770086754,0.0154144958705433
-1.50671745900148,2.30831518133828,-0.654514460838878,-1.13786030228204,0.306681885346961,2.0699855209761
-2.34792541024204,2.04507655882291,-3.35034728269102,-0.898143238314174,3.95538170069401,3.00259399523142
1.36039762441584,0.199035374238166,0.0533485192951219,-0.614806090074002,-0.144096544007963,-0.18817685722311
0.312115341963104,0.157344023436382,-0.260341924490083,-1.36684553153557,-0.0982172745501387,1.67924231251036
1.82709147652107,-3.50416862592709,3.1768052018726,0.813015673280399,-3.5375904214462,-1.77209127658678
2.06167015020817,0.159960920921959,1.47359603555553,0.097055895117401,-1.44759309223909,-0.625104810624248
-0.793262944545752,-0.661797213824442,1.01027069706309,-0.950381306503628,1.75163599289513,1.51375952547062
1.21403624828317,-0.291354666197538,1.36218698016604,0.415508307962973,0.313109438334158,0.0553668979032074
0.677679666889045,-0.698569667366083,2.21240922283974,1.0939821771334,-2.19729434616284,0.671466934886772
1.16719029465794,-0.941269108754606,0.492016247755928,-0.0310130154911741,-0.452472071870717,-0.204541682326675
-0.644239772781703,0.494222809249076,-0.0662337230432742,0.87835394459858,0.0238458917605612,1.1261215381356
-2.67370648590091,2.1086524097406,-2.30752386100908,-1.2804110098002,1.99163569614087,2.63827151975519
1.90577020969334,-2.29996855147675,0.872258831670445,2.10156989983735,-0.601433407382148,-0.503761527347538
2.68997697628827,-1.3719587042396,2.45847617732583,0.122153634418823,-0.343228431414967,-0.961762928886938
-0.0704591504062109,0.0724215379082205,0.558248669181036,-0.238658832363733,-0.516388997857259,-0.71104403390127
-1.40848994984539,-0.414405564333866,0.998490754293049,0.673125296849924,-0.191628528522727,-0.511183172094789
-0.944566693423514,0.353374805581023,-0.198813044944804,-0.87675429565963,-0.607577348771608,1.6303133464516
0.0650068588739554,-0.935030013558891,0.54749228394901,0.939222631448228,0.992231371399432,1.00943157848966
0.392188643906307,-0.517698504366577,0.590628325432231,0.346040220708358,-0.740670924278251,-0.217464219403657
-0.871602270271851,1.0518597054354,0.021797813013951,0.174225855109478,1.19617378363018,1.54561314431436
0.239286347453625,-2.32000902659576,0.900190852236277,0.969620659676955,-0.868631216277854,-0.668194627390396
1.21093916125156,-1.41581962694511,0.954329239514613,2.48376240480541,-1.17694304005131,0.927122163243195
1.05479419891009,-1.09802935033729,0.102505925829656,-0.00961521368255502,-0.634917326788438,0.214168741514036
0.269045558644324,-0.0829579289638214,-0.187308875078814,0.73091521961661,1.36760232205247,0.441336572859785
-1.1263678910462,-0.224992859829999,-1.0191900525698,-0.99562733468028,-0.325506419591003,-0.294554406524726
0.471102822891205,-0.238276709907742,0.0619045574239752,0.918330580465771,0.977755653024344,0.657272637371112
1.52311886812664,-0.278838705946557,1.11744306125698,-0.975166879301579,1.40267096252255,1.11039703681795
-1.46194546072576,0.078231413735029,-0.126949123118391,0.559758385105016,0.168555164891341,1.14311768214534
-0.504695947227009,0.235632102621739,0.277914049852194,1.55647777940723,0.610243626526049,-0.306714743168209
1.4323223650949,-0.575799411300276,1.09087849182218,-0.183091185545708,0.202329309471225,-0.23376126198196
-1.84444803901598,0.419756016951944,-0.511527780623106,0.224137466044235,0.678293253212076,1.61284774030182
-1.57486591788527,2.56048855862377,-1.34203161090683,-2.03894621082645,1.32931690968363,2.61217748016353
2.77624776276968,-1.6631401754888,1.10755216996344,-0.00534821197931035,-1.84076348751466,0.422855419211522
2.04773679524267,-0.780556349666948,1.79986338008385,0.283980027259247,-0.0834360649525522,-0.137694346323257
1.00701711705841,-1.61048757266862,0.653582183622289,0.656975746892598,-0.81297045360457,-0.215650660341077
-1.25869016606552,0.325307037963376,0.0224961893604173,-0.205227080654901,-0.129031113778949,0.938305562640034
0.722679460768002,0.380994735437539,0.570562406574449,-0.272558352670773,0.168681345126198,1.32118345356212
1.35132816585451,-1.21013748057011,1.15842859110796,1.81503639487576,-1.89802672201813,-1.41189244344058
-0.593325642155794,0.865111965260352,-1.36339728662369,0.720480929984555,2.03200262839413,1.21861077506167
0.608175777460098,-0.995546794221278,0.586857993771567,0.139121812232894,-0.643626668862718,0.13176039154893
0.775139200673181,-0.392756106052712,1.07573922919005,0.141068320987362,-0.444935473504042,-0.566946117745313
-0.925437840512229,1.08877774609862,-0.935247688373243,-1.56666382609034,0.278668637307209,1.33474584490088
0.561286236288624,0.514540773804822,0.308053078803551,-0.342031578200777,-0.891147807415942,-0.971744411070008
1.65974280589702,-0.380163744844738,1.28507265000566,0.00814438663039629,-1.53708438549351,-0.284722841911211
-0.912080156524885,-0.0664033629478335,-0.817062471191047,-0.345569718159574,-0.903710201598849,0.77605641426104
0.599673659284607,-1.6212544261061,1.53286357024036,0.0703784903823695,-1.29850193768037,-0.26158122712629
0.522395408261451,0.580933386935555,0.693194845217096,-0.267767032749259,-0.490755897916052,1.07503335899483
0.663268341151638,0.24100608607892,-0.0067747348915225,0.159933113672517,-0.691650144108869,0.701075912004421
1.38161076792047,-0.140480556269477,0.903587719292638,0.870908349351672,-0.0745089077507853,0.250987909501655
0.565078210745119,0.0559172466966935,0.828569479440379,1.02154866819222,0.832096208363465,0.685977765587933
-3.3203484341889,2.66325441803468,-1.22886867474715,-1.16018285721764,2.35625941503408,2.09569258610118
1.04871495959088,0.470297921315072,-0.198190047135125,-1.39144654325891,0.779334199367989,1.12330361950023
0.397079821006408,-0.157767718986989,2.44706176039389,1.33589215631112,-1.46500689062825,-0.468205517628028
-0.665785038035069,-1.33313602106426,-0.433096484614812,1.70439978675443,-0.019656981481422,0.284965691929683
2.10554620889322,-3.13953426083927,1.06253707404805,1.31134130755297,-2.26712949322428,-0.893319059100611
-0.821745257874551,1.10023284237069,-0.480519533129276,0.70385655925072,1.18315452126244,1.75616157751192
-1.58748747277096,0.81262226538658,-0.578219572568569,-1.19218595650614,2.32209660768426,1.49987211268012
0.262485299892723,-0.684356644921606,-0.157819985686893,0.771156946967057,0.581506174684706,1.46466117643967
-1.47296198604139,0.865963261042607,-0.0757994944892086,-1.54993431901479,1.02131916487138,1.61124575904649
-1.66612939252469,-1.41663432877752,0.801254192647099,1.03487127378802,-5.00827388141833e-06,0.574885627519059
1.68981451698745,-3.59710835866617,2.68724189625352,1.05820054403918,-0.997021138915656,-1.27469601739299
0.460052207088467,-0.159651836207901,-0.0924817184597989,-0.46450624540027,0.158261195900108,0.304405044653903
2.36256689370794,-0.93224026027465,2.05499326661212,1.51350390847596,-2.28527810086085,-1.24650504920631
0.956438854975183,-0.464947072393858,0.355586695486598,-0.813745884370491,1.22071613107755,0.543471161774726
-0.72680813159668,2.26988356841244,-0.863385879793693,1.25478030918726,0.184438586580878,1.87198911659095
0.103633591657756,-1.51038599505269,-0.325340412346344,0.954929820121695,-1.56803564026235,0.132817824520915
-1.68515054252554,3.24452200752838,-2.60292099999645,-1.935631904389,1.70918660271777,3.01067158469635
0.685544877318385,-0.321193084960421,0.387686236560359,0.191189216825061,-0.406975467493956,-0.0908389130252034
0.826073570031924,0.84560657180676,-0.350620898752895,0.263579187727068,-0.254389105499925,-0.0265640184370219
-1.70793778143002,0.656440233058404,-0.446720076940458,-1.62548619279345,-0.221880816974241,1.89852093714895
0.928523389982489,0.533503001045694,0.321778489340558,1.33133000628538,-0.1838723890991,0.5088999567329
-0.525822065076809,0.658175014861846,0.657644787258402,0.949335613730447,-0.475127992475413,1.1385114343399
-0.82083846983377,2.24977390276677,-1.96998708152214,-1.14518812474076,2.1218380544709,3.62902893663271
-0.389954227182797,-0.839906471903579,0.132234439282732,-0.189917101068184,-0.022358995642559,0.00110875668255017
0.891387338212811,-0.0456604244373184,1.14027470611133,1.86651236950125,-1.52218590805901,0.702038498776335
1.23555876096062,-1.27613831153322,1.64037124379356,0.942189148027169,-2.47179360949479,-1.58032704547172
-0.262425981045829,-0.903616545593737,1.53231665192912,0.75134184990523,-1.40688642037938,-1.3463085829484
0.075355290832428,0.204729809115657,-1.60366909001934,-0.132624262459804,1.62447174367069,1.33542044010175
-0.125070867898261,0.384428173294813,0.388549658513323,1.78044439756807,-0.97763999328163,-0.372804791022473
-0.190041330023495,-0.60351450053165,0.19391619618364,0.57150850439142,0.11425188526149,1.38378806506339
0.957169995288808,-0.130713085211567,0.199915168678676,-0.334125348451249,1.32872803575433,0.90843809190153
-0.438089822500837,0.354182821282394,-0.196437534421923,0.471000766243529,0.222809874715234,-0.152519212399345
-0.0757525192832831,0.810423505944031,0.368689052529657,0.094653775692709,-1.11805252089631,-0.505909652945853
-0.25356952178455,0.948614498677149,0.275214282892237,-0.711713225733035,1.47286534316338,1.90995867543056
0.39663289636771,0.564810136400872,-0.270951934880533,0.0277270162427178,-0.175684092634068,1.92764610935303
0.379388871663388,1.06847843233187,-0.746592608011725,-1.32465202642089,1.60563249409556,1.07995256143278
1.45242884338329,-1.06481120388359,1.99067241658819,1.46459204141276,-1.30865016195124,-1.7863587775282
-1.40910248427678,1.97630755257057,-0.835129478989425,-1.01080705277794,1.51127200523328,1.799836192494
0.970306692366663,-2.55911151662221,2.11665476037813,2.12853214308779,-0.841639916875806,-0.275712742015956
-1.14107383958324,1.46877326669439,-2.35947361825512,-1.46813580067098,2.73075506130897,1.72070768241335
0.527801257685328,-0.00330695435643991,1.4977037216314,0.996045524252637,-0.297169927607419,-0.310049511960658
-0.229144210565929,0.178513620655134,-0.575405831900012,-1.27325991926449,1.25222000626797,1.73954750728645
0.819990290973805,-1.41652345229705,-0.256533764258357,-0.541113988340443,0.754610986502212,0.949295361795475
1.36262548669224,-2.16267791987172,1.07508744430031,1.56414038546358,-0.10949632070437,-1.30621161654105
0.345438520841749,0.901545828474237,0.308499881675854,-0.228317770470487,1.9536056673927,2.0969388460681
-1.69778850325487,0.958524398973634,-0.684324611451652,-1.42681158653502,3.37895843334359,2.31121524259375
1.07805934163845,1.00481583647637,1.59084670765757,0.91498971552288,-1.21926740457607,-1.1547584485321
1.07904623042425,1.99275646026013,0.426809209405821,2.0772339996826,0.363060340907324,0.135354199893446
0.32561625841396,-0.607564366894237,0.277027270427734,2.50761459865992,-1.02559887383672,-0.620860775854682
0.907065063318764,-2.89883330433185,1.1031189080869,1.68092771344924,-1.18135064553445,-0.042254287717286
0.385318873992987,-0.873884860123172,0.306198388950758,0.556187391079414,-0.330794100177289,1.97603468522449
0.505998040478172,-0.894949438494883,1.17152894379998,0.107968828039594,-0.436612840904696,-0.552874652270158
-0.987601350060473,1.17810017317657,-0.285192191977878,-0.972429941931285,1.22208592938235,0.628344490998621
0.627920003453137,-0.0332895332268607,0.841228794948949,0.344146180756839,-1.24250256807749,0.465813908048505
1.00380820842123,0.778853948823495,-0.600014386401167,0.0931720978754828,0.165264459658654,0.538902219428388
0.538665164924129,-1.4970299814793,1.04098694140211,-0.249041838126928,-1.09440842851858,-0.781252035061424
-0.511528782662999,0.311511224404179,-0.895787725203667,-1.76895154384854,0.793295484386072,2.66720358058946
-0.690307524226946,1.12926196995848,-0.697114310445507,-1.36465914825596,0.63193592645241,1.0328838449488
-0.607961398002817,1.75900497228801,-0.527077926262752,-2.34082577475663,0.558872956081966,0.767479769873921
-0.551129160070848,1.30491769889869,-1.12993560359231,-1.39983706511034,0.648115241454418,0.267601729285215
0.967369334999706,-0.081229130223015,1.49634509795511,1.10155041617672,-0.154558797193719,-0.892381038841336
-0.874843579542034,0.402796418676671,1.05472047772765,-0.0892308294249208,-1.07127677556512,1.41456022517903
0.654062317483064,-0.0149453569668771,0.524897976791513,0.522367670763018,0.9418407255884,0.514715771461359
-2.04042068901301,1.11565374872923,-0.136669762663862,0.305955171178188,0.405984914707425,2.40135108902743
-2.28623856679049,1.3816685606377,-0.514461724104841,-0.715752434855737,1.16248115183462,2.05250101619767
0.0160703180334285,0.315364808780242,-1.08067336409842,-0.849099253155754,-0.019981360342446,-0.239270480535137
-0.537390375057625,0.355919597725225,-0.525362401366064,1.02872094730535,0.065030970914507,1.89679056514996
-0.708854862542037,-0.584022416828731,-1.07624720603229,0.669385261022119,0.983222375553803,-0.0557589575871626
0.15154354519015,1.42012847915904,-0.604294579215152,-1.83035504960316,1.37281398942082,-0.352146032921865
-0.175954916152184,-0.162218943368816,-0.387201953201697,-0.644404747831554,0.363641913504658,0.754051377622731
-0.959435359666296,1.23312502629383,-1.77963207295698,-0.851761402553534,1.56757896405989,2.01626034854046
-1.11975863382125,1.31766401873034,-1.76056602563071,-0.453590136100305,-0.187316941444584,2.55492334877879
-1.08810348368514,-0.0700395365335118,-0.535492155329999,-0.332980107143811,0.522778851385993,0.65648746826666
-0.702592191848843,-0.49770966699511,0.4777832957254,0.113044863227111,-0.158416312394271,0.555080567865539
-1.41462056076499,0.873767198772221,-1.80934230682216,-1.83014248819577,1.59765771533038,3.35042203203746
1.55802237426327,0.873479214278239,-0.247349343988646,1.03363911135127,-0.623589356190043,0.0800758961414805
0.569150854769652,-0.241360310898317,0.465166499053656,-1.59753982932915,0.315535933339353,-0.0465319248103226
-0.269500390032012,0.47341120227457,0.88097440187015,0.289645307123629,0.43840205466888,0.589456463486759
-0.121544811520421,1.37586997649794,0.115113396912344,-1.88120577194022,1.67775868013777,0.31499039155138
1.17555219374986,-1.15682676076873,0.97648646764971,-0.356705833503028,-0.66617992505441,1.06907149713924
1.60409828527487,-0.910191351611428,1.31813562704952,0.622375123340401,-1.29685097656266,-1.26590741842158
-0.0841686261464827,-3.04732699665445,1.37008514535591,1.57208985683561,-1.98304834136897,-0.344328264176725
2.03973156152139,-0.906525914433983,2.42269716698977,-0.624704259532241,-0.264894336383569,-0.230716687224179
-1.15351725067276,0.660467573688652,-0.930498398708045,-1.6969595063721,0.714158794342972,1.42076255388069
-1.67006616685837,1.00877130038532,-0.663089907642089,0.616214148436627,1.44170119309021,0.770111322987696
0.167049207646394,0.286898522451006,1.24549079633142,0.176639634669539,-1.12754356483496,-0.47005033636692
-0.278644601437045,-1.01262526492996,0.22329578527275,0.0563942159446014,0.403332073053564,1.08355422743335
-0.406732851238322,1.60004453917976,0.901033519625917,-1.192867470503,1.20043272700561,0.715396777619243
0.202146709954316,0.961932652248885,-2.65137458153126,-1.3366109430944,1.30521305700295,2.68836991693672
-0.492676210270996,0.449150951475324,0.346655318352164,1.13230938152756,-0.439059599775525,0.00313961211648078
0.972500040299937,-0.628905913270273,1.23868949070655,0.191595766150242,-1.38722186480286,-0.261792877490307
0.396297246095735,-0.0803256095961392,-0.266775335667781,-0.0910636543491623,-1.54943306796585,0.263009650485891
0.887287877608753,-0.53267472112142,0.0109796109510392,-0.466620023806722,-0.379252517569116,-1.70043463539201
-0.222625708819341,0.365442318691184,1.02790501281302,-0.280311773135041,0.865746709814205,1.16603553982482
0.626208718777347,0.805657437628596,-0.572543973902213,-1.37182266635652,-1.28396682115897,-0.419202749763846
1.21492142784205,-0.475958160848661,-0.0876519619480995,-0.0212892367024336,-1.05206287925502,0.887222740716662
1.06601736983001,-0.378079198271383,0.985004092340792,-0.567499405979597,-1.02092262980762,-0.0578453014196909
1.10608958632908,0.685559533528806,0.0381205239737089,1.03018459798193,-0.687189274561247,1.63762137020619
2.38054401369823,-0.738436485663413,2.13166590956839,1.1845241674412,-1.76003425716388,-0.481966201601876
1.1033424802755,-0.403272757418489,0.713102915819141,0.629667872631925,-0.335129834040218,-0.758166681403731
-0.848093443831215,0.431413089040782,-0.759695499141683,-0.0182990417164607,0.692313060951303,1.74442275401172
0.206278354311053,0.724786682658272,0.470423857417969,-0.544439404066002,-0.0191655988888869,1.02903557148571
-0.0953678080493846,-0.559286144080305,0.299542133865038,-0.0318425176353256,-0.504421908648769,-0.317678136159211
1.39961797138084,-0.0507834392718012,0.734620093242159,1.73140944171736,0.0165405779009851,0.799353442101989
-1.15325086882203,1.02053121461892,-0.239835317746351,-1.38199916855961,0.520534243860801,1.03163973888279
-1.03479362613447,-1.12571375377983,-0.657203353926709,-0.278563074588218,0.752321714351796,0.185574871768475
-1.39829030110111,0.812584054543153,0.176258031804653,-2.41886044782573,1.14292818358646,0.54030594487688
0.770583591624495,0.0498835269629979,0.424703755801654,1.22580462052654,-1.13680254078689,1.50903398487959
2.77514325959557,0.386119177621732,-0.966876886450847,0.116850036600704,-0.945703215135299,-1.06335673970585
0.42594431520542,-0.436421339496917,0.637067192824488,0.121269139348247,1.27028690989483,-0.250346719617912
0.504272456397756,-0.355580334107242,0.55806650002308,-0.827682936264148,-0.279689866358937,0.436847867011065
0.555467900073823,0.448626457606384,0.010108484538607,0.572579173620277,-1.12001567253555,-0.781735482746171
1.00936064502662,0.0777623584262184,-0.539079679792923,-0.140444740220834,-0.623158391509206,0.113867400115114
-1.44929561829004,1.59233970929267,-1.0680856954408,-0.00518640678054605,2.2453123243484,2.3558126471703
-0.388593080717211,-0.385992082909615,1.81655562751771,1.78304684026189,0.412591097828615,0.598505786407027
-0.0326456524150232,1.21771428646636,-0.0530174128599978,-1.26175301025682,1.56037556405207,1.3727311855201
0.334441495629013,-1.15025740187357,0.529428007103484,1.28387433854391,-0.98997967295495,-1.60525520570339
0.482597659228419,1.21552388074358,-0.115111624050269,1.10074007537714,0.799215588664039,0.358545601967227
0.942550341394272,0.0467182747213797,1.37452066028285,0.454201948049505,-1.12341603751864,0.10885250004985
-1.08496925530436,0.709966619236588,0.198347569819029,-1.21223284712747,1.41279327030244,0.529751812853311
-0.110863658935293,0.566673625185784,0.746057613317173,-0.350716924907353,0.216413416104243,0.682480803977892
-0.787640318470698,0.221593617410211,0.599585209697176,-0.361064035236682,0.625084846720229,1.1929442547759
0.526135083136692,-0.664842464154846,0.42412926674096,-0.0658464010924613,-0.0392372084839193,-0.231412475006002
1.28956456487218,-0.247617116407233,0.439171815646065,0.149669420335712,0.197963991260441,0.941590697546662
0.109380952301911,-0.269976968358369,1.61309082087567,0.777192191182373,-0.859611627905934,-0.511043499053328
-0.23498316958146,0.963908908285874,-1.03114196028285,-0.674706851126236,1.45770330059621,1.10554488679691
2.44088897710347,-0.975917274288343,1.8513433119868,1.84631653209354,-2.26659918895091,-1.31159888576331
-1.57839058257061,-0.715216676193539,0.755036139812848,-0.471824513321911,1.985907611318,1.09113260377537
1.16805852568818,-0.825921076537962,1.6035298991989,2.30489699494026,-2.26796350712924,-0.617541074364488
-0.929013460161868,2.04277913570161,-0.220055943530163,0.296620803628517,0.190624155841391,3.08596959483001
-1.71321541815574,2.29084689338557,-2.03939993318633,-2.64614863056683,1.75497705892075,2.35939418323151
-1.51952518031775,0.651626509296608,0.215755462602008,-0.181324236188731,0.332531574663217,-0.141879194739273
1.59393530965459,0.233558050999278,0.873846471112536,-0.320570243557716,-0.860571184329,1.24272837812876
2.30569264425542,-1.3905043016638,1.30542991792861,-0.436873009909543,-1.11067931989464,0.165527361055135
0.408606385163696,-1.83030246699333,1.25190485514839,0.0946806409735247,0.310470049092449,0.0998928956092431
-2.27910005060033,0.362744824576085,-2.4378347791833,-0.9277499888167,2.90769085238907,2.56608889385491
1.84224619020132,-0.852190523414556,0.974125677569182,1.10492364262229,-0.794957001755981,0.210057399392995
-2.14108141454665,0.0509988446298051,-1.82390024888553,-1.6640562636624,1.61896431541918,1.93895350506679
-0.538199998731087,-0.410635691074033,-0.0689105651750013,2.08476224317171,-0.695367458083163,-0.394388193904898
0.805646433760985,-2.8071577759881,2.23448450271355,3.02843676955,-1.44744978796742,-1.6484595058419
0.373345246369941,-1.92594446693579,0.993671897684767,0.728822704792356,-1.32689175304349,1.77889149817353
-0.19623748335518,1.57642613324447,0.0153542178637213,-2.29928541532022,0.326931458559375,0.0354475272870558
-0.516367207010559,-0.34704583466677,1.10481595058762,0.703834368366515,-0.959106990513067,0.170095254718943
0.816181642312227,-0.361492545086872,0.615309410416555,-0.149191683365545,-0.395608718356335,-0.185164735294231
0.624115924448853,-1.41712551392622,1.36259374502631,0.921980525529236,-1.12081244579092,0.0635272803541359
-1.65233620319927,0.324325573549635,1.26755523700572,-0.319256325423101,1.24701282804046,1.47475122803086
1.20016146973695,0.123429009501121,-0.973638862388223,0.037115703336036,1.68222431701386,2.24281065648023
0.270052584960267,-0.400034299240113,1.22736784962034,0.880029395632921,0.136795996592359,-1.06497454932317
1.39095937777694,-1.71571552908644,0.93992674473213,0.759258271318965,-1.93571004091028,0.458856507943909
1.1301530049376,-1.36584689590132,2.05676525055772,2.25684119040788,-0.558476589926483,-0.692778845073986
0.878977617070404,-1.14670278089331,1.26708889656981,0.552446659860127,-0.1419269101266,-0.317771845640458
-1.13184356669849,-1.67972971341956,0.0623972824515445,0.0585641334287882,-0.306208093875276,1.0624604658995
-1.56539721197714,-0.377466244289762,0.511690567360914,-1.13050486662725,0.994751215006738,0.97316580487489
-0.364151205501367,0.552050986840132,-1.7343533941638,-1.00461532349718,0.542646871322759,2.01837604396405
-2.12472040928339,1.20897646141021,0.0226372005302796,0.104253483767664,1.25344841338704,1.78703524718322
-0.212997340682906,0.604730803822134,-0.433704123294905,-1.36774250043844,0.759295807153982,1.9190320813529
0.703941286415507,-0.717555681092375,-0.296582521032302,0.512873354543181,-0.435425099292343,-0.262661952678137
0.163333119231702,-0.0257145612330936,0.39035273968434,-1.30201713259648,0.20573743457795,1.63708776416004
0.59911819512816,-0.912162049200233,1.01445544147199,-0.706718627566112,0.1653695291964,1.00046473462342
1.62754284139746,-0.10273605763191,0.137652441751899,-0.153688495840207,0.548594387407357,0.000962976141322125
-0.85720553865491,0.0977958220034987,0.0749513747718019,-0.0908956113471483,-0.115789685029303,-0.2710328633261
-0.477199651047298,0.887898118159573,-0.941160536542923,0.112823991987498,1.4967489376821,0.259005863962038
-0.396867590780876,-0.816247213289149,0.88280830413045,0.514442552416961,-0.27475422536975,-0.433806437838867
-1.24640434654123,0.651435744215058,0.469785878730294,0.187256154573404,-0.371031748653132,1.25664980988595
-1.34905986906629,0.280332408413088,-0.265958166102021,-0.105638502878022,0.499425646460767,1.61797426562121
1.36374245583219,-0.279093045653952,-0.663747087992297,-0.702364148598832,0.113290131404169,0.755945002862731
-0.320875771913009,0.990949440229733,-1.37873903757173,-0.0241360458636302,2.18051767136183,3.03286998965166
0.103230968461395,1.20413722080808,-0.257311306640265,1.02501308161748,0.916006133643413,-0.351482090343146
0.219993264923017,0.347741863071332,0.464520789532206,1.18696730320918,0.228781127754171,0.608779847214869
-0.650162174938967,-0.903619895630742,1.11075568921746,0.59863191731803,-0.125936346623337,0.626098550739405
-2.52268017339539,1.064961354141,-1.66589359925472,-0.40125486879753,1.43663678238552,0.57814468485195
-1.42011022817839,0.257542443127036,0.291366457789381,0.311753539460262,0.277840033002444,1.79263451905094
1.44905354757876,0.58751784797209,0.758027135816937,-0.0996474856177219,-0.636216025697336,0.778601573870723
1.73632366349413,-0.40597411088545,2.52529915962796,2.91580505611752,-1.88623821946453,0.383470351184962
-1.23065761347793,-0.0768324506176528,-0.178172674516016,-1.15334023752187,-0.0784368742545381,0.130609876602199
-1.1659545264308,1.1704583242891,0.259722492697825,-0.951491103427346,1.02138391058022,0.864957066383242
0.285281445556968,-0.0163802063519983,-0.552939082707417,-0.852557709848884,0.336083749323428,1.90629373142725
0.650691375761906,0.508446820607215,0.42644443504535,0.431242339512854,-0.280709630566542,1.03223928050642
-0.366907222176601,2.13934982637899,0.198217433700554,-1.51114160771563,-0.515425277743117,0.40705562413396
1.07945333243202,-0.46826553649287,1.03634337162925,1.83008798540051,-0.522199064815969,0.0793226969410412
-1.04398078380474,0.985495144497093,-0.602208657676761,0.123946697108679,0.317190343479303,-0.50569025664853
0.00186663106705864,-0.473139852002862,2.00177752055413,1.3767431089131,-2.36464888529066,-1.2322262082634
-0.628840731410218,0.870516357977099,-0.0301449601508933,-0.0733462401235303,0.770345676780616,0.814022296930763
0.107025760491845,0.929967146067292,-0.453182763169043,-0.712420964050917,1.02528541675594,-0.696080672418445
0.15166921586715,-0.753879094231351,-0.500023368573423,0.224391317751093,0.84287499181827,0.412296373283794
-0.16098739319591,-0.0287587939475233,-1.2647487001271,-0.864619797651226,1.77383522621391,2.15446911985789
-1.01766421207424,0.500377879414335,-0.291554611506741,-1.14282259704449,0.277126169350717,0.744007415518078
-0.130926831352112,1.71552969120582,-0.753869653913907,-0.741177152734483,0.826115299950771,0.261272425797619
0.288272980449307,0.0587243815806026,0.484806315944694,-0.368709225419995,-0.633998081812649,0.220393249448497
-0.360074068407393,-0.315626347316016,-0.440817831254215,-1.22511044803722,0.216905582341905,0.468833457419481
1.04925595574155,-0.93262309921649,-1.4567595606706,0.73376048083054,0.530347284042527,-0.291562671367098
1.1336679045531,-0.731271793313177,1.14931364894632,-0.117575418667154,0.0607179604774446,-0.4037102063169
-0.672487297226978,1.01294395468382,-0.426980509528576,-0.580948795362974,1.41174603609365,1.28549587738411
0.113391225820404,0.802454161285188,0.562429847633806,-1.76818514478533,0.56311798088199,0.151824775726629
0.979208417689768,-1.01960364051999,1.12390910805424,0.256593257173936,-2.04803096764753,-0.912801002447636
1.97116988320083,-1.54762607776149,1.20657529321578,0.576881683860373,-0.892339131160868,-0.087141245984822
1.43836098492742,-1.04527779688031,1.9977606834362,1.7616921381189,-1.25109399336003,0.162420132290634
0.140516921016095,1.0880697984365,0.90511714520245,0.780482913456761,-1.7051075925036,0.878959883224156
1.16490535731975,0.381004956996114,0.208567996599169,0.69977166059698,0.265152224972496,-0.00479325593588087
0.85180138676599,0.751050153146771,1.36301496144704,1.42443212709213,-0.229555860625913,-0.627954267326239
-0.287985555161278,-0.30452238493901,0.416197456065246,-0.809039019643745,0.469420192542011,1.49330087631604
-0.582082365732932,-0.505098407408807,-0.195695142764712,-0.260615551001401,0.806385972517256,1.90360530428084
0.547132777067297,-0.526860527489967,0.814786018774698,1.1623350950056,-1.465325232004,1.33409013688089
-0.913189564290513,1.32607332282185,-0.341783474109852,-0.903402079579858,1.40659196514243,1.64452615155785
-0.00766712595525987,2.01036118038421,-1.7685568615216,-0.00813299601430284,1.46736634653669,1.52279228089059
1.84697441323563,-0.975390901112676,-0.207087226810766,0.478647452312533,0.412201028293199,0.0691994624271946
-1.34997576484533,0.534779728399135,-0.028705106345812,-0.438048714146386,-0.453199583306484,1.70625761552501
-0.235595105570484,-0.878139879631808,-0.333687122520155,1.12351828842795,0.459435257403359,0.610468435720051
2.87053629249673,-2.19839073907047,2.95036906274043,1.94021619539741,-1.49337152379409,-1.78064984310707
-2.11783185878418,1.55468558761109,-0.845754868039179,0.131086578018522,2.72557454740105,2.45329868760482
-1.64867668133373,-0.0706545834466635,0.829906615806454,-0.190699616199195,0.0610549103330801,0.926852795584708
-0.393236584191746,1.11360666596149,0.754459455380875,0.158510157975709,-0.460537711453842,0.911503045557715
-0.586822912282337,0.00751097543870063,1.17986348836281,-0.593302398457317,-1.25187499677813,1.1857858210433
1.26046906863303,-0.641651177716417,1.61364636230669,0.415051551754126,-1.72006425352231,-0.24237315214832
-0.837368163138525,-1.2297270101314,-0.748034497020884,-0.246266368136452,-0.479966248278506,0.547226844179631
0.8906724380093,0.39200743702988,0.629273011482017,0.199243668977444,-1.34434444391137,0.691348721428763
1.51053955421725,-2.1365385124677,2.52875548507343,1.3569915688924,-2.31489340618718,-0.465349045104937
-0.463100022648194,1.35721055507464,0.820210990215949,1.43848634123779,-0.522306824545894,-0.69769048203817
0.764064778480505,0.0544510660699584,1.10162690515711,0.390335768875441,0.487652983367948,-0.105566200488324
1.64997737796877,-0.436855107559536,0.304593900490454,-0.244964711898245,0.558998308568979,-0.341785443637475
-0.544653494309765,0.750615441620782,-0.592349480025259,1.44138345768136,-0.525065029119896,2.095706744959
-1.45116461489888,1.33578061409624,-1.6606708637955,0.381433854878451,1.67357066920314,2.50244214002138
2.81821054617973,-0.616768479674927,1.92793728944494,1.85361492705476,-1.20989253180798,-1.47625277644887
1.25258979670281,-0.241918173269472,1.18809382520154,0.928589950527994,-0.80132643927514,-0.717577798881001
1.14661239042219,-0.435710975233664,1.92854527281943,1.31506849820926,-2.1489605063113,0.322141328830615
0.646258028390585,1.70165023902991,0.0278010365244291,0.43890411035035,0.437179875272266,-0.301513016251707
0.576834068966217,1.17729123105169,0.320124515561836,0.42419797994699,-0.0144139436668801,0.465449874945365
1.33341832233016,0.367801577537106,0.321013916891744,-1.45032309469184,-0.78643739974418,-0.568632028963121
0.191746620818051,-0.654794545227471,0.74478722898813,-0.60346753632874,-0.703309964286146,-0.732165196427813
-1.80307360805647,0.905178415155772,-2.37491917970856,-1.33459856589233,1.5775083572664,1.36943251347272
0.834160748722667,0.284647008264012,0.537222905977915,1.23200024018936,-0.839506038379848,0.971791052919286
1.73031460966476,0.323533256170582,1.44465172133981,0.918441944780838,-0.279452698612747,0.355724230811275
0.0240250278942068,-0.491073923248104,0.739134299160308,-0.208581407725539,1.05366548583765,-0.0320493014551885
0.57428622386999,-0.914704769189054,0.603790260199971,0.633928895745736,-0.17430808957199,0.804213276181747
-1.00788190892369,2.01568140046768,-0.983324720684727,-0.768936911509268,1.68078971381727,1.75432936256788
-0.217280358106764,0.680199006709608,0.478478617162006,-0.659015247021949,0.857835286950495,3.23973448110579
-1.00491500128829,1.27712193591129,-1.52639668034584,-0.405221007664629,1.73310911213558,1.75835814790697
-1.25202167255197,0.237350456467024,-0.779981917260197,-1.28518602442044,1.68624387806868,0.573815993212934
0.12239093814609,0.783947403174976,0.280541877438956,1.79192840265606,1.16616081786815,1.96856176203487
-1.88268314984632,1.67635738013308,-1.73329945390881,-2.97896251743049,2.31681285342503,2.04733391978932
0.979144815376758,-1.73848730010837,0.229889751607814,-0.132446946244842,-0.28957652940549,-0.783256833308005
-0.638735997695004,0.0191693314851291,0.585786726423895,-0.0859114607900973,-1.30278438620041,0.296271241583361
-0.536240548558158,1.26067823170144,-1.80411479348167,-0.39987331270231,1.17349877013084,2.06256415800945
1.03175674521223,0.492498497093131,0.64511269932555,0.984183091092881,0.415450260619184,-0.0525482721865969
1.48681751344541,-0.0720115638923909,0.723723947792088,1.45892033085161,-1.10365267981389,-0.0909374877677975
0.231525962271338,0.347426187567736,0.469186763978773,1.26154283564986,-0.450975920395885,-0.234131192879716
-0.257275567336046,-0.747372476505061,-0.284110950918858,0.0520797728430774,0.680137437219642,0.859006401910647
-0.220217107510908,-1.81361318583806,0.0881706103405033,-0.00100230096470952,-1.18504446640876,-0.212371857177485
-0.858431607501258,0.149668885680775,0.865704927707999,-0.138649157976816,0.316135929489657,1.16974433552816
-0.18082181164909,0.800433214986261,-0.629995661591164,-1.07523026780544,1.23584079965609,2.37993306481304
0.828427451069486,-2.00999376374874,2.02041139307286,1.11805904188724,-1.99081749592097,-1.40148050880405
1.05523394235798,1.41393613954071,-0.0563433596078589,-2.37521143749295,0.866698146210654,1.57394548942956
0.575316525519448,0.166686667844908,0.727737871968056,-0.422540427409871,-1.03537825092308,1.40790545216704
2.21390042043882,-0.608947031153394,1.0547189792287,-1.32415236842344,-0.04180912567834,0.0548160405261811
1.62250423233184,-1.18690619429722,-0.631233624817766,-1.10907277361586,1.64500479421677,0.142081690842358
-1.00288108387504,-1.81249355137864,0.837523601099838,-0.0797297971330166,0.200332604538868,1.04088941409451
-0.680975433350508,1.37662836191354,0.599709773339582,-0.515110390525084,-0.334958468484121,0.0545766529829048
-0.728855998058413,0.435465521885212,-1.29286186560292,-1.35129622696056,0.982909666945279,2.6568629780925
-0.776600304789014,-1.07225896715168,0.165433221154591,-0.548976473606992,-0.791149743416539,0.279287061703917
1.10467141052898,0.696330709082251,1.24864800405177,0.479822995298159,0.308583084194507,0.177917273579056
0.70506678428582,-0.359812719325477,-0.321064749492996,0.258940554793811,-0.897894488353233,-0.712590988782882
0.968604312439696,-0.768901816773009,0.895542782803111,2.62778636480271,-0.451787305376661,0.160213858173197
0.331399922646064,0.0357032074776034,0.151657496855688,1.31115615552144,0.307802384565952,0.947273922756375
-2.00911282319808,1.37954917732964,0.0768424612993419,0.606802775991424,1.20749060482852,0.325841517893835
0.510692844575599,0.314376713827485,0.788594700253103,-0.23744946615651,1.35113219076648,1.30206175690721
-1.93567048236944,0.439615354530499,-1.6656908202082,-1.32022830938197,1.25045207143032,1.68104211233745
0.636408087509069,0.6352521979606,0.378156854693786,-0.437331945275486,1.50772488985623,0.838328642063359
0.35720631627462,0.74813482065104,-0.559591495903276,0.868059692787225,0.628394742295104,0.581438265298963
-1.35173033174697,1.38796070932225,-1.33580461775979,-0.804874104438228,2.27772259365485,1.87542831323446
1.35568266854392,-0.117391210995275,1.90169064766823,-0.293894089811773,-0.838112302927109,-0.76016797239295
0.321107028986122,-1.22531314396234,1.64603325163495,1.65828976643019,-2.91512695415132,-1.43852745410465
1.22520301750483,-1.31256687681693,1.17761993149883,1.26343083528895,-0.0729166682893807,-0.654741638430495
-0.0267397866000699,0.415513020023372,0.311141858146162,1.29839842906363,-0.102999981564792,-0.594492984300083
-1.00885621059307,1.80754816831097,-2.32459689649528,-0.781231861625494,1.44471781060495,1.8441034968649
0.372884313101822,-0.972734460859597,-1.26464538009562,0.361573134977011,-0.351285116631673,0.54212405299389
-1.99182977566218,2.27623388978026,-1.31310392487615,-2.31423088707871,1.48557436166651,2.98796966460541
-0.62583656458181,-0.115110817224403,-0.139742085788863,0.881507438935581,1.82069302349059,2.03135172305213
-1.20587884461134,1.34627214608093,0.315416653339571,-0.443431258925647,1.43335404489066,1.90487779406
1.28726864808785,-0.784129676539777,2.72785174535344,0.62636427404443,-1.77856351302166,0.413726103081769
0.530436544499114,0.401219025103009,-0.131402389088372,-1.04754394772363,0.327516197364652,-0.127594046039496
-0.988223057761307,-0.353327289569705,0.211626945113186,0.0276555511466872,-0.803762043636104,-0.202409490774438
-0.819747513929782,1.46372670763931,-1.12663127866196,-1.80289680897376,1.09861434372564,2.42777096294718
1.23601923062255,-0.730148092181512,3.04398589520756,2.14455233926106,-1.79492530668072,-0.87755272096211
-0.572130101393563,-0.681015282391928,0.227765994519832,0.00331960073864457,1.3509478742651,1.17328766141272
-0.359794000108663,0.479347189998832,-1.00099892235217,-1.66317671239617,3.23089523632407,2.17072878035228
0.931873162276329,-1.48479793756565,1.44048406499878,2.18075657283948,-1.07028089368897,-0.372951830422126
0.934152475938441,-0.428505709021008,0.544855400226982,2.05303972818963,-0.620707738619628,-1.45594841665096
-1.67034089730347,2.57878709954546,-1.75990606409418,-1.44029992504669,2.8982526610115,2.83887923146
-0.275275840408442,-0.190986884794703,1.86016318261586,0.126041841327087,0.143371804101942,0.69446297391175
0.776251794682864,-0.564250109763488,0.486796679968698,1.34944146415808,-0.722908894896333,-0.151656976654419
0.676041945684041,1.29185074281189,0.690551413188467,0.950254577713221,-0.774866432108132,1.18970033123912
3.28346348933132,-3.06722254333491,1.92217799597476,1.12417420621869,-2.91953653791565,-1.21622613158953
0.134290374549788,-0.0886546115253882,-0.0450817276599298,-1.20665415989604,0.625903132746116,0.176899962925829
-0.522579441572484,0.673323100797101,-0.206039036259403,0.218738354488942,-0.565418709312377,0.894919980070191
1.71511514371199,-0.128496558266735,2.1682443386651,1.09640565974042,-0.183194817853564,-0.929916570063905
2.17020721611663,-0.700879075495853,0.780785330565552,0.83085025990684,-1.86096545202709,-1.20931232319707
2.66106988680913,-2.89101202887097,2.34480371045996,1.36899426595532,-2.9250173422081,-0.817237881099018
-1.48453206673731,1.39642025333049,-0.0322047991867009,-1.56246681043308,0.0141464409252885,2.63576573682115
1.26898391372674,-0.308682682212063,0.745716754746982,0.205662580667349,0.631487001248365,0.0993975316249319
-0.548208310486469,-0.5251384583937,-0.095797793326462,1.1389783595403,-1.36237980729648,-0.589532328829315
-0.749048366515089,0.831811085401213,-0.303959089699939,0.877688475878816,0.0558688648236301,0.895713254559131
-2.1433639997053,0.378074979559361,-0.672773058693554,-1.15300384338377,-0.546624064075684,1.18087962112332
-0.213071640585581,-0.0135656011801039,0.791520054097519,-0.256421562920283,-0.237894372407627,0.509270745470917
