1.88058881072719,-0.273569879710749,0.249704550551853
1.21057245251225,0.962649229478813,-0.335623098073961
0.867086587391099,0.112256897543626,0.973653232137364
1.94819767269467,1.13053514420948,-0.586265094326309
-0.0426406431237041,1.52358039035484,0.836889243085315
-0.865062630333395,-0.263887777959648,0.371957109903142
-1.22204021681152,0.3950434294909,1.57182367591716
-1.22846098494954,-1.91742082409625,2.62173762254215
-1.68200392421866,-1.17891198328593,1.20758383231582
1.51940901209116,0.693133951993673,0.29586518348877
0.908482783702458,-0.218115595654644,0.601619561083189
-2.12834885710249,-3.33556515024346,3.90211582174304
0.251554053350935,0.889193204065781,1.57024663503076
-1.2477209846438,0.32643265759791,0.969589225585052
-1.96351360405607,0.174581665565896,1.32564519492239
0.683452626335799,-1.77492115370853,0.745539280449886
1.16272440428654,0.645236651845261,-0.743551324705936
0.489167853422018,-1.50896363382115,0.4917658836861
1.45470744445666,0.343259089481286,-0.733867987633942
-1.59903910616988,0.17557193708232,4.66783887872855
1.01174633194591,-0.0950983607440519,1.39095533484557
-0.899327750545736,0.991732985245837,0.081563401264751
-0.487107082240523,-0.00304732120261408,0.328694056697922
-0.36002512179658,-1.44592831671241,1.54283630913388
-0.965354965898091,-1.15127804070894,2.89100230487842
-0.18879720159105,-1.22507825356182,1.16470499092679
1.06515041290954,0.722722859629934,1.09328566454185
0.240097339357399,0.173789396431597,0.717462914430222
1.01658960562193,-0.568149885543535,2.99018070365565
-1.08475574051945,-1.49440965422907,0.771713772991388
0.398009739801259,-0.537046357789939,1.0443732030299
0.197197197671278,-0.754934956904006,0.535208636656213
-0.269759423252018,0.527097596128661,1.11195551214245
0.399702896732367,-0.805932996479445,2.4725256317421
0.607542738615104,0.212893776281379,0.651693614192954
1.39489914062702,0.895949628202528,0.187218998056711
1.46681302777983,0.29105299775822,1.34246650078735
-1.2341887260082,-1.53723713587464,2.44127567528256
1.19381878738502,-0.409782331597288,0.510370046301287
-0.0440116945457599,0.466413526793533,0.197134054436182
-1.08716256653725,-0.953652809634741,1.62891197272529
0.832402686062511,0.640428447617572,-0.52748923973644
-0.780069299147997,-0.151519159984209,-0.0836197954376448
1.42331628480946,-1.69902936998242,3.21193033109729
1.07569595467649,-0.0869466398311833,-0.0607686675697999
0.998930049588814,0.148073782181895,0.072170789980726
0.426118043644746,-0.857566265344886,1.34926852420102
1.03295252255239,-0.116937502723517,-1.30890633074125
0.434925136192646,-0.0819035115755549,-1.38141864441631
1.42693716381395,0.0991147291033637,0.659520875913667
1.82564189221279,-0.274456723719326,2.16861912117557
1.05332824491677,-0.173216340295824,1.16061396173958
1.58316550364902,-0.236138668778479,1.3778692810504
0.891036482077245,0.394641757380674,-2.04260413128684
1.93317707638327,-1.52758826937379,-0.421112229692059
0.80015464632335,1.23881891724689,0.389119755414974
-0.241233874853376,-0.265291001405139,0.549695358868593
-1.51896964352912,-0.90494963897974,0.753943518764971
0.748658329283066,-0.90368207443406,0.236480052112797
-0.83671531458909,0.892984929342841,-1.65930850884653
-0.420818972255594,-0.735435911052614,2.8133030904231
0.359034192494799,-0.870468925066356,0.234747251427017
-1.04482111766705,0.663423231617975,0.649477969772462
0.0853688578509739,0.960512109374882,1.01567600658208
0.197214578899849,-0.124551625716852,0.821457610963805
1.54746293351745,0.27527978083703,-1.19162893998299
-0.439140486616103,-0.909918782554127,1.34327413537296
0.249861457076562,-1.1628634947437,1.49668468232826
0.654095512528792,0.396296755759678,1.09209815254767
0.696355166407171,0.00524642936658071,0.492879855946592
0.248194559607602,-0.380594819016968,1.07982264693071
-0.843197740138341,-1.59353910395164,2.39763380543136
0.558896291405564,0.280204811025141,0.878161608661473
0.535380414911683,-0.498037199245022,2.30229184960563
1.5599399361736,0.15311947985121,-0.932414230849688
1.46918018921055,1.13222050664378,-0.323464180971321
-0.414041769728932,-0.256252514359816,1.03811493555684
3.00542281228077,1.84670281468204,-0.532128991372381
1.06722060172348,-1.47124681811503,1.03749437701359
-0.789183030375986,-0.287768584365484,0.854694186489257
0.869384690207236,0.363809294934696,1.24863755266452
0.433371530686368,0.739431071801674,0.504142663854672
1.78548988111564,0.994646677896354,-0.0450800678365663
0.272011461205438,-0.755900384459482,3.07123890110589
-1.76907824630934,0.637236158618466,0.742896962340907
1.02651295922865,-1.19886375867504,1.19716807512753
1.16496069435432,1.50210833052546,0.149227936863904
-1.14892019706739,-1.69592010673204,0.928986754109427
-0.434524291549221,-1.02492209993108,0.648732250847065
-0.112533679840267,-0.681419844995833,0.640738587451537
-0.815438251076,1.34540607361261,0.571062342149054
-1.89257560442361,-0.784245435647364,0.354742111583044
-0.674871958174849,1.01598440458075,0.287927207100604
0.914782788856952,1.23094995435459,-0.555050451191982
0.825821246435334,1.32437053836656,1.15889316624792
-1.26468661117674,-1.74648598945092,1.5128998687399
0.650409417194603,-1.07398416827035,0.603111208891266
0.574445775458943,-0.444741216751888,0.793005329499106
1.27046718384084,1.10103104573506,0.982613487274881
-0.385379855447776,-0.443899678286107,-0.0114505842765841
-1.54722016074536,-0.746809597339555,2.51360228660831
0.783039930960797,1.34276717898742,-0.748447192117333
-0.150941235867139,-0.191518296222954,1.6960689722839
0.0129651181372159,-1.13790399654721,1.57563418446315
2.43016843671124,-0.592668474176252,0.359099332593925
-0.526524309825999,-0.0523100880173939,0.9651440099838
1.50589107827314,-0.808062192047525,-0.419466494196356
2.14214760525148,1.3630766168085,-0.383820122979537
-0.301603148235372,-0.726237731423736,1.18629680647368
-0.349902653738322,0.592071082588202,0.656156371857224
1.42459858950842,1.72974436794618,-1.15085717896326
1.63317632434224,0.818803072220003,-0.312258713901335
-0.857779628811844,-1.85866547010579,1.21947634320239
0.245383599910898,0.604650826179042,-0.930605725817384
0.229052161027131,0.562232721691032,1.72575929106357
1.2369423395324,0.443289924053798,-1.40824908774178
0.628441079200144,-0.224244284325834,0.830661786574947
1.3616616197725,0.335786228038377,-0.316776009650167
-2.27129408069344,-2.69311685925935,2.33324992360695
-0.936018147976168,1.5209425124407,0.238247947094467
-1.1033073595331,-0.60475397248828,2.16270361545106
-0.0515141697196066,-2.36930229791796,0.999631325589943
-1.07639167602542,-0.70214693002841,2.24469456348126
0.615577593269749,0.582297977021466,1.4297054732244
-0.814399649564189,-0.912852926107888,1.94305829749443
0.802365661949821,0.413795615877895,0.025858444152539
-0.357799582164817,0.857791390258559,2.05555626389325
-0.682619438475726,-2.55564087525651,2.72798976214814
-0.601854943991458,-0.755272313989944,-0.203728994427233
-0.864163331121673,-1.41894316210675,1.65939318099218
1.28243533279923,2.0084152957692,-1.18617987623829
-0.00396431056990254,-0.385057089728474,1.49000640273768
0.738539839247445,0.420257245273208,0.992135973127047
-0.764496163162572,0.181810449283824,0.991715184885392
0.889393774863252,-0.908191807188219,0.018882106361844
1.48557210337586,0.808763943427571,-0.979767678711164
0.174130122081595,-0.446283669588088,0.746711993425919
-0.951428617750704,-0.661839238723178,1.52906485953032
-0.0632489095756588,0.0184194676835006,1.78666789436753
1.00362774528276,0.545934758391119,0.0540113769865491
-0.876877070352985,-2.3372041185187,2.11399471261689
0.37469770050605,-0.98195782305367,0.638776915520847
-0.514607034397495,-2.58674198013301,1.19137624460871
-2.6255215847911,-3.8843754821224,3.31375738932088
-0.528200164860047,0.275932657216087,2.20456441139742
0.0566435913036222,0.296090646071787,-0.831215605528524
0.674463140003824,1.36657085869067,0.376106372343169
-0.684768395134334,-0.531071909271929,0.260768157642479
1.31475212725336,2.20222125209001,1.48132414700339
-0.333659003565942,0.617975021813829,0.120125303224244
-2.89253469345169,-0.146747383871334,2.51015822862983
2.23925171908903,3.00332508207808,-2.22982949469321
0.322524515474894,0.767722780189043,1.89054710047736
-0.908472382010885,0.224176991747637,0.0312457648968007
1.03415791157605,0.725765331473072,0.608871818749192
0.0488746021719106,0.352945165501838,0.196585924496953
-0.99383535708927,-1.72455935185442,1.026031823621
1.6790700824585,2.99799979080054,-2.43181146790773
-0.388185614087874,0.077026105149421,0.369121000920765
-0.851756938587435,0.714232412666399,1.55950248305426
0.731222283155613,1.89147514731208,-1.06506224290811
-0.474023168507552,-2.10009599542399,1.32067811655123
-0.227914899204952,-0.542266280580939,2.18180971929246
1.51291793188812,0.613589022335742,-0.854067942996813
0.461637236388804,0.388223937912834,1.45005734867224
-0.781438571192504,0.114412261567078,2.70656887285179
-0.972372419054695,0.113229511695013,-0.539819526304242
0.449769852274795,-0.314843274560272,0.285751515076493
0.767012661500024,0.11564596590161,-0.355040902547964
-1.25002411606624,-1.08057563131136,1.74412145762748
-0.421009524538861,0.10884246032643,1.78219555493742
0.421339705410699,0.528060467455696,-0.173722942760343
-0.408388053567699,-1.20474737731654,1.50383249840105
1.5659399613404,-0.686880966824789,-0.413667909004939
0.408831290713527,-0.777208581302503,0.356037659567667
0.222969960553207,0.289399474800135,0.666541774788156
1.55598605288209,0.32133949600305,0.701992759141255
-0.309207456021456,-0.869521643796329,-0.224391466467623
-1.12279564543579,0.513675033054119,0.0105413304545058
1.54119521234598,0.0473917739067307,-0.490030491039935
0.581540304128988,0.272089352100672,-0.253973298654799
-1.80441745562631,-1.96833478482572,2.25612166290872
2.37241390801705,2.51605557218646,-1.78595437251077
-1.40646963651809,-2.26755399431544,2.53117631703278
-0.356092811703832,-0.325915941796969,0.602693461436159
-0.976674347252382,0.905161613742854,-0.378959244423766
1.30543125245657,-0.402621482936614,0.690274910382143
1.48128009794301,1.04423150141702,-0.40153797784161
-1.34083356770126,-1.49873672253962,0.573122532209531
-1.69056632368658,0.349919218648886,1.66953635346136
0.14573349239871,1.05961071085077,2.07513251109269
0.735203784130683,0.0116019846064485,-0.0654950835825688
1.06970867779849,0.213523141659773,0.0380911461353082
0.939986453137211,2.66878480327334,0.128664955613527
2.40934655079746,0.969540787615874,-1.84009804706885
0.787056101572645,1.0772573272218,0.540450160385431
1.40372011105941,-1.54217258804931,0.597956039048629
0.294604031124347,1.01969467180549,0.349451572943106
0.101251858737352,-0.110338107171418,1.28467201442149
-0.239907008710758,-0.109528239555943,2.27637418968718
1.69528235769792,0.726038542218616,-0.983156379890607
1.15109626384743,0.327124061680816,0.153856440562297
0.745092425134955,-0.93927842280127,0.348561310805249
-1.03088481770095,0.862605636388313,0.189972498647399
-1.56934098900565,-0.169343239362891,0.641987101103038
-2.56963696739093,-1.89169887375613,2.95392080645865
0.23793378658485,1.24981077667108,0.828230280220654
0.527679621033922,-0.649260070588764,-0.719544244251751
0.383282315469078,0.494909034206303,2.07415549494549
-0.234988766059934,-0.591004114847379,1.39433741713449
1.98897099383138,0.594650549738162,0.842321501325411
0.690510365160989,1.40759773704783,-0.468606383817744
-2.73072939686412,-2.16024788360618,2.11253667285448
-1.42914893970984,-1.42924395877066,2.72884721586673
0.40281056256065,-1.34378894059846,0.3913166297397
1.15017195959114,-0.0271627190052632,1.52806570357019
0.995972558780958,0.363608062137538,-0.105589237478896
0.330542109489662,-1.36832281676266,2.13255506090164
-0.954364975016625,-1.36047232364265,1.07041232256443
1.25090829882481,2.57958070143153,1.08080217368181
1.11916003849699,-1.73145759929881,1.73075341016757
0.825417316073856,0.819016617865575,0.723172197838311
0.167292609242698,-1.24085403024826,1.2058644447017
1.12753668312356,0.537745273193447,0.247345462556476
-0.175709803779053,0.720694996896838,1.01423729718529
0.41899356647336,0.74221021769665,0.316305436062249
1.46179379133173,1.60497271714498,0.554783830048042
-0.2953817538822,0.759084326372299,-0.388838766209754
-1.7962157408748,-1.73882133599839,1.02309612442467
1.20652156150677,1.10543038995257,-0.981995127945744
1.81635405690915,0.894243821609999,-1.38874343741636
-0.474069595730618,0.0350765425741174,0.955379868153753
2.0042683785491,2.10420669624972,-1.5758175839743
0.621600488992533,-0.925422958437124,0.00733909358354179
2.35854669736166,1.79262215165371,-0.534023341931298
-1.83870158798,-0.879255051265829,1.81444672689499
-0.584965873973897,0.185973587622739,0.100310847366513
1.00769865520713,1.57564683723853,-0.575307039564303
1.18507822443614,-0.738049222307218,1.06902697007771
0.709848454380463,1.57207655732127,-0.428133891640893
0.461103455013283,-0.236650833989154,1.74025236391835
0.548718237496811,0.769509479873126,1.05830670853108
1.1877161999108,0.449422828162889,0.705131941038958
-1.03228909816531,-1.24717288101812,2.22703739963445
0.02815751787195,0.858332012634766,2.47644811938696
-0.669382667166807,-1.8001782761819,1.18075356435235
0.631861343569124,0.94777024224388,1.02106813821209
2.07875134297928,1.82251299961865,-0.762719790973475
-0.92899202725427,-1.18927587537149,1.48038947212486
1.01587112141519,0.232063740975991,0.257951194818792
0.964581344375644,1.06457238814209,0.569599074952046
-1.85303396184434,-3.85445518349225,2.82591598573635
-1.84651576896889,-0.492369560917061,2.50956578680933
2.2509983400369,-0.0716701148590838,-0.439668455977375
-0.393334343822047,0.563179493369113,-0.542530918723562
0.348054764235461,1.29018325110762,0.931201756561007
-1.03836891466583,-0.861816257862126,1.89393611049469
1.24391604678711,0.719549167738723,-0.704174489203115
1.63692384425934,0.697034033663161,-0.710076434744218
0.463556921117739,-0.779393494220419,0.667223788881494
1.3121025271644,-1.21643299173055,-0.268914295092974
2.88476382446863,1.09491430233695,-1.41164788725943
1.65084637771244,1.18565643126344,0.287496013061361
-0.151528623918252,-1.8228288059123,0.303038703123641
-0.706342119557235,2.05675196212847,1.07530043031871
-0.809890643900193,-0.98353060047563,2.70826975878686
-0.633876443547203,-1.38774544799644,1.15241346197479
0.817487909447889,0.592133292882685,-1.33261855595693
1.28237372719297,0.4262729187045,0.679529905457336
-0.248156784617757,-0.514689889173656,2.365404612776
-0.347237058094238,-0.05550511405493,-0.0730702939767825
0.694526779093618,1.87178775481238,0.106329834040872
0.143558796714935,-0.979358186984433,-0.193327527185135
-0.620959183329791,1.17571021782826,-0.0314851681618613
2.16127157198677,1.85965773392367,-0.603888135422534
0.583158441805792,0.634237719542213,1.08495457509815
2.62179914169517,1.37568946717674,-0.788119075854606
2.4609888009344,0.960042173301806,-1.1629459889392
0.0467908455075832,-2.24586678867602,2.55100939653462
0.942836529467153,0.017183450432151,0.0442423753496698
-1.12802008579721,-0.448138546557623,-0.394485303429694
0.920252091047362,-0.681102503827644,1.82342341050504
0.249127355942246,-0.162083301765031,0.152274545227186
0.850375481887274,-0.531958556093178,2.47629396659338
-0.568343059217762,-0.84979117127311,-0.516671228673826
0.375434024267869,-0.933305671229625,2.30917416594014
-0.913298047848624,-3.12288094078813,2.17258142654817
-1.63593324785872,-2.26407685175056,2.33779846150337
-0.92578413797163,-0.226077793377152,-1.22434449200542
0.542578221684887,-0.990730990863603,0.505610209388009
1.50460179275045,0.163404682591717,-2.04593555201166
0.00981365664055711,1.80082863557054,-0.143885121428816
1.78693349673205,3.73136360531339,-2.70511898278011
0.713217170081274,0.0841868386353324,0.229979937618212
0.553201360060962,-0.730295268841492,-0.108194572188206
0.343339549128077,0.41226233065755,0.198796533729182
0.641620072812497,-0.826164398439803,-0.246294767145105
-1.41917443946363,-1.07786782021026,1.29157453408709
-1.94738971448224,-2.34983992593583,2.70658941815688
3.34430521831865,1.29074583849588,0.492716532161167
-0.941127735550503,-1.80972730371076,2.57484264904429
-0.0634000725530444,-1.07221590536843,0.647486707235647
2.12803710862113,1.44187303471964,-0.475007034486223
-0.878403382839056,0.506696986187474,-0.639781495991473
-0.984730065398719,-0.200124696309163,2.19393780839175
1.24639195073051,-0.108244165069569,0.552131147916845
0.0731055377633638,0.73050903846064,0.378510935081542
-0.497434481548091,-3.04401318556998,1.80174616160353
1.67336512246268,2.50791859983691,-1.51980993403928
-0.564799150896417,-0.745096205413319,1.26095960885644
1.00530032631098,1.22589764915391,-0.352846955779099
0.69341690321938,-1.71912592637101,3.59721268005441
-0.611016477864095,0.115653642257697,0.411361633021984
0.658855337445548,-0.0589362980683777,1.02574179808717
-0.514871135470498,-1.16584288718193,0.404762499934686
-0.311534965801838,-0.421216958505617,1.37354930996579
0.134568862721616,0.825359199670362,0.923472777411124
-2.67361873030222,-0.55786900877626,0.950795931511389
1.39815672852973,1.89303736094106,-0.903992590455912
-1.64321802708472,-0.881233563085481,2.5970970367367
1.30389962333831,-0.207625350274258,-0.24474897695483
0.380430542634063,0.479070265229208,-0.0274994084232907
1.20972386876959,1.17870296300769,-1.37845904435041
0.124258500092231,-1.42474546532143,1.14058660355495
-1.35651041565917,-1.258028712783,1.95100714221313
0.589983389537016,0.674373308605358,0.0600687919554198
0.0941077923812158,1.31234832943652,1.01352718393709
1.08121748515233,1.16209024840452,1.55367697876133
2.39874204339552,1.5588625643427,-2.29678128722831
1.42961773762343,0.433682788278591,-1.33964275012738
-0.587486368107661,-0.751024511231148,0.32916684968805
0.679849716544664,-1.43994668736272,1.3128879474777
0.839847161550326,0.661649267900154,1.35993607411074
-0.176737637863793,-0.454747425557955,1.51182576332178
-1.05565990184812,-0.700130798913605,2.47213611367554
0.269080536235236,0.145388349453936,0.319167661972076
0.824100242653109,1.64932880209499,0.904883533806363
1.34158005654759,1.52264930467601,-0.277843661978878
0.893247417418579,-0.677695012204244,-0.0314279487931731
0.511385368794004,-0.567703113779634,2.03604216013866
-0.171045885422226,-0.889290748294725,0.101716580012783
0.963927841240435,2.15941871553303,0.411076697586316
-0.728823775479562,-1.0800220477849,0.837493371911002
-0.162663244423292,1.08230838515693,-0.484747800290411
-0.649958191676464,-0.991873316968629,0.428547577526363
0.0260140799203188,1.50227165757378,-0.391369688491324
1.23589383652175,2.23370237245369,0.375125467857475
-0.352577563670961,-0.517069679667625,0.286725464155303
-1.60082744263566,-0.756725560691894,3.57579360467217
-1.37185449052228,-1.30182582856038,2.25811090999425
-0.444713418489233,-0.871339865498596,1.09438220085983
0.516745063761539,0.765290521758297,0.0347842745890534
1.18535120442896,1.03750385358649,0.626609773478609
-0.254593118535436,-1.94085320643893,2.03776972911675
0.623713387169331,-0.454674381074505,1.40986453419949
-0.744950199122633,0.175662438608439,-0.542280150710207
-1.48807938991731,-2.77733809926527,2.03455027707207
-0.72071613265212,-0.0827050396351467,2.52511588148641
-2.33408736824511,-1.42471562456586,1.67792586886065
-0.19643382696356,-0.251039889422632,0.90442766863421
1.35872559379384,0.462607770534014,-2.06124924559318
-2.73754933290651,-1.62234322230318,2.63746485319672
0.315880694665819,0.513114500300037,-0.516472552929757
-1.01021805943532,0.698458907351916,1.56475055565639
-0.0556669473585485,0.614749461706648,-1.55469072790903
2.7372305336671,1.08375020111798,-1.06323552688461
-1.14096264810408,-0.769589168432775,2.49954418027775
0.670291101771523,-0.940208780063803,1.36800782368207
1.13141556010573,0.241880103118269,1.65439984725385
0.440966352596246,-0.80460815009503,1.20103414064136
0.284485927480597,0.369425760838458,-0.377060370403569
1.61559635111741,1.02882181825898,-1.26157567673799
0.421918072252872,-0.13111730615002,0.318179438970536
0.723042529950367,1.06039552944386,-0.190297278795588
0.277999157966877,0.810488028173114,-0.326377583642422
-1.04565360554,-0.0643906353836841,1.66702405618329
0.717151499612006,0.506439743999439,0.610471145444507
1.01047784121412,1.47044555562722,-0.92072869818186
0.617409593988,2.8582997009724,-1.18185450791703
-1.46949852383746,-0.814491889820035,2.48965677971062
0.853473996393228,1.64446766764395,-0.599192677628333
-0.471622828001,-1.26133207636399,0.488686850607022
-1.17619316420511,0.239163435338385,1.01022906608684
0.321242076687889,1.09562534150781,-1.06963326404046
0.332601066525894,-0.159131230261338,2.13055139163133
0.520859133195331,0.959310066509553,-0.0634728257282484
0.595554462278744,-0.795102495334394,0.411886299394009
0.959356005532051,1.61086379625441,0.0883114127692235
0.771413072677698,0.597482664302684,-0.763330536806936
0.314129087373035,-0.126086705354453,-0.241148694059174
-0.678694176729667,0.910337320698337,2.04357624210177
-0.133960712411811,-1.63777500974682,0.627618448934395
2.15846153862912,-0.49867982085549,0.898375130374858
-0.714068872254537,-0.0396572314953501,1.91755524305816
2.07348850728001,1.79448683116046,-0.852122689629764
0.518154177657779,0.841891658329592,1.36232096599653
1.25154381258857,1.26028550185467,0.52026921648281
1.07562756923424,0.0332480335647395,0.970493865179848
0.766857168374262,0.283356867731148,-0.867323206276512
-0.556014324607597,-1.25357678170198,0.743038299770427
-0.126933949986547,-0.78002625430725,1.14426244828176
-0.398632738820349,-1.31939302852729,1.19013928698311
1.69797957488501,1.53554704797911,0.191064089212621
1.60452121945617,1.29948758815993,-1.17405325833244
0.0799646403094939,-0.659403989421892,0.728140167574339
1.20194937487894,1.0969941095526,0.217643069856695
0.433797361755563,0.0903982982831983,-1.52466945675752
-0.267213864442005,1.59375009791219,-0.6230305931553
1.01275803414596,1.06464742062954,1.12885148308998
0.627524620910173,-0.545166867256752,2.3612145297034
-0.0428621995959811,-0.380999205685321,0.194836054365453
0.692205431038838,0.561637199669386,0.202979861304185
0.357705664827796,-0.515058467456253,-0.497283959401714
0.554729166259923,-0.640620566353014,0.96865227990944
1.7101673794757,0.883257216524279,-0.37655686569937
-1.36426830610868,-0.998338045391208,2.25478380173755
1.10668142463812,0.86641166571208,-0.285320396182093
-1.74755065524539,-0.630049116985393,1.51004689572615
1.27197351414659,0.316329405148228,-0.217168788433982
-0.729395942352414,0.286625903272873,0.312581450195239
-0.0121983529786442,-0.857744618644075,0.886027618550748
-0.352565851492352,-0.969364906350253,1.28596394025273
-0.437836522668776,-0.430606539663722,2.758530941753
0.648324840463537,-0.645903144831524,0.462247881760762
1.30672181621597,-0.489873950686397,0.676270178244093
1.72624435675908,-0.582468658846181,0.675921666771362
0.369751873115181,-0.759758331113022,1.17468201699402
2.51447773918916,2.27444130782123,-0.992003297624593
0.0101917187262575,-0.0471978112431688,-0.133025599836952
-0.225558704986718,0.118775605573361,-0.141919762804177
1.16258888739979,-0.837758007544535,1.08025355661459
-0.605631559379108,-1.54705179553229,1.02710295516627
-0.319786206096712,0.630570842546711,-0.279984505378077
1.96370344556644,0.418937908154034,1.08868451641358
-0.709641677804313,-0.675518328283338,2.7360667026006
0.990738575277802,-0.778898583673099,0.374766488202687
0.815944403690526,0.177816716755838,0.787747276030498
0.790486090215519,-1.10938824057983,-0.104366186571788
-1.56198267201847,-0.976148781935241,1.26981297972053
-1.28613485137979,1.29130857485072,2.24725882217715
-1.06648736450751,0.124789964139261,-0.332952058937946
0.449020799864044,1.72127754569015,-0.74516215260402
1.85526839373886,1.43025944665896,-0.41356796887994
-0.101602177235767,-0.0981182629736808,0.310159716619176
1.44138675360614,1.91665169298619,-1.25988004470689
-1.06488711364514,0.410838421779894,0.230704662195972
1.17649864034215,1.45223991078469,-1.05675963054247
-0.589607448164971,-1.13258364821886,1.55094509094623
-1.08666155345661,-0.187221262737669,1.18356382769803
0.145582364195323,-0.106423382962743,-1.26162602216732
0.667753447006318,-0.742614716135832,1.37242938101606
0.556600387947001,0.635425872475144,0.221362369426321
0.693380148691562,1.22176912313914,1.40451663370738
-0.44416646491809,-0.874886701079258,1.21774490751471
-0.161744232554835,-0.638316218168658,1.04122427552832
0.688540705217073,1.47065159476604,-2.03452138983396
0.0967942364015748,1.1955084974363,0.824493293530088
-0.140205827971023,1.01627474125819,-0.59618212807176
0.0371440607117467,0.281230477031397,0.201456797359861
-0.401826546650533,0.189092060746867,-0.943685499491589
2.09186189015545,1.58744613310002e-06,-0.289969198452825
0.840939613553967,-0.939371469631774,-0.452653951438427
1.34002365768974,0.29819163478378,-0.588709509386618
-2.48826696266516,-1.03757055533605,2.83136215364492
-0.0688152914129297,-1.15565201162935,-0.394193630408718
0.297005018043238,-0.15121198311712,0.587153539699281
0.392254127920191,1.20791753483942,0.930322060185936
0.440463661610358,-0.986872003500799,0.633533751242616
-0.484189709650052,0.0437710113059464,0.396318477982568
-1.11879214635233,-0.728092035492239,0.247473809180927
1.02131384753195,-0.573831399432475,-0.329896212651877
1.46595547589948,-1.10479024260061,1.22911530136355
1.27376779962103,1.40519305267151,-1.03972660893053
0.479367503531364,-1.66372418751487,-1.42648602651264
-0.578626425476891,-2.88033303571644,2.47009469295755
-0.558504024963782,-0.190442595312842,0.0403757617990179
-0.384237663581699,-1.29113917641161,0.514706491674786
-1.02581585579451,-0.338746923049709,2.15556134712425
0.690494371756908,0.286855561407904,1.03747322908818
0.68780229403692,0.567628124940136,-0.879629501096877
0.331492566661477,0.287904242855076,0.614576062493664
1.70198874941692,1.88562460744708,-0.555504074358172
2.6961019507035,1.9019020834961,-0.744765178629704
0.857391873914676,-0.400311555974819,1.04145693202235
1.42348773561951,0.485946792747217,0.315055695868433
1.53533614576713,1.66577886687447,1.10385374762066
1.29712320450074,2.14533020379178,-0.948967032406291
-0.156722110362218,1.69408323113001,-0.557586187380586
0.0732221526865567,1.24944433983008,1.29679329554593
1.70123481449834,-0.186749062504458,1.31433599406019
2.23119957701088,1.09676647271265,1.86911687882476
0.0715482430625927,-0.256149490219774,-0.595615604801538
-0.298324144373011,0.163165637496553,-0.244935312632986
-1.44961114423839,-0.198703310543268,0.839344158509828
1.11396027077942,0.0053508355078945,-0.78003073894978
-0.264711948812807,-0.550479531949798,3.65161969548815
-2.81548514874495,-3.35972262621206,3.50199383386412
-0.551004062070111,-0.986767285017721,0.425801070118332
-0.446787525464982,-0.33089506101458,1.45162385755137
1.776204424088,-0.347020247095827,0.138536608007695
-0.164121518400178,0.104834887382969,0.374540941337828
-0.923285078015696,-0.291804441244021,-0.199944276818415
0.0586422065218797,-0.455400661161264,0.786145535744376
-0.660517467136136,-0.596080973818421,0.390074118007166
0.599926122742852,-0.179841850381763,0.561695915798018
0.212011728495484,-1.65184622589467,-0.0579428374980392
-0.614125368711652,0.558172480571966,2.02835805646367
-1.22227907076408,0.397443893053454,0.271904378641058
-1.75182532496721,-1.01473840945017,1.76028384776206
-0.0370853187954478,-1.99696209328032,0.757747920873849
2.18047689377807,0.490844783505448,0.945234725124561
0.593438847697487,-1.01726255611888,-0.00713867186854311
-0.847847142456301,0.240243412628635,0.578810636199883
1.62456837600213,1.21144907731255,-0.1740692198666
1.13608721362713,-0.706485327984614,1.19355451341176
0.132015759566545,-0.0491711944053396,-0.305557765905241
-1.31672719402074,-1.00562510807314,0.570488048713147
0.545661793788121,-0.693274425723108,3.43837590409704
0.828562274959963,0.286687346726214,-0.793795365199578
0.843587127571909,-1.3265237589813,-0.454747500089415
0.429237679091016,1.01020595306816,0.163264731571541
-0.0269842236443699,0.352909388082122,0.255128574112699
0.719113900567963,-0.496967179984435,-1.07565898117552
1.08040146680495,-1.65479651105843,-0.0154961167906845
0.900347467762929,-0.372626655430573,0.0423686305836294
-1.21128987200427,-1.02150338559994,1.0057137733444
0.49331813802814,0.667474810887329,0.337786655328092
1.32709399845885,-0.437847372172198,-0.267959902303311
1.05083785434234,-0.403804675393891,-0.571663262913149
0.803892644321657,-1.76089280613189,0.759886796759914
1.48212778336499,-0.774619574512822,-0.470150886303436
0.935874310654929,1.37305887617644,1.42964734508013
0.307985335505766,-1.03741996319714,0.538418481642973
0.429515591252405,-0.681147377151053,-0.428759812610279
2.23394423768144,0.674586211509506,0.581412409351496
-0.306081690460759,-0.351253082347041,0.529683716739493
1.63727560316637,1.13912951309167,1.04481068225226
0.0889252473323221,-2.79477994005585,1.4005893503746
-0.478692848131285,-0.405640141692529,2.17416650838156
0.608002052353759,-0.00305383977283891,0.89192840425416
-0.449574340724693,-2.04687762921797,2.92478236121729
0.336158620763258,-1.18684971287078,0.89316488052562
1.00251251873818,0.610420546734844,0.954940256260599
-0.717730392687709,-0.975332304268784,-0.958900893122778
0.329058252221488,-0.0263858189298266,0.401644368864981
-0.881288721727625,0.428837943489046,-0.970758920117501
1.40595924468529,2.42398805405454,-0.939057438988817
-1.45001764289186,-1.18584543588103,2.61792969499129
0.510003976201276,-0.0554756121556001,-1.36486033500308
-0.0755191781791501,0.503707195565291,-0.292445317435641
0.680006996531797,2.77393956492623,0.106037479010315
1.41309080392083,-0.570108114460686,2.32132671556637
0.364421377873343,2.07868609306774,-0.431736664968644
-0.474671932654619,-0.297944052556066,0.484544063665522
-0.535403106019117,-2.09943107580684,1.12583516739889
-0.309585134630325,-1.94073533086745,1.52584072749611
0.667733027728611,0.824568537443846,-1.86567074242549
-0.097769370315058,-0.0229384356194161,2.30009961757732
1.32879673454114,1.11371203616671,-1.540395400392
0.0691298645718278,-0.848826153921073,1.62181606822121
1.43351340471199,0.957777633174304,-0.815036610207668
0.695214807562709,0.424192925297356,-1.29313070403656
-3.44960973356646,-2.90874764559966,2.68721731871326
-0.865856775112424,-0.94404576743319,1.66816032011039
1.92956040687382,2.32979737138089,-1.42681026607038
0.692769225767075,-0.251598436378677,1.22943581139215
-0.537334205122162,-0.636867550027336,0.775175582353893
1.3592189560434,0.854035509623622,-1.40295457048547
-0.258636572595906,-1.0001617867921,2.74438856879303
-0.887136165288322,1.46412118911852,1.47220217394429
1.10352370064137,2.04123794386103,-1.59251764395551
-0.159060482970032,-1.99972274682702,2.1005887849423
0.497907569952888,-0.609436026773403,2.60491795142089
-0.472232777731319,-1.85987936189852,-0.177124249513072
0.949700276852236,1.00365957097555,0.773283498500124
-1.19195374207726,-2.36274621564465,2.90471750399644
0.651988755462853,0.607205802489578,0.708619357879934
1.09714503791763,0.9702249970055,-0.80690894049229
0.761207087312895,-0.307461026746897,0.603247173735849
1.58455776011097,1.29626327635256,2.5801682356961
0.843139392508928,-0.830142541421774,0.395379253006997
0.0241563725387465,0.396902251395459,1.11673435200902
1.33926598798962,0.646719967377601,-0.167319062224989
0.330760817885074,0.40093921162179,1.27579157415122
0.835248608543323,0.657560398665044,-0.0282597804382392
0.651713820190799,-0.11982224756561,0.0179543991589035
-0.123787191808088,-1.33709646500596,2.48101510960676
-0.564155588103121,-1.3876674571691,0.478859710010527
0.840921321022947,-0.858600652191276,1.07708243055924
-1.63732637949181,0.813795717320767,-0.129133132637917
1.78271182339737,1.4582841982378,0.268059751286271
1.81761253425269,0.929044914967055,0.550062029200708
-0.708044132398494,-0.45462972261048,1.29196720447971
-1.95402018471081,-1.44306763774506,1.3429073453551
1.35422372029971,-0.694213270931678,-0.307651699848224
-2.15103331970335,-0.691129137806034,1.47750293671082
1.01392797687124,0.236591178203652,0.569839045922455
0.237665110312347,-1.11520833320906,2.31593248788346
-0.323985238882288,0.628723083229031,1.49041409401204
-0.64679661879279,-1.56354773100755,0.810205489924699
2.36192644184502,0.790882935966132,-0.396425445242516
0.0079406600650701,-1.00464527496168,2.32070429727202
0.558764922466156,-1.40349099672956,1.16964455042333
0.169273764189362,-1.01868959754696,0.693446391406276
1.54955342036634,2.44149076369787,-1.51409522865416
-0.757344808134623,-0.0921597836305994,0.466131738525637
1.01168957429393,1.24234456952403,0.257737794732573
2.31804659059247,2.5605858549511,-0.563175574338567
-0.517305848434703,-0.10198939247755,0.104905734911078
0.184218356264968,0.0544008074768966,1.51657592999862
-0.301845082995706,-2.22389750269825,0.809470113826833
-0.659203899378825,-0.575824140642583,-0.680054682179201
-0.380702728108106,-0.528030064595944,1.25380333544523
1.79893926635819,2.35339114841559,-0.941322239168569
0.836474988473762,1.58485146113875,-0.729308248935547
1.07717512262088,-0.697638727654718,-1.25182659847767
-0.453506430299145,0.614457854982602,0.316522148341287
-0.0732622153949637,-0.183388793418733,1.22234927773721
0.140270075260209,0.211645766002067,-0.610748329701525
-1.18074364183547,-0.0948251407233089,1.94370023146003
-0.876217353217782,-0.264531035586712,3.22761544666705
0.936601273409573,-0.0340304063872019,0.281893105249933
2.410867387625,1.57493779592368,0.551300173864301
0.777330311355227,1.02040233527402,-0.303329353853476
0.936999077939264,-1.35104348391526,-0.536698654979034
0.139091240299499,-1.34518373640051,-0.0836634171860478
-1.02190804901574,0.0738910036616329,0.0173210914267769
-0.934586275601447,-1.03140879249656,2.22778847888368
0.103499450054194,-1.07788467404865,1.67631988820729
2.38026138190131,1.05472136248572,-0.653406635292318
0.490613918851795,1.836780303555,1.32595974356361
1.24981788253928,1.09720012234814,-1.44459046572148
0.0188243131681607,0.440273700794921,0.184288717914682
1.4141223418267,-1.37723176384168,2.31734152135637
-1.60547619456038,-1.67579931758323,1.19773324384645
1.47806852403308,-0.733390335865883,0.902416230983343
0.927272453346255,0.694025000406492,-0.184159375118045
-0.879198454598545,-0.87165990620177,1.457976364679
0.373035031841437,-0.143456413859717,0.482111558699989
0.661552032251548,0.0460649850725237,1.51754133996674
-0.57255569641485,-1.26001909224585,2.63191756831492
-0.572893736877466,0.442467109304736,0.678472289107971
0.431346198826204,0.298031514341457,1.31707524807691
0.414352108794931,0.836645140157496,-0.839625062678074
1.41679746616204,1.12527824730775,1.80376972135327
-0.0115606195383834,-0.927896432236557,3.60987869507512
-0.343007499167976,0.272401144971292,0.390587404596376
-0.739802888994279,1.64744854857908,0.953076429737317
2.26172877796036,-1.05381310921221,2.35487077802929
0.567160583097003,1.73177160290247,-1.90346211472372
1.65336662353122,-0.102134879712149,0.881554911436573
1.98850141900427,1.78530706831541,-1.04498822347278
0.678662720854629,-1.57439824842746,0.606021331277595
-0.767958884220002,-0.175518498949084,2.12916120602105
-2.64599137577037,-1.39754603804289,1.33779429795361
1.50992687514973,0.658194085573729,-0.272326321280924
0.623700923584073,-0.137704972303358,1.81965545194224
1.14974361755093,0.603624236215716,1.54726400059065
-1.18667044852891,-1.60050358079582,1.76593028045627
1.78224705023852,-0.198509996349607,0.927970318018431
1.65955569098696,2.03109025982654,-1.42488750779777
-0.519228268375242,-0.775103800156863,0.845445329053452
0.264871753550108,-0.965340283887123,1.70207515184264
1.22960163462314,2.53611766933268,-1.89329040981174
1.06068432528808,-1.38999963840248,-0.0578818542207599
-0.363724022090948,-1.5518778540286,1.46656759830148
0.942671569816332,0.413342088148783,0.683925247704995
1.05013126746112,-0.0416351024215533,-0.265483898421165
0.989952391375727,0.595068000845386,-1.18086659621492
0.802345717695748,-0.237190880562649,-0.860587520810267
2.12315983806062,0.912305539475142,-0.544481628451807
0.646689245700951,1.21799568677923,0.472186341226954
-1.39074246481903,-0.221126647294069,1.35847788014461
-0.423038990392146,-1.86159501502725,1.89044398889636
-2.56951600786398,-2.15363346059515,1.12906569754118
-2.77281392599444,-1.56142099457476,1.16902507369333
-0.119498180723658,0.736883805628939,-0.772027327399671
0.360727797410967,0.11479588730263,1.76285117442026
1.89287427563445,0.387566609098212,-0.445826567094493
0.876194477777458,0.279457172474051,-0.00324941392805733
1.03173413619733,1.17607255645434,-1.61105282788455
0.167462435184458,1.03058330148666,-0.33280139762291
-0.124175797110737,-1.18342440414481,3.43134162300416
-1.76062521149106,1.31452934672059,0.493051888589545
0.59506571307324,-1.02020867345994,-1.82987797551042
-1.35117283033095,-1.72175853680208,0.557645156596537
-0.657279082362647,-2.06196308838913,1.22657706205166
1.40134864786183,-0.190988172067443,1.09920432185169
1.31511255549131,0.587440106462297,1.48568523648057
-2.10501879549473,-2.28311204930093,2.06800583461531
0.529441721549847,-0.778639955758465,0.0175597186459816
0.434014540516805,0.871708252729256,-0.114024479287319
0.944376909219051,-0.383114274692568,1.77411239429176
-2.28570629450511,-1.9580354276726,2.28999343611866
-0.461133102250532,-1.01947115597799,1.86212844469218
-0.783364836832657,-0.248323705078192,2.86919662190203
-0.198069436195038,1.46071056341454,-1.03567949354441
-0.55200540710027,0.804106154771032,0.50202010654951
-1.09754211584683,-1.11816338752781,-0.409715197502813
-1.14209767116279,0.177103734563258,1.44453245403444
1.47863498525397,0.909766049043359,0.628462574201918
-0.544665728399108,-1.67245334178762,1.44761559050607
0.708903351528445,0.35834644259237,-0.0826903387230346
1.05446789435697,-1.08112104415804,0.51324045389795
1.65956537238157,1.21074772623231,-1.08063014725712
0.539764654401439,-0.439164751058093,-1.10510398254983
1.13043527952014,-0.595005560778063,-0.672894431580465
0.0183030647946994,-0.219659432122446,-0.448001650447771
0.516535671179166,-0.706825912814297,1.06388272088852
0.166650173868302,0.275151745370438,0.472283245579394
0.00298037995057474,-0.912631193813203,-0.372678747681762
0.89507198185135,-1.75968680695138,0.241722644529647
1.23433599663226,1.34809776838832,-1.29215679356853
1.39872603693812,1.48692840349384,-0.74430531506449
1.96340648177209,1.6893344297371,0.8542822307929
-0.534718712724829,0.824448107727548,-0.132565201591628
-1.25636239518791,-0.855464291781944,0.0366215935787706
2.64131190983554,1.19782487297697,-1.02450435756617
-0.189391900874853,1.35039128244278,0.0225718807722538
1.21174666888088,-0.454620071599942,0.0454390091550836
-0.736081484664773,0.257851758256676,0.632599398404525
1.98182880763477,2.78879904504562,-1.46991173096761
1.34294393782745,1.54330799190623,-0.116697656179437
-0.838764702471293,-0.778128378307298,1.79436850176155
0.241936772384022,-0.851573530533535,0.386464279824051
-0.30839967212879,0.424347606592545,0.222891370118347
-0.969496408030097,0.069401243491567,0.534476123269074
0.427445530268598,-0.810324104322211,1.36461427481072
0.472893011121337,-0.953738690733014,0.668181991592958
1.65718655007795,0.0670487549162013,-0.755956658523072
-0.743839375566282,-0.789701031083117,2.62125082875824
-0.294313781907922,-1.17812889000161,1.13445543976155
-1.4156947336953,-2.50966296732789,2.68889091186655
-1.10607608586248,-0.041046461240789,2.03497813716555
-0.528581384407496,-0.77344741886035,2.40823107831713
0.170573301712466,-1.65516829140197,2.34366743845413
0.628255354706495,0.821590595693155,1.59402634544132
-1.3932655676281,0.495505387231846,0.138249477423285
-0.511242079178361,-1.69727167545653,0.160333586368534
2.37822318429184,2.8024428505625,0.758013053955039
1.50414649745592,1.0770616745853,-0.294262766558228
0.95402655181407,0.480079501766895,-0.527611710480098
-0.167440147085355,0.754216139629603,-0.561936286349789
1.01589060477011,-0.662341024351397,0.627441357894356
-0.0955595346605552,-0.505309649974236,0.0271861844528858
0.423041919615884,0.80666361092355,0.0304802571355676
-0.937548020915225,-1.10615354469509,1.06479484623024
4.47897566337455,3.12677023855908,-1.62627919129828
-0.566781351752732,-1.09869532433567,1.35911411562566
0.08268732543804,-1.14109261277641,0.141646750057383
0.224564935838899,-0.290711132175936,2.07868081440601
1.89038797345262,-1.86598273219898,1.16828526567777
-0.12508400358574,0.220499260983082,0.6413952357525
-1.50447489562565,-0.299511052592423,2.37238726312241
-2.34585815323861,-1.74581162631824,1.8714438755797
-1.46201095734034,-0.423068935796049,0.908334734298708
-0.175852433419033,-0.281408577603767,0.665927600132021
-0.717632717117786,-0.190592201146419,1.47862959372777
0.825868095488332,1.36128724463953,-0.203622623383377
0.714275572438542,0.154347376507935,0.406770639000178
0.0208707478800609,1.53681709885774,0.34572268253091
-1.17897040609224,-2.02518382555333,1.17780703161229
1.66666422498771,1.63093916385824,-0.308772445379266
-0.392814682965109,0.469740897981328,1.29105863637448
-1.61679560658788,-2.50788088692062,1.99459866814632
0.186865379253097,1.61522019108123,0.637576040694287
1.43346984410079,1.45423044008556,0.339796666331773
0.445917691132936,-0.176625765087082,-0.374459034334974
-1.56566343829375,-1.48443368989136,1.02362706359826
-0.375939568586697,-0.23397571584044,-0.582072814357466
-1.54860073443339,-3.24256575455555,1.83910952544768
0.896200325481529,-1.18795146715323,0.260980117565743
-0.0531756243699016,0.215062832022592,0.278409884848219
1.06357553184495,-1.16577677726677,0.194228674451761
1.96665600935449,-0.259150258867044,-0.506721131720915
0.172055147097352,1.18544028746251,-1.66052849258884
-0.470774865700533,-0.766109462526774,-0.437907203893174
0.680424390098616,1.46476833232941,-1.61340669204336
0.817195034258257,-0.220432788649735,1.12368888022146
-0.0512533849835467,0.324912361229351,-0.395126255936166
1.48987235482801,-0.6286538485077,-1.08283910423832
1.65476569832392,-1.52526379419152,-0.297140013769733
-0.807721290571135,0.115579856620882,0.978977532572794
1.13921133831726,0.701386090282833,-0.511792985026787
0.509782557120565,-1.86217233209217,0.578830661013338
0.898731088395835,-0.737606617489773,1.36937773655973
-0.00747818297352013,-0.0937980718519489,1.21291039103475
-1.03491926113167,-1.9517057858993,2.49500430771077
-2.38835909043719,-1.37750280838487,3.24278202744534
1.02801355798343,-0.545023738151035,-0.929384580491515
-0.0626871667520628,-0.19932261243755,-0.452008829201308
0.223918169423887,-1.23280485132991,1.25363348424587
1.64199096240008,-0.0143144984124473,-0.0805724177249641
-0.475023727848261,-1.25510547438902,0.981058108995801
0.436728602544986,-0.632269422924569,0.476852942624924
-1.23097769184018,-1.47513496610505,1.30538249035386
0.622194366723455,0.836013128504915,0.650410516507569
-0.083419177684986,2.85334953105899,-0.518423870297918
-2.13685446739157,-0.784215222997601,1.32128903542539
1.66387296189628,0.847063407709894,-0.769096255615012
0.0933229158062606,1.14390205001327,-0.310373090085233
-1.72148459448608,-1.11514735013293,2.63551562775718
-1.01627355717282,0.0815857990350301,1.25656864344746
-0.349779453691429,-0.847025051145611,1.89462450934459
-1.23012963104933,-0.540945084058064,1.42911801826177
0.0965805796641569,1.12525075154106,-1.54002891366015
1.8173414266947,-0.281880603332021,1.27938488989127
0.718287130181041,0.0392347606136046,-0.0724426055892381
0.157994204078231,0.467897199834408,1.87079959633275
2.14666816654123,0.997412343591662,0.573802597336114
0.663046550158966,0.102027919639687,0.507588538002248
-1.52182817638442,0.412866879314834,1.61643267456278
-0.434284159518948,0.696291316007502,-0.973688232328965
-0.040117685261643,-0.512637270026086,0.454140130925001
-0.71593411742511,-0.600773516759622,0.240882468717479
1.86461155654355,1.10950820600258,0.223456136344827
-1.0837723992387,-0.584302073241738,0.772165450649873
0.110850098657078,0.179493575182827,-0.209088041252859
0.766221375844369,1.25882950692683,0.073910634160945
-0.0146612957847931,1.63705998232279,0.0319274495406671
-0.677891749722362,-1.45457377070341,1.26594696189345
-0.679949657750849,-0.540305070266207,1.32465937415108
-1.80011715608066,-1.87780766167719,2.34094401285327
0.937476541135081,1.16674021773628,0.152536632470017
0.195495958005716,1.52565170908668,0.379749292780774
-0.79251068060138,-0.124866194669194,2.19614982257322
0.454209025453903,1.40047440670266,-1.3251516166299
0.638919353572664,0.617459086122335,-0.796218313763118
0.227200841947891,-1.59750712264576,2.67446337045399
0.139003260425262,-0.857987628983268,3.03508634216834
0.839764825096809,1.8769011636302,-0.339701586476837
0.489559460551221,0.0993178660405625,0.891889163659459
1.22048431109289,-0.501805563136159,0.778214771787555
0.512085951500319,2.12317762195294,0.91410903927788
-0.447541935258472,-2.46115618278408,1.10971892088047
-1.13144809515779,-0.717319373091915,-0.844953153834507
0.760361010403086,-0.822844342262204,0.349397296853492
0.0357666465863827,-0.0147420739633336,1.76175850075008
-1.30014252180738,0.178757107654233,0.111391695043437
0.4800601550183,1.25431300279675,1.53103425244856
1.3506090121994,-0.215300668732866,-0.187376119191012
0.542035473692427,1.1803910071754,-0.725101590699854
0.27845840279266,-0.8800111299684,0.11151755860411
3.1688443428041,1.24363800420745,0.465006174053194
0.575980294729642,0.6463325735167,-1.58412253944389
-0.354351536447448,0.461021324177739,1.95037355649944
1.11695708168069,0.597381574340283,0.338321549123009
0.458829489847784,0.974810478048717,-1.18864415074956
-3.09620985438848,-1.24546142660161,1.75719224694245
0.558858439857645,0.0656461361747599,1.44571155964843
0.674816962996441,-1.76259518483574,1.48166095285305
-0.989049105930124,-0.582748176043948,1.36230438240013
2.44945509349247,0.260845507000147,-1.04954259128174
0.830319707187336,0.731954035280452,-0.225350725338412
-0.272643058763356,-1.79254751674339,2.47074231376856
-0.866599787902782,-0.0152552268955315,1.39283067987717
-0.964711618585637,-0.0851805039133998,1.86565182327911
0.902311670455644,0.871672049247028,0.0959587809391033
-0.291825275765348,-0.418374275785063,-0.499472734601552
1.44162211868934,-0.213530068714657,-1.31511733504308
-1.96395850909717,-1.72737651880378,2.54415750874239
-1.18966825002589,0.383530352011286,0.348715371989814
-1.42790306385327,-0.853285468725285,1.88424987205745
-0.723302630232801,1.30017938523024,1.20136673946723
1.09266912635465,0.634735587405677,2.27933122720161
-0.909068372935572,-1.80424207238947,1.13243757965778
-0.940424479047738,-2.85769271193106,0.782054417825244
1.22060111279829,2.02003293921315,0.13700917100663
-0.982437500369328,0.280299354294015,0.0297344586747461
0.176274822958236,-0.142043590485518,-0.599458319350818
-1.26701984913502,0.350574195814001,-0.0452015377382108
-0.309596747524224,-0.283601186510114,-0.144665306214138
0.845815533904764,0.898040362521686,-0.00386528759056419
0.179010304871286,0.196821257098575,1.03326543954935
2.45268214039278,1.63957999697185,0.0319179354424846
0.187596893826207,0.95072133095836,0.408130829351826
0.186582534893845,0.332459355893647,0.123660521405097
0.316597258853599,1.37173844781852,0.00967877164035441
-0.0734265324618084,0.708854440605382,1.07101980144692
-1.10041312033581,-0.755668090126641,1.20952592904748
-3.01080428521325,-0.38562951606147,1.646668506102
0.351344161923311,0.0297417718315672,0.011729652155731
1.71624100772998,0.426372119137349,0.839028471516685
-0.969641159783683,0.246220714366579,0.354823794935927
-0.459058468836248,1.2070216867342,-0.626429964762584
0.927821448121409,0.364471647531659,0.387776064751637
0.07211770363009,-1.41337706171654,1.36786283276585
-1.69293259311128,-0.474332101513657,2.54882737278683
0.237705412694864,1.04808787362795,1.72011206571294
-1.31717081154204,0.0959941458119516,0.923036815450933
1.26661656124796,1.05549923956576,-1.19783571667984
-0.560175983056033,-0.310047123555807,1.92535774877154
1.84494719397385,1.46109462724177,-1.13886795258931
0.749405885210107,-0.924012366208309,1.1811997422615
-1.04519898043535,-1.06341331963352,0.524861856576688
0.322397871920914,-1.42326154581498,1.65293423407935
1.95342694234592,0.47252766031934,-0.901914917124545
0.861839125238289,0.0897209895708132,0.54706859670113
0.235587416494724,0.930120442496728,0.495203797682057
1.30231695681103,-1.26031322100986,1.05880603372341
0.444896933778615,1.38063720521635,-0.0342112853910502
1.58774209617696,2.30680460240201,-1.29550133292765
0.749613769986472,1.90725623716249,0.615820973594388
1.53737606845814,-1.9184259440076,-0.0966056347420009
0.593570662143644,1.74469812601907,-0.764328545002871
0.770670333270619,-0.0133257237233939,0.802232686110533
-0.129878512147552,-1.81296669496835,0.893889617400078
0.859609322084942,-0.0780450505408269,-0.234390141650657
-0.10502044629647,-0.450138466559167,0.326367681110026
0.446122561058352,2.27664146256539,-0.502816902323829
-0.652651436717636,0.639885528507152,0.139722391791143
-0.89240782563374,-2.54085232173267,0.623289858941322
1.36941243710903,0.172685622600364,1.34205133484724
0.652924840103757,-0.443762264869866,-0.210416082400823
1.20834273707205,0.523801045107264,0.693061000005765
1.17066702194603,-1.09653569040926,0.182874856955058
-0.541125138076138,-1.44417021567864,1.22552947733258
0.744582157356104,1.01769878277349,-0.489765079542833
-0.311849395690263,-0.939698052988865,0.381967627265218
0.467896791082338,0.107519636585367,0.336634759315815
0.709823388682915,-0.729118429667837,-0.753106054599033
-0.311835260276427,0.838097202945036,1.43985555440237
2.13404352806569,1.12838063522247,0.409354901129085
-0.836864837171485,0.327250477992115,0.857567783231829
0.817210470219589,1.08774062164598,0.950871100091061
-1.05613403486313,-2.74855616146336,1.36057661787484
1.5513586508333,-1.04620050208001,0.871717645928163
-2.41860362047151,-0.159578408476507,3.01022667278556
-0.972886818832991,-1.19751112251106,1.1680652984987
0.94115008269003,-0.992865108600109,2.28572608275296
1.29594964435877,1.30273497207494,-0.211333890538218
-0.692180971633311,-3.63773481669095,3.52588073417597
1.9583468761728,0.872771139656621,-0.279094981698693
-0.967724956321243,-2.3156257546796,3.33881900044454
0.284710202528327,2.14738512073887,-0.494678229011208
-0.408325848383632,-0.694506898937596,1.06864725418005
0.590166537567176,0.0878531539639075,-0.310269919671635
0.0978241025003015,0.493052337155219,1.28480915066713
-1.90364461601488,-1.52038804819637,3.51386914721429
1.8131963903519,-0.099857640988903,-0.189969009653953
-0.396474378909958,-2.44490268416021,0.806224382506607
1.33822231091327,1.83861940595398,-0.63554873362261
0.866264764539758,-0.192216498836121,0.866159905546631
-0.314939085305257,-1.16812667264989,2.95760600007807
-0.417373189787513,-2.45096449061039,1.38255492986103
-1.74595454900247,-1.90810989473161,2.35584539329765
0.326671925950674,1.27644897106426,-1.16471520883376
1.22639660760573,-0.0452896841664746,0.79563262880421
-1.03991306706062,-2.54606023173656,1.39176198875944
1.13172161448249,0.544498999522247,-1.27927736558677
0.13893610510556,1.30039011193734,0.898720991657639
0.978353306465908,1.91453311155477,0.403316562784031
1.88383152387312,-0.766541008305228,0.840080493012122
-2.19661694656152,-0.445047899762063,1.88122079308259
-0.22130901585509,0.734735302830885,0.608972586848869
1.04159874641776,-0.196267498271514,0.596592138904136
0.443682787009579,0.000919976266447686,0.0925437300561325
0.562782202560436,0.540150281856146,-0.364820661248897
-1.2290523919154,-0.311688353501975,0.165977676906317
-1.36048961525374,-3.14836158019629,1.32764988149632
-0.225255096914031,-0.553577592493554,1.55916581673196
2.10504408969356,0.638362958114782,-1.50283590609683
1.92974140179407,0.668822666978528,-1.80333849146425
-0.853189687548742,-0.442027521800319,1.3563465091439
0.647817565129424,-0.373075831420317,1.17278856363423
1.70096767544373,2.24169287903622,-1.36850457446674
0.211568623179049,0.562653847374261,0.942189655710043
-0.286318467681733,0.165057599725834,-0.679072621964791
2.23508444647345,1.18614873293266,-0.465579460131474
0.944241705948107,-0.736599196809639,2.21619090069207
-0.721102816735299,-2.27462235257178,1.91662341154772
-0.078416374430732,-0.728359860457122,0.4543405822047
1.93894092912395,-0.243278979132527,-0.0701359916987205
-0.5201813895611,-1.38344599203323,1.49853665827922
1.43270121251279,-0.304718942583061,0.253000499844148
-1.88524896981476,-3.47022612031336,2.06691755660657
1.44217146593919,1.19482469831563,-1.02732142551405
0.89263655775072,-2.00999851093157,0.546806746093634
-0.801602810372289,-2.81220076043448,1.52964735073622
-0.430758802296064,-2.20427629593139,1.54218706178155
0.113244530563776,0.978195150135168,0.921269639987217
-0.638356121127393,-0.420644055353805,2.37442650957137
1.14413981264818,1.44615957771476,-0.234498064634148
0.478001497695193,0.458583500944078,-2.04266130766391
0.0354871657180147,-0.875659125422627,1.10417266846486
3.10561515086417,2.58992212731468,-2.02927213266832
1.20059641559157,-0.0625656107508162,-0.215774483104209
-0.334750115044145,-0.582467899365504,2.1580010693501
1.34940537758493,0.268969759932173,1.02727123422992
0.174600386508114,1.85689491870722,1.20955165372367
0.737110290636723,-0.761415349545567,1.69167799823541
-0.0725046311453093,0.543718737307904,-0.157579957046529
0.252025575155631,-0.747613061880994,2.45894628910431
0.196220649098337,-0.278112484799004,0.465767596281703
1.21023393780586,0.83435079892761,0.784120346485847
-1.02484620966714,-0.273813009837022,0.994344263608978
1.3061690299023,0.561756016886343,1.04444000302461
-0.513654089316237,0.247140260922491,-1.33133888132713
-1.05260831065142,-0.967994994102734,1.93940663651768
-0.440777277673384,-0.756407596419502,2.1921679388399
